id,date,date_precision,title,province,city,district,urban_rural,scene,method,category,classification_reason,deaths,injured,serious_injuries,attacker_deaths,attacker_injured,casualty_asof,casualty_note,involves_children,victim_relation,age,sex,occupation,motive_summary,motive_tags,motive_basis,mental_health,prior_violence,warning_signals,intervention,outcome,judgment_date,execution_date,last_source_date,evidence_level,source_ids,field_sources,notes,injured_reported,injured_lower_bound,deaths_lower_bound,series_id,additional_collision_injured,response_injured,event_total_injured_reported,motive_attribution,date_time,continuous_attack,official_occurrence,official_classification,classification_evidence,motive_themes,year,quarter,category_label,official,same_period,motive_known,deaths_min,injured_min,classification_evidence_basis
A043,2018-03-20,day,厦门王某定向袭击前女友及其姐姐（排除）,福建,厦门,,,社区住宅,持械,excluded,预先选择前女友和其孪生姐姐报复，非现场随机选择；即使法院称被害人无辜，也不等于对象不特定。,1,1,,,,2020-04-17,,,前女友及其孪生姐姐,,男,,分手后预谋报复。,"[""感情纠纷""]",法院认定,,,,,一审死刑。,2020-04-10,,2020-04-17,官方转载,"[""AS029""]","{""date"": [""AS029""], ""location"": [""AS029""], ""casualties"": [""AS029""], ""classification"": [""AS029""], ""motive"": [""AS029""], ""outcome"": [""AS029""]}",,,,,,,,,,,,True,False,媒体调查／研究推断,"[""婚姻／家庭／感情问题""]",2018,2018-Q1,排除,False,True,True,1,1,
A002,2018-04-16,day,南宁昆仑大道大乌村路口袭击,广西,南宁,兴宁,,街道交通,持械,pending,警方证实事件和伤亡；无故袭击路过母婴的依据为广西新闻频道一次现场调查，两转载不作独立多源，待补裁判或第二独立报道。,1,3,,,,2018-04-17,,True,报道为路过母婴和两名劝阻群众,,男,,,[],未知,,,,群众阻止；当日16时警方已控制嫌疑人。,被控制；未找到判决。,,,2018-04-17,单一媒体,"[""AS002"", ""AS003""]","{""date"": [""AS002"", ""AS003""], ""location"": [""AS002"", ""AS003""], ""casualties"": [""AS002"", ""AS003""], ""classification"": [""AS002"", ""AS003""], ""motive"": [], ""outcome"": [""AS002"", ""AS003""]}",未将目击者估计年龄和初步精神异常推测当作确证。,,,,,,,,,,,False,False,媒体调查／研究推断,[],2018,2018-Q2,待核实,False,True,False,1,3,
A005,2018-05-13,day,成都盐市口车辆冲撞,四川,成都,,,街道交通,驾车,pending,已证实冲撞及涉嫌危害公共安全，但通报未明确主动以无关行人为攻击目标，不仅凭罪名纳入。,0,3,,,,2018-05-14,3名伤者在通报时伤情稳定。,,参与阻止的群众、辅警、交通劝导员,62,男,,,[],未知,,,,,被采取刑事强制措施；未检出裁判。,,,2018-05-14,官方转载,"[""AS007""]","{""date"": [""AS007""], ""location"": [""AS007""], ""casualties"": [""AS007""], ""classification"": [""AS007""], ""motive"": [], ""outcome"": [""AS007""]}",,,,,,,,,,,,True,False,媒体调查／研究推断,[],2018,2018-Q2,待核实,False,True,False,0,3,
A045,2018-07-05,day,隆回南松村持刀伤人,湖南,邵阳,隆回,,社区住宅,持械,pending,官方通报多人伤亡但未明确动机及被害人与嫌疑人关系，不能仅以有儿童受害认定随机。,1,6,,,,2018-07-05,通报7名被砍者中1名死亡，因此幸存受伤6人；不将7伤再加1死。,True,,40,男,,,[],未知,,警方通报有故意伤害前科。,,,逃离后被抓获。,,,2018-07-05,官方转载,"[""AS049""]","{""date"": [""AS049""], ""location"": [""AS049""], ""casualties"": [""AS049""], ""classification"": [""AS049""], ""motive"": [], ""outcome"": [""AS049""]}",,,,,,,,,,,,True,False,媒体调查／研究推断,[],2018,2018-Q3,待核实,False,True,False,1,6,
A014,2018-10-28,day,重庆万州公交车坠江（排除）,重庆,重庆,万州,,公共交通,驾车,excluded,官方查明由司机与乘客争执互殴导致车辆失控，缺少主动以无关乘客为攻击目标的证据。,,,,,,2018-11-02,通报明确15名驾乘人员、打捞13名遗体；与随机袭击统计隔离，不把失联直接转换为精确死亡。,,司机与争执乘客、其他乘客,,,,坐过站后的争执与互殴。,"[""乘车纠纷""]",警方初步通报,,,,,双方均涉嫌危害公共安全；官方调查原因已公布。,,,2018-11-02,官方转载,"[""AS017""]","{""date"": [""AS017""], ""location"": [""AS017""], ""casualties"": [""AS017""], ""classification"": [""AS017""], ""motive"": [""AS017""], ""outcome"": [""AS017""]}",,,,13,,,,,,,,True,False,媒体调查／研究推断,"[""其他已披露背景""]",2018,2018-Q4,排除,False,False,True,13,0,
A019,2019-01-14,day,东莞虎门怀德社区持刀伤人,广东,东莞,虎门镇,,街道交通,持械,pending,警方确认发生，但本轮可靠资料未明确受害者与嫌疑人关系及选择目标方式。,1,8,,,,2019-01-15,2人伤情较重、6人较轻为初报临床描述。,,,,男,,,[],未知,,,,,被抓获；具体原因在调查。,,,2019-01-15,官方转载,"[""AS022""]","{""date"": [""AS022""], ""location"": [""AS022""], ""casualties"": [""AS022""], ""classification"": [""AS022""], ""motive"": [], ""outcome"": [""AS022""]}",不因排除涉恐或多人受害自动认定随机。,,,,,,,,,,,True,False,媒体调查／研究推断,[],2019,2019-Q1,待核实,False,True,False,1,8,
A046,2019-02-05,day,会宁多户村民住宅伤人,甘肃,白银,会宁,,社区住宅,持械,pending,警方初报指婚姻猜疑下定向进入村民家报复；是否涉及无关对象未充分披露，不按多人伤亡认定随机，也不武断将全案排除。,8,7,,,,2019-02-08,,True,村民家庭，多户具体关系未完全核实,,男,,警方转述供述：怀疑妻子与他人存在不正当关系而报复。,"[""婚姻纠纷""]",警方初步通报,,,,,当日被抓获；未取得裁判。,,,2019-02-08,官方转载,"[""AS050""]","{""date"": [""AS050""], ""location"": [""AS050""], ""casualties"": [""AS050""], ""classification"": [""AS050""], ""motive"": [""AS050""], ""outcome"": [""AS050""]}",媒体转述的邻里纠纷、家暴、纵火需裁判佐证；不将其直接扩展为已查明案情。,,,,,,,,,,,True,False,媒体调查／研究推断,"[""其他已披露背景""]",2019,2019-Q1,待核实,False,True,True,8,7,
A021,2019-02-21,day,吉安韶山西路学校周边持刀伤人,江西,吉安,吉州,,校园及周边,持械,pending,警方确认事件及11伤；无关路人、随机选择方式主要见媒体叙述，尚未检出明确官方性质认定或两家独立原始调查。,0,11,,,,2019-02-21,,True,学生、辅警及路人，关系细节未披露,33,男,,,[],未知,警方转述家属称有精神病治疗史，未见司法鉴定。,,,执勤民警和群众迅速控制。,被控制；后续司法处置未核实。,,,2019-02-21,官方转载,"[""AS024"", ""AS025""]","{""date"": [""AS024"", ""AS025""], ""location"": [""AS024"", ""AS025""], ""casualties"": [""AS024"", ""AS025""], ""classification"": [""AS024"", ""AS025""], ""motive"": [], ""outcome"": [""AS024"", ""AS025""]}",,,,,,,,,,,,True,False,媒体调查／研究推断,[],2019,2019-Q1,待核实,False,True,False,0,11,
A047,2019-02-26,day,平顶山财经学校同学纠纷伤人（排除）,河南,平顶山,,,校园及周边,持械,excluded,警方及采访表明系与特定同学的既有矛盾，未见扩大到无关学生证据。,1,3,,,,2019-03-01,,,有既往矛盾的同班同学,,男,学生,同学间矛盾。,"[""同学纠纷""]",警方初步通报,,,,,被抓获。,,,2019-03-01,官方转载,"[""AS051""]","{""date"": [""AS051""], ""location"": [""AS051""], ""casualties"": [""AS051""], ""classification"": [""AS051""], ""motive"": [""AS051""], ""outcome"": [""AS051""]}",,,,,,,,,,,,True,False,媒体调查／研究推断,"[""其他已披露背景""]",2019,2019-Q1,排除,False,True,True,1,3,
A022,2019-03-14,day,唐山丰润光华道小学周边伤害学生,河北,唐山,丰润,,校园及周边,持械,pending,本轮仅获取媒体对通报的转述及网传人数，随机性和完整伤亡需再核，不把17人作为确数。,,,,,,2019-03-14,,True,,54,男,,,[],未知,,,,,报道引述警方称嫌疑人已控制。,,,2019-03-14,单一媒体,"[""AS026""]","{""date"": [""AS026""], ""location"": [""AS026""], ""casualties"": [""AS026""], ""classification"": [""AS026""], ""motive"": [], ""outcome"": [""AS026""]}",12月开庭存在二手汇编线索，尚未取得原法院公告，未记录判决。,受伤学生人数未由已核对官方材料明确；网传17人不采入精确字段。,,,,,,,,,,False,False,媒体调查／研究推断,[],2019,2019-Q1,待核实,False,True,False,0,0,
A044,2019-05-16,day,深圳驾驶人癫痫发作车辆失控（排除）,广东,深圳,南山,,街道交通,驾车,excluded,法院明确疾病发作导致失控，虽罪名为危害公共安全且属间接故意，仍无主动随机攻击意图。,3,8,1,,,2019-12-24,1重伤5轻伤2轻微伤，法院精确8伤。,,,,男,,,[],未知,确诊癫痫，属于神经系统疾病，不能作精神疾病动机。,,既往确诊及交通意外后仍驾驶。,,有期徒刑13年。,2019-12-23,,2019-12-24,官方转载,"[""AS048""]","{""date"": [""AS048""], ""location"": [""AS048""], ""casualties"": [""AS048""], ""classification"": [""AS048""], ""motive"": [], ""outcome"": [""AS048""]}",,,,,,,,,,,,True,False,媒体调查／研究推断,[],2019,2019-Q2,排除,False,True,False,3,8,
A048,2019-06-21,day,天门华泰中学早自习持刀伤人,湖北,天门,,,校园及周边,持械,pending,同班多人被伤且有劝阻者受伤，但未披露初始关系、纠纷或目标选择，随机性不明。,0,8,,,,2019-06-21,2人在ICU是临床观察，不自动记为2名司法重伤。,True,同班学生，含劝阻者,16,男,学生,,[],未知,教师称正在进行精神鉴定；结果未知，不记为确诊。,,,警方与学校工作人员当场制服。,被控制，后续司法结果未知。,,,2019-06-21,官方转载,"[""AS052""]","{""date"": [""AS052""], ""location"": [""AS052""], ""casualties"": [""AS052""], ""classification"": [""AS052""], ""motive"": [], ""outcome"": [""AS052""]}",,,,,,,,,,,,True,False,媒体调查／研究推断,[],2019,2019-Q2,待核实,False,True,False,0,8,
A030,2019-12-06,day,北京马家堡被盗车辆冲撞,北京,北京,丰台,,街道交通,驾车,pending,通报确认盗车及沿途碰撞，未明确撞人故意还是逃离中的肇事，随机主动袭击证据不足。,2,7,,,,2019-12-06,,,,57,男,,,[],未知,,,,,被警方拦截控制；未检出裁判。,,,2019-12-06,官方转载,"[""AS034""]","{""date"": [""AS034""], ""location"": [""AS034""], ""casualties"": [""AS034""], ""classification"": [""AS034""], ""motive"": [], ""outcome"": [""AS034""]}",,,,,,,,,,,,True,False,媒体调查／研究推断,[],2019,2019-Q4,待核实,False,False,False,2,7,
A031,2019-12-15,day,上海静安持刀警情与警方开枪处置,上海,上海,静安,,街道交通,持械,pending,有持刀逼近他人的报道，但2名路人伤情来自警方枪弹；不能把此数作为嫌疑人随机砍伤人数。,0,,,,1,2019-12-25,枪伤处置受害者独列response_injured=2，injured留空；不得计作2名刀伤。,,,,男,,,[],未知,,,邻居称当日下午持物比划并报警；属于报道中的目击陈述。,民警劝阻后开枪制服。,持刀者和两名路人送医；其中一路人仍在ICU。,,,2019-12-25,单一媒体,"[""AS035""]","{""date"": [""AS035""], ""location"": [""AS035""], ""casualties"": [""AS035""], ""classification"": [""AS035""], ""motive"": [], ""outcome"": [""AS035""]}",部分汇编案发日写12月19日，本调查报道明确12月15日。,2名路人为警方枪弹所伤；直接遭刀伤人数未获证实。,,,,,2,,,,,False,False,媒体调查／研究推断,[],2019,2019-Q4,待核实,False,False,False,0,0,
A035,2020-06-04,day,仙游枫亭镇和平村超市外持刀伤人,福建,莆田,仙游,,街道交通,持械,pending,警方证实3死7伤；无差别行为主要来自一组红星新闻目击者采访，尚缺官方关系认定或第二独立调查。,3,7,,,,2020-06-05,,,媒体称附近路人，官方未详述,35,男,,,[],未知,,,,,案发当夜被抓获，未检出判决。,,,2020-06-05,单一媒体,"[""AS039""]","{""date"": [""AS039""], ""location"": [""AS039""], ""casualties"": [""AS039""], ""classification"": [""AS039""], ""motive"": [], ""outcome"": [""AS039""]}",,,,,,,,,,,,False,False,媒体调查／研究推断,[],2020,2020-Q2,待核实,False,True,False,3,7,
A036,2020-06-17,day,上海徐汇建国西路持刀伤害路人,上海,上海,徐汇,,街道交通,复合,pending,持刀/徒手主动伤害7人已有警方确认；女友与路人同时受害，但原始目标、起因及攻击顺序未明，尚不能区分核心不特定袭击与特定纠纷扩大。原有碰撞3伤故意性另待核。,0,7,,,,2020-06-18,主动持刀/拳击阶段7伤；另3名交通碰撞伤者，其故意性未查明，不并入injured；全事件送医10人。,,同行女友及6名无关路人,39,男,,,[],未知,家属称近期出现异常言行，仅为家属描述，未见司法鉴定。,,,,被警方控制，排除酒驾毒驾；未检出裁判。,,,2020-06-18,官方转载,"[""AS040""]","{""date"": [""AS040""], ""location"": [""AS040""], ""casualties"": [""AS040""], ""classification"": [""AS040""], ""motive"": [], ""outcome"": [""AS040""]}",,,,,,3,,10,,,,True,False,官方确认主动伤害与受害者结构；核心/扩展边界待核，未凭未发现私人纠纷推定随机。,[],2020,2020-Q2,待核实,False,True,False,0,7,
A041,2020-09-21,day,广州番禺钟村骏兴路持刀伤人,广东,广州,番禺,,街道交通,持械,pending,通报确认事件和伤亡，但未明确受害人关系及选择目标方式，随机性留待补核。,2,3,,1,,2020-09-21,受害人2死3伤，嫌疑人死亡单列；不把5名最初受伤者与2名死亡重复相加。,,,47,男,,,[],未知,警方称长期有抑郁病征，未披露司法鉴定或具体诊断。,,,现场安保制服，增援警方控制，送医。,嫌疑人自残后抢救无效死亡。,,,2020-09-21,官方转载,"[""AS046""]","{""date"": [""AS046""], ""location"": [""AS046""], ""casualties"": [""AS046""], ""classification"": [""AS046""], ""motive"": [], ""outcome"": [""AS046""]}",,,,,,,,,,,,True,False,媒体调查／研究推断,[],2020,2020-Q3,待核实,False,False,False,2,3,
B05,2021-01-22,day,昆明云南师大实验中学门口持刀及劫持案,云南,昆明,五华区,城市,校园及周边,持械,pending,警方证实校门口连续伤人及劫持学生，但本轮可靠正文未披露受害者与嫌疑人关系或随机选择的明确事实。,1,7,,1,,2021-01-23,采用警方1死7伤口径；未采信未经后续通报或双独立采集核实的更高死亡数字。,True,学生及校门口人员；具体关系未明。,56,男,,,[],未知,,,,警方谈判疏导并调集特警，18时40分许击毙嫌疑人、解救人质。,嫌疑人被警方现场击毙。,,,2021-01-23,官方转载,"[""BS06""]","{""date"": [""BS06""], ""location"": [""BS06""], ""casualties"": [""BS06""], ""classification"": [""BS06""], ""motive"": [""BS06""], ""outcome"": [""BS06""]}",,,,,,,,,,,,True,False,媒体调查／研究推断,[],2021,2021-Q1,待核实,False,True,False,1,7,
B50,2021-03-22,day,广州番禺明经村建筑内爆炸案,广东,广州,番禺区,村庄,机关单位,爆炸,pending,官方确认人为引燃爆炸，但被害人与嫌疑人关系不明；媒体称村委会及土地纠纷，不足据此判断随机或定向。,4,5,,1,,2021-03-22,警方5死含嫌疑人，受害者死亡应为4人。,,,59,男,,,[],未知,,,,公安、消防及医疗救援。,嫌疑人现场死亡，案件调查中。,,,2021-03-26,官方转载,"[""BS55"", ""BS58""]","{""date"": [""BS55""], ""location"": [""BS55"", ""BS58""], ""casualties"": [""BS55""], ""classification"": [""BS55""], ""motive"": [], ""outcome"": [""BS55""]}",官方只称建筑内；村委会场景按多家媒体一致报道归类，具体动机留空。,,,,,,,,,,,True,False,媒体调查／研究推断,[],2021,2021-Q1,待核实,False,True,False,4,5,
B13,2021-04-17,day,成都华阳伏龙小区持刀伤人案,四川,成都,天府新区,城市,社区住宅,持械,pending,警方确认母子争吵后伤害他人，但未交代4名伤者与嫌疑人关系，不能据人数认定随机。,0,4,,,,2021-04-18,4名伤者均暂无生命危险。,,,31,男,,警方称先与母亲因生活琐事争吵。,"[""家庭争执""]",警方初步通报,,,,警方现场抓获。,进一步调查中。,,,2021-04-18,官方转载,"[""BS14""]","{""date"": [""BS14""], ""location"": [""BS14""], ""casualties"": [""BS14""], ""classification"": [""BS14""], ""motive"": [""BS14""], ""outcome"": [""BS14""]}",,,,,,,,,,,,True,False,媒体调查／研究推断,"[""其他已披露背景""]",2021,2021-Q2,待核实,False,True,True,0,4,
B06,2021-04-28,day,广西北流新丰镇幼儿园持刀伤人案,广西,玉林,北流市,镇区,校园及周边,持械,pending,幼儿园师生遭袭已获官方证实；公开通报未交代具体对象选择及嫌疑人与园方关系，严格口径暂不直接认定随机。,2,16,,,,2021-04-30,,True,幼儿园师生，关系未明。,,男,,,[],未知,警方通报司法鉴定机构初步认定精神分裂症；未检出最终刑事责任能力结论。,,,当场抓获；救治伤者，公安与教育部门开展校园安全隐患排查。,截至所见通报在侦办中；未检出可核验后续裁判。,,,2021-04-30,官方转载,"[""BS05""]","{""date"": [""BS05""], ""location"": [""BS05""], ""casualties"": [""BS05""], ""classification"": [""BS05""], ""motive"": [""BS05""], ""outcome"": [""BS05""]}",,,,,,,,,,,,True,False,媒体调查／研究推断,[],2021,2021-Q2,待核实,False,True,False,2,16,
B09,2021-05-24,day,任丘华北油田采一中学伤人事件,河北,沧州,任丘市,,校园及周边,持械,pending,教育部门及医院向记者确认事件和学生受伤；未公开行凶对象关系、人数及动机，不能据网络汇编定为随机。,,,,,,,,True,,,,,,[],未知,,,,,媒体称警方已处置；细节待核。,,,2021-05-24,单一媒体,"[""BS09""]","{""date"": [""BS09""], ""location"": [""BS09""], ""casualties"": [""BS09""], ""classification"": [""BS09""], ""motive"": [""BS09""], ""outcome"": [""BS09""]}",,,,,,,,,,,,False,False,媒体调查／研究推断,[],2021,2021-Q2,待核实,False,True,False,0,0,
B08,2021-05-28,day,郴州白露塘地下通道学生遇袭案,湖南,郴州,苏仙区,镇区,校园及周边,持械,pending,单一独立媒体采访确认学生遇袭，未检出官方完整通报或第二独立采集资料，随机性与最终伤亡未充分核实。,,,,,,2021-05-28,生活报称5名学生受袭，医院受访人员称至少1死；报道同时称伤亡不明，故不填写精确最终死伤。,True,返校学生；与嫌疑人关系不明。,,男,媒体采访商户称在当地务工，未官方证实。,,[],未知,商户说法不一致，未见专业鉴定，不据此认定。,,,,媒体称已被警方控制；未检出后续通报。,,,2021-05-28,单一媒体,"[""BS08""]","{""date"": [""BS08""], ""location"": [""BS08""], ""casualties"": [""BS08""], ""classification"": [""BS08""], ""motive"": [""BS08""], ""outcome"": [""BS08""]}",,,,,,,,,,,,False,False,媒体调查／研究推断,[],2021,2021-Q2,待核实,False,True,False,0,0,
B14,2021-07-15,day,东莞清溪镇持刀伤人案,广东,东莞,清溪镇,镇区,街道交通,持械,pending,通报未披露选择受害者方式、关系和起因。,,6,,,,2021-07-15,,,,31,男,无业,,[],未知,,,,民警到场抓获。,已抓获。,,,2021-07-15,官方转载,"[""BS15""]","{""date"": [""BS15""], ""location"": [""BS15""], ""casualties"": [""BS15""], ""classification"": [""BS15""], ""motive"": [], ""outcome"": [""BS15""]}",,,,,,,,,,,,True,False,媒体调查／研究推断,[],2021,2021-Q3,待核实,False,True,False,0,6,
B15,2021-08-16,day,甘肃临洮洮阳镇未成年女孩遭袭案,甘肃,定西,临洮县,镇区,社区住宅,持械,pending,已证实刑案及伤亡，受害者为出门女孩；未查明双方是否相识或特定纠纷，保守待核。,2,1,,,,2021-08-18,,True,,,男,洮阳镇政府工作人员（财新采访确认）,,[],未知,镇政府人士向财新称患抑郁症；不是司法鉴定。,,,警方抓获刑拘。,侦办中；未检出公开后续判决。,,,2021-08-18,官方转载,"[""BS16"", ""BS17""]","{""date"": [""BS16"", ""BS17""], ""location"": [""BS16"", ""BS17""], ""casualties"": [""BS16"", ""BS17""], ""classification"": [""BS16"", ""BS17""], ""motive"": [], ""outcome"": [""BS16"", ""BS17""]}",,,,,,,,,,,,True,False,媒体调查／研究推断,[],2021,2021-Q3,待核实,False,True,False,2,1,
B16,2021-08-28,day,广州番禺清河中路持刀伤人案,广东,广州,番禺区,城市,街道交通,持械,pending,官方确认伤人，未披露目标关系，随机性不足。,,3,,,1,2021-08-29,,,,43,男,,,[],未知,,,,警方开枪击伤嫌疑人并控制。,侦办中。,,,2021-08-29,官方转载,"[""BS18""]","{""date"": [""BS18""], ""location"": [""BS18""], ""casualties"": [""BS18""], ""classification"": [""BS18""], ""motive"": [], ""outcome"": [""BS18""]}",部分汇编将此案误标2019年；按当年警方通报纠正为2021年。,,,,,,,,,,,True,False,媒体调查／研究推断,[],2021,2021-Q3,待核实,False,True,False,0,3,
B48,2021-12-29,day,长沙望城企业工友持刀伤害案,湖南,长沙,望城区,城市,其他,持械,excluded,警方明确系与工友争执后刺伤工友，未发现攻击无关人的证据，按定向工作纠纷排除。,3,2,,,,2021-12-29,两人伤势较重但无生命危险，不直接填司法重伤2人。,,工友,23,男,企业员工,警方称因与工友琐事争执心生怨恨。,"[""工作冲突""]",警方初步通报,,,,民警现场控制。,侦办中。,,,2021-12-29,官方转载,"[""BS51""]","{""date"": [""BS51""], ""location"": [""BS51""], ""casualties"": [""BS51""], ""classification"": [""BS51""], ""motive"": [""BS51""], ""outcome"": [""BS51""]}",,,,,,,,,,,,True,False,媒体调查／研究推断,"[""经济／工作／财产纠纷""]",2021,2021-Q4,排除,False,False,True,3,2,
B18,2022-02-12,day,沈阳232路公交爆炸事件,辽宁,沈阳,皇姑区,城市,公共交通,爆炸,pending,爆炸原因未公开核实，不能确认犯罪或故意袭击。,1,42,2,,,2022-02-12,警方初报1死2重伤40轻伤。,,,,,,,[],未知,,,,应急救援、伤者送医。,原因调查中。,,,2022-02-12,官方转载,"[""BS20""]","{""date"": [""BS20""], ""location"": [""BS20""], ""casualties"": [""BS20""], ""classification"": [""BS20""], ""motive"": [], ""outcome"": [""BS20""]}",,,,,,,,,,,,True,False,媒体调查／研究推断,[],2022,2022-Q1,待核实,False,True,False,1,42,
B19,2022-02-14,day,福建南靖山城镇货车撞人事件,福建,漳州,南靖县,镇区,街道交通,驾车,pending,警方仅通报货车碰撞及调查，故意性和随机选择未证实。,3,9,,,,2022-02-14,,,,,,,,[],未知,,,,司机被警方控制。,原因调查中。,,,2022-02-14,官方转载,"[""BS21""]","{""date"": [""BS21""], ""location"": [""BS21""], ""casualties"": [""BS21""], ""classification"": [""BS21""], ""motive"": [], ""outcome"": [""BS21""]}",,,,,,,,,,,,True,False,媒体调查／研究推断,[],2022,2022-Q1,待核实,False,True,False,3,9,
B20,2022-03-20,day,邯郸人民路车辆碰撞非机动车事件,河北,邯郸,丛台区,城市,街道交通,驾车,pending,以危险方法危害公共安全罪刑拘不能单独证明随机袭击；警方初步归因超量服药，未检出后续故意性认定。,4,10,,,,2022-03-22,初报14人受伤中4人死亡，幸存伤者10人。,,,31,男,某单位职工,,[],未知,,,,司机当场被控制。,涉嫌以危险方法危害公共安全罪刑拘。,,,2022-03-22,官方转载,"[""BS22""]","{""date"": [""BS22""], ""location"": [""BS22""], ""casualties"": [""BS22""], ""classification"": [""BS22""], ""motive"": [], ""outcome"": [""BS22""]}",,,,,,,,,,,,True,False,媒体调查／研究推断,[],2022,2022-Q1,待核实,False,True,False,4,10,
B21,2022-04-14,day,甘肃岷县同院住户伤害案,甘肃,定西,岷县,村庄,社区住宅,其他,pending,同院邻里纠纷；未交代伤者是否属于纠纷对方家庭，不能仅因有儿童就认定扩大伤害无关人员。,0,7,,,,2022-04-16,1人出院，其余6人病情平稳。,True,同院居住的2名成人和5名儿童,59,男,,警方初查误认邻居谩骂自己发生争吵。,"[""邻里纠纷""]",警方初步通报,,,,警方当场抓获。,刑事拘留。,,,2022-04-16,官方转载,"[""BS23""]","{""date"": [""BS23""], ""location"": [""BS23""], ""casualties"": [""BS23""], ""classification"": [""BS23""], ""motive"": [""BS23""], ""outcome"": [""BS23""]}",汇编所称4月1日幼儿园案不符官方日期与地点；通报未写凶器，方法暂列其他。,,,,,,,,,,,True,False,媒体调查／研究推断,"[""其他已披露背景""]",2022,2022-Q2,待核实,False,True,True,0,7,
B22,2022-06-02,day,东莞东城万达广场附近持刀伤人案,广东,东莞,东城街道,城市,商业场所,持械,pending,官方证实6人受伤，但随机细节只有未独立核实视频和网述，保守待核。,,6,,,,2022-06-02,,,,25,男,,,[],未知,,,,警方控制嫌疑人。,侦查中。,,,2022-06-02,官方转载,"[""BS24""]","{""date"": [""BS24""], ""location"": [""BS24""], ""casualties"": [""BS24""], ""classification"": [""BS24""], ""motive"": [], ""outcome"": [""BS24""]}",,,,,,,,,,,,True,False,媒体调查／研究推断,[],2022,2022-Q2,待核实,False,True,False,0,6,
B24,2022-07-26,day,四川沐川警察枪击及杀人纵火案,四川,乐山,沐川县,城乡跨场景,社区住宅,复合,excluded,可靠报道确认伤亡对象为同一家庭及亲属，没有随机袭击陌生人的证据，排除核心。,3,2,,1,,2022-07-30,嫌疑人逃匿后高坠死亡单列。,True,一名女性及其堂弟、两名子女、公公,36,男,警察,,[],未知,,,,警方搜捕4日后发现嫌疑人尸体。,嫌疑人死亡，警方宣布复盘队伍教育管理。,,,2022-07-30,官方转载,"[""BS26""]","{""date"": [""BS26""], ""location"": [""BS26""], ""casualties"": [""BS26""], ""classification"": [""BS26""], ""motive"": [], ""outcome"": [""BS26""]}",,,,,,,,,,,,True,False,媒体调查／研究推断,[],2022,2022-Q3,排除,False,True,False,3,2,
B25,2022-07-28,day,河南舞阳张家港路连续碰撞事件,河南,漯河,舞阳县,镇区,街道交通,驾车,pending,连续碰撞和媒体所称刑事案件不能替代主观故意与随机性的证据；官方当时称交通肇事逃逸。,1,28,,,,2022-07-28,2人伤势较重，不将临床描述直接等同司法重伤。,,,33,男,,,[],未知,,,,警方控制司机。,调查中。,,,2022-07-28,官方转载,"[""BS27""]","{""date"": [""BS27""], ""location"": [""BS27""], ""casualties"": [""BS27""], ""classification"": [""BS27""], ""motive"": [], ""outcome"": [""BS27""]}",,,,,,,,,,,,True,False,媒体调查／研究推断,[],2022,2022-Q3,待核实,False,True,False,1,28,
B26,2022-08-03,day,江西安福幼儿园持刀伤人案,江西,吉安,安福县,镇区,校园及周边,持械,pending,已核实校园伤害及伤亡，但缺乏目标关系和选择方式的可靠说明，不仅因师生多人受害就认定随机。,4,5,,1,,2022-08-05,初报3死6伤，后续截至8月5日4死5伤；嫌疑人逃跑交通事故身亡单列。,True,幼儿园教师及幼儿,48,男,,,[],未知,,,,警方搜捕、伤者送医。,8月3日逃亡横穿高速遭车祸，8月4日抢救无效死亡，DNA确认（警方通报）。,,,2022-08-10,官方转载,"[""BS28"", ""BS57""]","{""date"": [""BS28""], ""location"": [""BS28""], ""casualties"": [""BS28"", ""BS57""], ""classification"": [""BS28""], ""motive"": [], ""outcome"": [""BS28"", ""BS57""]}",,,,,,,,,,,,True,False,媒体调查／研究推断,[],2022,2022-Q3,待核实,False,True,False,4,5,
B49,2022-08-08,day,河南郸城世纪广场持刀伤人案,河南,周口,郸城县,镇区,公园广场,持械,pending,官方未说明双方关系或随机作案；不能采用网络汇编的无差别标签。,0,2,,,,2022-08-09,,,,21,男,,,[],未知,,,,接警3分钟后巡逻民警到场与群众控制。,刑事拘留。,,,2022-08-09,官方转载,"[""BS54""]","{""date"": [""BS54""], ""location"": [""BS54""], ""casualties"": [""BS54""], ""classification"": [""BS54""], ""motive"": [], ""outcome"": [""BS54""]}",,,,,,,,,,,,True,False,媒体调查／研究推断,[],2022,2022-Q3,待核实,False,True,False,0,2,
B29,2023-03-31,day,邯郸中华北大街连续车辆碰撞事件,河北,邯郸,丛台区,城市,街道交通,驾车,pending,部门确认事件存在，但伤亡和动机仍调查；网传爆炸物被否认，缺乏故意随机袭击正式认定。,,,,,,2023-04-02,不能使用网传十余伤、一死等数值。,,,,男,,,[],未知,,,,涉事人员当日被警方抓获。,调查中。,,,2023-04-02,单一媒体,"[""BS32""]","{""date"": [""BS32""], ""location"": [""BS32""], ""casualties"": [""BS32""], ""classification"": [""BS32""], ""motive"": [], ""outcome"": [""BS32""]}",不采用视频汇编中的手雷/爆炸定性。,,,,,,,,,,,False,False,媒体调查／研究推断,[],2023,2023-Q1,待核实,False,True,False,0,0,
B30,2023-04-02,day,重庆江北建新西路持刀袭击路人案,重庆,重庆,江北区,城市,街道交通,持械,pending,警方确认持刀行凶致4名路人受伤，但未披露起始对象关系及选择方式；补查现场采访仅能确认群众制止过程，尚不足排除定向纠纷或伴随伤害，保留待核。,0,4,,,,2023-04-03,,,路人,46,男,,,[],未知,警方通报“突发躁狂”，属于初步状态描述，不等同精神病诊断或刑责鉴定。,,,群众制服，民警到场送医并控制嫌疑人。,侦办中。,,,2023-04-03,官方转载,"[""BS33""]","{""date"": [""BS33""], ""location"": [""BS33""], ""casualties"": [""BS33""], ""classification"": [""BS33""], ""motive"": [], ""outcome"": [""BS33""]}",,,,,,,,,,,,True,False,官方确认事件和路人受伤，未明确随机性；待补证,[],2023,2023-Q2,待核实,False,True,False,0,4,官方确认事件和路人受伤，未明确随机性；待补证
B31,2023-04-08,day,平顶山新兴路感情纠纷驾车冲撞案,河南,平顶山,城乡一体化示范区,城市,街道交通,驾车,pending,确认定向驾车冲撞女子后多人受害，但其余人的关系未说明，不能仅据人数认定无关者卷入。,3,,,,,2023-04-09,官方句式未明确7伤是否包含后续死亡3人，幸存伤者数不直接填7或4。,,,47,男,,警方称因感情纠纷争执后驾车冲撞特定女性。,"[""感情纠纷""]",警方初步通报,,,,警方抓获。,侦办中。,,,2023-04-09,官方转载,"[""BS34""]","{""date"": [""BS34""], ""location"": [""BS34""], ""casualties"": [""BS34""], ""classification"": [""BS34""], ""motive"": [""BS34""], ""outcome"": [""BS34""]}",,7人受伤、3人经抢救无效死亡,,,,,,,,,,True,False,媒体调查／研究推断,"[""婚姻／家庭／感情问题""]",2023,2023-Q2,待核实,False,True,True,3,0,
B33,2023-05-12,day,中山大涌镇装载作业车连续碰撞事件,广东,中山,大涌镇,镇区,街道交通,驾车,pending,通报没有确认故意冲撞或随机选择对象；仅凭连续碰撞无法定性。,0,4,,,,2023-05-12,,,,48,男,,,[],未知,,,,警方控制司机带所调查。,调查中。,,,2023-05-12,官方转载,"[""BS36""]","{""date"": [""BS36""], ""location"": [""BS36""], ""casualties"": [""BS36""], ""classification"": [""BS36""], ""motive"": [], ""outcome"": [""BS36""]}",,,,,,,,,,,,True,False,媒体调查／研究推断,[],2023,2023-Q2,待核实,False,True,False,0,4,
B35,2023-05-14,day,贵阳云岩百草巷剪刀袭击行人案,贵州,贵阳,云岩区,城市,街道交通,持械,pending,警方确认剪刀伤及路过的几名行人，但未披露双方关系及选择目标过程；本轮补查未取得可靠随机性认定，不能仅凭多人或精神状态推定随机，保留待核。,0,,,,,2023-05-15,未发布确切受伤人数，不能用汇编数字替代。,,路过行人,40,男,,,[],未知,警方称精神障碍患者；刑责鉴定未知。,,,警方迅速控制嫌疑人，伤者送医。,进一步办理。,,,2023-05-15,官方转载,"[""BS38""]","{""date"": [""BS38""], ""location"": [""BS38""], ""casualties"": [""BS38""], ""classification"": [""BS38""], ""motive"": [], ""outcome"": [""BS38""]}",案发为5月14日，5月15日系报道日。,几名行人,,,,,,,,,,True,False,官方确认事件和路人受伤，未明确随机性；待补证,[],2023,2023-Q2,待核实,False,True,False,0,0,官方确认事件和路人受伤，未明确随机性；待补证
B36,2023-05-18,day,四川南部桂博路持刀伤人案,四川,南充,南部县,镇区,街道交通,持械,pending,通报未说明受害者关系或随机选择，无充分独立材料证明随机性。,0,8,,,,2023-05-18,,,,21,男,,,[],未知,,,,警方抓获。,侦查中。,,,2023-05-18,官方转载,"[""BS39""]","{""date"": [""BS39""], ""location"": [""BS39""], ""casualties"": [""BS39""], ""classification"": [""BS39""], ""motive"": [], ""outcome"": [""BS39""]}",,,,,,,,,,,,True,False,媒体调查／研究推断,[],2023,2023-Q2,待核实,False,True,False,0,8,
B37,2023-05-23,day,天津和平山西路剪刀伤害路人案,天津,天津,和平区,城市,街道交通,持械,pending,虽称路人，单一目标双方关系与选择原因未明，保守等待随机性证据。,0,1,,,,2023-05-24,,,,53,男,,,[],未知,,,,围观群众当场控制；警方确认见义勇为行为。,刑事拘留。,,,2023-05-24,官方转载,"[""BS40""]","{""date"": [""BS40""], ""location"": [""BS40""], ""casualties"": [""BS40""], ""classification"": [""BS40""], ""motive"": [], ""outcome"": [""BS40""]}",,,,,,,,,,,,True,False,媒体调查／研究推断,[],2023,2023-Q2,待核实,False,True,False,0,1,
B38,2023-06-06,day,长沙开福滨河路面包车撞人事件,湖南,长沙,开福区,城市,街道交通,驾车,pending,仅有撞人逃逸事实，未确立故意性和无差别袭击动机。,0,9,,,,2023-06-06,一人伤势较重，8人稳定无生命危险；未给司法重伤等级。,,,39,男,,,[],未知,,,,警方抓获逃跑中的司机。,侦办中。,,,2023-06-06,官方转载,"[""BS41""]","{""date"": [""BS41""], ""location"": [""BS41""], ""casualties"": [""BS41""], ""classification"": [""BS41""], ""motive"": [], ""outcome"": [""BS41""]}",,,,,,,,,,,,True,False,媒体调查／研究推断,[],2023,2023-Q2,待核实,False,True,False,0,9,
B39,2023-06-16,day,秦皇岛建国路持刀伤人事件,河北,秦皇岛,海港区,城市,街道交通,持械,pending,已采访警方确认事件，但人数、对象关系与随机性未明确。,,,,,,2023-06-17,网传十余人受伤没有官方确认，死亡和受伤人数均留空。,,,,男,,,[],未知,,,,警方控制。,调查中。,,,2023-06-17,单一媒体,"[""BS42""]","{""date"": [""BS42""], ""location"": [""BS42""], ""casualties"": [""BS42""], ""classification"": [""BS42""], ""motive"": [], ""outcome"": [""BS42""]}",,,,,,,,,,,,False,False,媒体调查／研究推断,[],2023,2023-Q2,待核实,False,True,False,0,0,
B42,2023-06-30,day,海南临高临城镇二环路持刀伤人案,海南,临高县,临城镇,镇区,街道交通,持械,pending,官方证实伤人，未披露人数、目标关系或选择方式。,0,,,,,2023-07-01,通报称伤者均无生命危险，网传具体人数不采用。,,,,,,,[],未知,,,,警方控制嫌疑人、伤者送医。,侦办中。,,,2023-07-01,官方转载,"[""BS45""]","{""date"": [""BS45""], ""location"": [""BS45""], ""casualties"": [""BS45""], ""classification"": [""BS45""], ""motive"": [], ""outcome"": [""BS45""]}",,,,,,,,,,,,True,False,媒体调查／研究推断,[],2023,2023-Q2,待核实,False,True,False,0,0,
B43,2023-07-10,day,广东廉江横山镇幼儿园持刀伤人案,广东,湛江,廉江市,镇区,校园及周边,持械,pending,案件伤亡已获警方证实，尚无可靠材料确认对象选择与关系；不采信网传私人报复起因，也不直接称随机。,6,1,,,,2023-07-10,,True,幼儿园内人员，包含幼儿,25,男,,,[],未知,,,,7时40分发案，8时许警方抓获。,侦办中；裁判未检出。,,,2023-07-10,官方转载,"[""BS46""]","{""date"": [""BS46""], ""location"": [""BS46""], ""casualties"": [""BS46""], ""classification"": [""BS46""], ""motive"": [], ""outcome"": [""BS46""]}",,,,,,,,,,,,True,False,媒体调查／研究推断,[],2023,2023-Q3,待核实,False,True,False,6,1,
B45,2023-08-17,day,湖北枣阳万象城附近沿街持刀伤人事件,湖北,襄阳,枣阳市,城市,街道交通,持械,pending,目击采访支持沿街攻击路人，但目前只有同一电视报道转载，未满足独立多源或官方证据标准。,,4,,,,2023-08-17,4伤来自目击者，非官方最终数字；是否死亡未见可靠说明。,,报道称老年人及女性路人,,男,,,[],未知,,,,商户泼水阻止，群众报警。,,,,2023-08-17,单一媒体,"[""BS48""]","{""date"": [""BS48""], ""location"": [""BS48""], ""casualties"": [""BS48""], ""classification"": [""BS48""], ""motive"": [], ""outcome"": [""BS48""]}",不采信目击者关于精神病的猜测。,,,,,,,,,,,False,False,媒体调查／研究推断,[],2023,2023-Q3,待核实,False,True,False,0,4,
B47,2023-11-09,day,深圳龙华大浪广场附近持刀伤人案,广东,深圳,龙华区,城市,公园广场,持械,pending,事件伤亡获警方确认，但起因和对象关系未披露。,1,3,,,,2023-11-09,,,,37,男,,,[],未知,,,,警方现场抓获，伤者送医。,侦办中。,,,2023-11-09,官方转载,"[""BS50""]","{""date"": [""BS50""], ""location"": [""BS50""], ""casualties"": [""BS50""], ""classification"": [""BS50""], ""motive"": [], ""outcome"": [""BS50""]}",部分汇编称20时，按警方通报18时。,,,,,,,,,,,True,False,媒体调查／研究推断,[],2023,2023-Q4,待核实,False,False,False,1,3,
B46,2023-12-24,day,成都新都同福路持刀伤人案,四川,成都,新都区,城市,街道交通,持械,pending,官方确认事件但未披露确切人数或受害者关系，不能仅凭地点和精神病史推断随机。,0,,,,,2023-12-24,通报未给伤者数，不采用汇编的5伤。,,,21,男,,,[],未知,警方称有精神病史；无刑责鉴定。,,,现场群众制服后警方控制。,侦办中。,,,2023-12-24,官方转载,"[""BS49""]","{""date"": [""BS49""], ""location"": [""BS49""], ""casualties"": [""BS49""], ""classification"": [""BS49""], ""motive"": [], ""outcome"": [""BS49""]}",,,,,,,,,,,,True,False,媒体调查／研究推断,[],2023,2023-Q4,待核实,False,False,False,0,0,
C005,2024-03-01,day,德州安居苑道路车辆撞人事件,山东,德州,德城区,城市,街道交通,驾车,pending,警方确认车辆冲撞及伤亡，公开报道仍称交通肇事；未取得可证明故意袭击或随机性的裁判材料。,2,,6,,,2024-03-01,,,,,,,,[],未知,,,,驾驶人当场被抓,,,,2024-03-01,官方转载,"[""CS008""]","{""date"": [""CS008""], ""location"": [""CS008""], ""casualties"": [""CS008""], ""classification"": [""CS008""], ""motive"": [], ""outcome"": []}",6为已披露重伤人数；不把网上所传十余儿童或同名旧案拼接为本案事实。,6人重伤；其他伤者人数未见明确披露,6,,,,,,,,,True,False,媒体调查／研究推断,[],2024,2024-Q1,待核实,False,True,False,2,6,
C009,2024-03-04,day,祁东三友小学持刀袭击报道,湖南,衡阳,祁东县,乡镇,校园及周边,持械,pending,独立记者采访的单一报道可见存档，缺第二独立采集来源及完整官方确认。,,,,,,2024-03-12,单一媒体称1死1伤；未作为核实数字。,True,据报为用餐小学生,,男,,,[],未知,村民称有精神疾病，未经司法鉴定确认,报道村民称前一年曾入校划伤学生，未取得独立核证,上述既往袭击及保安离岗仅属单一采访说法,,,,,2024-03-12,单一媒体,"[""CS015""]","{""date"": [""CS015""], ""location"": [""CS015""], ""casualties"": [""CS015""], ""classification"": [""CS015""], ""motive"": [], ""outcome"": []}",,,,,,,,,,,,False,False,媒体调查／研究推断,[],2024,2024-Q1,待核实,False,True,False,0,0,
C006,2024-03-19,day,台州职业技术学院车辆冲撞事件,浙江,台州,椒江区,城市,校园及周边,驾车,pending,媒体有学生访谈和疑似威胁聊天截图，但尚未取得明确故意性及随机性司法认定；保守待核。,3,16,,,,2024-03-30,,,校内学生,,男,该校学生,,[],未知,,,三联采访同学辨认疑似随机攻击威胁聊天；真实性尚待司法证据核验。,,,,,2024-03-30,官方转载,"[""CS009"", ""CS010""]","{""date"": [""CS009"", ""CS010""], ""location"": [""CS009"", ""CS010""], ""casualties"": [""CS009"", ""CS010""], ""classification"": [""CS009"", ""CS010""], ""motive"": [], ""outcome"": []}",官方通报完整转载已补得；2026年安全保卫研究文章的相关页面访问失败，未把搜索摘要的故意冲卡描述当正式结论。,,,,,,,,,,,True,False,媒体调查／研究推断,[],2024,2024-Q1,待核实,False,True,False,3,16,
C030,2024-04-10,day,吉安翠岭路持刀伤人案,江西,吉安,吉州区,城市,街道交通,持械,pending,官方称伤害路人，但未交代双方关系；路人称谓不足以单独证明不特定目标。,0,2,,,,2024-04-10,,,,38,男,,,[],未知,,,,,余某逃匿后被抓。,,,2024-04-11,官方转载,"[""CS041""]","{""date"": [""CS041""], ""location"": [""CS041""], ""casualties"": [""CS041""], ""classification"": [""CS041""], ""motive"": [], ""outcome"": [""CS041""]}",案发4月10日，不能将4月13日媒体转载日当案发日。,,,,,,,,,,,True,False,媒体调查／研究推断,[],2024,2024-Q2,待核实,False,True,False,0,2,
C039,2024-04-26,day,封开江口街道汽车碰撞摩托车事件,广东,肇庆,封开县,乡镇,街道交通,驾车,pending,警方通报交通事故，未明原因；先持刀行凶再撞人等说法未获证实。,,,,,,2024-04-26,,,,,,,,[],未知,,,,,,,,2024-04-26,官方转载,"[""CS050""]","{""date"": [""CS050""], ""location"": [""CS050""], ""casualties"": [""CS050""], ""classification"": [""CS050""], ""motive"": [], ""outcome"": []}",,有人员受伤，人数未公布,,,,,,,,,,True,False,媒体调查／研究推断,[],2024,2024-Q2,待核实,False,True,False,0,0,
C007,2024-05-07,day,镇雄城南医院持刀伤人案,云南,昭通,镇雄县,,医疗机构,持械,pending,官方确认医院多人遇袭；可靠正文未明确披露受害人与嫌犯关系，随机性须进一步确认。,2,21,,,,2024-05-07,,True,,40,男,,,[],未知,,,,当日下午在县内抓获；在场患者曾对峙并追赶制止,已抓获；未检得本案可核实裁判,,,2024-05-14,官方转载,"[""CS011"", ""CS012"", ""RCS001"", ""RCS003""]","{""date"": [""CS011"", ""CS012""], ""location"": [""CS011"", ""CS012""], ""casualties"": [""CS011"", ""CS012""], ""classification"": [""CS011"", ""CS012""], ""motive"": [], ""outcome"": [""CS011"", ""CS012""], ""involves_children"": [""RCS001""]}",官方人士称网传朋友圈动机截图不实。不能把亲属所述旧案不满直接等同本次动机。,,,,,,,,,,,True,False,警方确认医院持刀案及2死21伤，未披露受害关系；南风窗标题称随机但正文未明确关系，仍待核。,[],2024,2024-Q2,待核实,False,True,False,2,21,
C010,2024-05-20,day,郴州苏仙区公园刑事案件,湖南,郴州,苏仙区,,公园广场,其他,pending,通报仅称刑事案件及伤亡，未披露行为方式、动机或被害关系，不能凭多人伤亡认定随机袭击。,3,2,,,,2024-05-21,,,,35,男,,,[],未知,,,,嫌疑人被抓获,,,,2024-05-21,官方转载,"[""CS016""]","{""date"": [""CS016""], ""location"": [""CS016""], ""casualties"": [""CS016""], ""classification"": [""CS016""], ""motive"": [], ""outcome"": []}",,,,,,,,,,,,True,False,媒体调查／研究推断,[],2024,2024-Q2,待核实,False,True,False,3,2,
C012,2024-06-19,day,上海合川路地铁站持刀伤人案,上海,上海,闵行区,城市,公共交通,持械,pending,官方确认3人受伤，但未披露关系或随机选择过程，不能仅因公共场所多人被刺列核心。,,3,,,,2024-06-19,,,,54,男,,,[],未知,,,,警方抓获,,,,2024-06-19,官方转载,"[""CS018""]","{""date"": [""CS018""], ""location"": [""CS018""], ""casualties"": [""CS018""], ""classification"": [""CS018""], ""motive"": [], ""outcome"": []}",,,,,,,,,,,,True,False,媒体调查／研究推断,[],2024,2024-Q2,待核实,False,True,False,0,3,
C040,2024-07-27,day,长沙月湖街道车辆撞人案,湖南,长沙,开福区,,街道交通,驾车,pending,官方确认刑事案件和伤亡，未明主动冲撞过程及被害关系，不能仅依8死认定随机。,8,5,2,,,2024-07-27,,,,55,男,,,[],未知,,,,,粟某某被控制。,,,2024-07-27,官方转载,"[""CS051""]","{""date"": [""CS051""], ""location"": [""CS051""], ""casualties"": [""CS051""], ""classification"": [""CS051""], ""motive"": [], ""outcome"": [""CS051""]}",,,,,,,,,,,,True,False,媒体调查／研究推断,[],2024,2024-Q3,待核实,False,True,False,8,5,
C018,2024-08-13,day,中山横栏厨卫工厂车辆撞人事件,广东,中山,横栏镇,,其他,驾车,pending,官方仅证实车辆碰撞及8人受伤，开除后泄愤说法未获可靠核实。,,8,,,,2024-08-13,,,,29,男,,,[],未知,,,,司机当场控制,,,,2024-08-13,官方转载,"[""CS027""]","{""date"": [""CS027""], ""location"": [""CS027""], ""casualties"": [""CS027""], ""classification"": [""CS027""], ""motive"": [], ""outcome"": []}",,,,,,,,,,,,True,False,媒体调查／研究推断,[],2024,2024-Q3,待核实,False,True,False,0,8,
C046,2024-09-03,day,东平佛山中学附近公交车失控事故,山东,泰安,东平县,城市,校园及周边,驾车,excluded,完整警方通报为接送学生车辆失控交通事故；没有支持故意袭击的核实材料。,11,13,,,,2024-09-03,11死包括6名家长5名学生；13名伤者含1危重，危重不等于法医重伤。,True,,,,,,[],未知,,,,,驾驶员及公交公司相关人员被调查。,,,2024-09-03,官方转载,"[""CS057""]","{""date"": [""CS057""], ""location"": [""CS057""], ""casualties"": [""CS057""], ""classification"": [""CS057""], ""motive"": [], ""outcome"": [""CS057""]}",,,,,,,,,,,,True,False,媒体调查／研究推断,[],2024,2024-Q3,排除,False,True,False,11,13,
C033,2024-10-23,day,青岛悦荟广场附近搅拌车碰撞多车事件,山东,青岛,市北区,城市,街道交通,驾车,pending,官方初查涉嫌醉驾；网络影片所称主动报复意图未经身份与真实性核验，保留冲突待核。,,,,,,2024-10-24,,,,48,男,,,[],未知,,,,,孙某某被控制。,,,2024-10-24,官方转载,"[""CS044""]","{""date"": [""CS044""], ""location"": [""CS044""], ""casualties"": [""CS044""], ""classification"": [""CS044""], ""motive"": [], ""outcome"": [""CS044""]}",,3人留院治疗,3,,,,,,,,,True,False,媒体调查／研究推断,[],2024,2024-Q4,待核实,False,False,False,0,3,
C043,2024-11-25,day,成都新津四处纵火焚毁财物案,四川,成都,新津区,城市,社区住宅,纵火,excluded,有报复社会及放火罪判决，但本报道只确认烧毁财物，无直接袭击人员或人员伤害，未满足本研究随机伤人条件。,,,,,,,未报道人员伤亡，不将未报道写为0。,,,,男,,因盗窃被行政拘留后，认为生活不公，放火泄愤。,"[""不满处罚"", ""泄愤""]",法院认定,司法鉴定酒精有害使用及待分类精神障碍，完全刑事责任能力。,,,,新津法院判放火罪有期徒刑3年，具体宣判日未披露。,,,2025-05-14,官方转载,"[""CS054""]","{""date"": [""CS054""], ""location"": [""CS054""], ""casualties"": [""CS054""], ""classification"": [""CS054""], ""motive"": [""CS054""], ""outcome"": [""CS054""]}",,,,,,,,,,,,True,False,媒体调查／研究推断,"[""其他已披露背景"", ""泄愤／转移报复""]",2024,2024-Q4,排除,False,False,True,0,0,
C045,2025-01-26,day,沈阳大东副食品商场外不明爆炸事件,辽宁,沈阳,沈河区,城市,商业场所,爆炸,pending,公开影像及报道显示爆炸，但原因、人为故意性与袭击目标均不明；不采信政治动机猜测。,,,,,,,,,,,,,,[],未知,,,,,,,,2025-01-27,单一媒体,"[""CS056""]","{""date"": [""CS056""], ""location"": [""CS056""], ""casualties"": [], ""classification"": [""CS056""], ""motive"": [], ""outcome"": []}",,,,,,,,,,,,False,False,媒体调查／研究推断,[],2025,2025-Q1,待核实,False,True,False,0,0,
C036,2025-04-22,day,网传金华苏孟小学门口车辆冲撞事件,浙江,金华,婺城区,乡镇,校园及周边,驾车,pending,社交视频线索被多媒体转述，但未取得官方通报及独立采集的充分核实；不按转载数提升可靠度。,,,,,,,死亡6、7至14等说法冲突，不采纳；不认定司机性别和动机。,,,,,,,[],未知,,,,,,,,2025-04-23,网传待核,"[""CS047""]","{""date"": [""CS047""], ""location"": [""CS047""], ""casualties"": [""CS047""], ""classification"": [""CS047""], ""motive"": [], ""outcome"": []}",,,,,,,,,,,,False,False,媒体调查／研究推断,[],2025,2025-Q2,待核实,False,True,False,0,0,
C021,2025-04-28,day,网传天津医院医护人员遇袭案,天津,天津,河西区,城市,医疗机构,持械,pending,可访问单一媒体报道援引所谓警方通报但未给原件，缺少第二独立可靠采集源及受害关系核实。,,,,,,2025-05-01,东网报道2死、6名医护遇袭及1重伤；未将未经交叉核实数字计入精确伤亡。,,,,,,,[],未知,,,,,,,,2025-05-01,单一媒体,"[""CS030""]","{""date"": [""CS030""], ""location"": [""CS030""], ""casualties"": [""CS030""], ""classification"": [""CS030""], ""motive"": [], ""outcome"": []}",医保报销、47岁简某等资料亦待原始证据核实，动机与个人字段不据此定值。,,,,,,,,,,,False,False,媒体调查／研究推断,[],2025,2025-Q2,待核实,False,True,False,0,0,
C026,2025-05-15,day,广州南站安检区外持刀伤人案,广东,广州,番禺区,城市,公共交通,持械,pending,有官方案情与伤亡，但无被害关系或随机性证据。,0,1,,,,2025-05-15,,,,35,男,,,[],未知,,,,,李某某当场被控制。,,,2025-05-15,官方转载,"[""CS036""]","{""date"": [""CS036""], ""location"": [""CS036""], ""casualties"": [""CS036""], ""classification"": [""CS036""], ""motive"": [], ""outcome"": [""CS036""]}",,,,,,,,,,,,True,False,媒体调查／研究推断,[],2025,2025-Q2,待核实,False,True,False,0,1,
C032,2025-05-15,day,北京海淀健安西路车辆刮碰行人事件,北京,北京,海淀区,城市,街道交通,驾车,pending,官方仅称刮碰行人事故且仍调查，未确认主动攻击；网传故意亦无独立证据。,,4,,,,2025-05-15,,,,,,,,[],未知,,,,,肇事司机被查获。,,,2025-05-15,官方转载,"[""CS043""]","{""date"": [""CS043""], ""location"": [""CS043""], ""casualties"": [""CS043""], ""classification"": [""CS043""], ""motive"": [], ""outcome"": [""CS043""]}",,,,,,,,,,,,True,False,媒体调查／研究推断,[],2025,2025-Q2,待核实,False,True,False,0,4,
C019,2025-06-04,day,武汉大学食堂持刀伤人案,湖北,武汉,洪山区,城市,校园及周边,持械,pending,警方确认因学业不顺在食堂行凶，但未公布受害者关系；社交平台袭击预告未获独立验证，暂不认定随机。,0,3,,,,2025-06-06,,,,23,男,武汉大学学生,警方称因学业不顺行凶。,"[""学业受挫""]",警方初步通报,,,,,当场控制并采取刑事强制措施。,,,2025-06-06,官方转载,"[""CS028""]","{""date"": [""CS028""], ""location"": [""CS028""], ""casualties"": [""CS028""], ""classification"": [""CS028""], ""motive"": [""CS028""], ""outcome"": [""CS028""]}",,,,,,,,,,,,True,False,媒体调查／研究推断,"[""学业问题""]",2025,2025-Q2,待核实,False,True,True,0,3,
C025,2025-06-14,day,重庆李家沱争执后驾车伤人案,重庆,重庆,巴南区,城市,街道交通,驾车,excluded,官方通报将伤者限定为当场围车争执、阻拦驾驶人离开的群众，未确认攻击其他不特定或无关人；按现场特定纠纷排除。,1,4,,,,2025-06-15,,,双方鸣笛争执后围车阻拦者。,38,男,,前车卸货挡道持续鸣笛，与围车群众争执后强行驶离。,"[""现场纠纷""]",警方初步通报,,,,,熊某被刑事拘留。,,,2025-06-15,官方转载,"[""CS035""]","{""date"": [""CS035""], ""location"": [""CS035""], ""casualties"": [""CS035""], ""classification"": [""CS035""], ""motive"": [""CS035""], ""outcome"": [""CS035""]}",,,,,,,,,,,,True,False,媒体调查／研究推断,"[""其他已披露背景""]",2025,2025-Q2,排除,False,True,True,1,4,
C031,2025-06-26,day,北京密云育才路车辆碰撞行人事故,北京,北京,密云区,城市,校园及周边,驾车,excluded,警方初查明确操作不当，未获反证确认故意冲撞；网络汇编所称夫妻争吵不采信。,,,,,,2025-06-26,,,,35,男,,,[],未知,,,,,事故调查处理中。,,,2025-06-26,官方转载,"[""CS042""]","{""date"": [""CS042""], ""location"": [""CS042""], ""casualties"": [""CS042""], ""classification"": [""CS042""], ""motive"": [], ""outcome"": [""CS042""]}",,有人受伤，人数未公布,,,,,,,,,,True,False,媒体调查／研究推断,[],2025,2025-Q2,排除,False,True,False,0,0,
C047,2025-07-20,day,昆明金碧路交通肇事逃逸案,云南,昆明,西山区,城市,街道交通,驾车,excluded,官方初查为交通肇事逃逸，未确认故意攻击随机人群；传播时常误将通报日7月21日作案发日。,2,9,0,,,2025-07-21,,,,49,男,,,[],未知,,,,,李某某被抓获，排除酒驾毒驾，事故调查中。,,,2025-07-21,官方转载,"[""CS058""]","{""date"": [""CS058""], ""location"": [""CS058""], ""casualties"": [""CS058""], ""classification"": [""CS058""], ""motive"": [], ""outcome"": [""CS058""]}",,,,,,,,,,,,True,False,媒体调查／研究推断,[],2025,2025-Q3,排除,False,True,False,2,9,
C020,2025-08-03,day,耒阳蔡子池街道持刀伤人案,湖南,衡阳,耒阳市,城市,街道交通,持械,pending,故意伤害及伤亡有官方通报；目击者称在路口与麻将馆连续伤人，但被害关系未明确，尚不能确认随机。,2,3,,,,2025-08-03,,,,31,男,,,[],未知,,,,,段某超被抓获。,,,2025-08-03,官方转载,"[""CS029""]","{""date"": [""CS029""], ""location"": [""CS029""], ""casualties"": [""CS029""], ""classification"": [""CS029""], ""motive"": [], ""outcome"": [""CS029""]}",学校附近不等于针对在校儿童；不采用网传受害者身份。,,,,,,,,,,,True,False,媒体调查／研究推断,[],2025,2025-Q3,待核实,False,True,False,2,3,
C035,2025-10-06,day,网传泉港永嘉天地持刀伤人事件,福建,泉州,泉港区,,商业场所,持械,pending,仅找到网传影像汇编，未取得可靠现场独立报道或官方通报。,,,,,,,7至8人等网传人数未核，不取值。,,,,,,,[],未知,,,,,,,,2025-10-07,网传待核,"[""CS046""]","{""date"": [""CS046""], ""location"": [""CS046""], ""casualties"": [""CS046""], ""classification"": [""CS046""], ""motive"": [], ""outcome"": []}",,,,,,,,,,,,False,False,媒体调查／研究推断,[],2025,2025-Q4,待核实,False,False,False,0,0,
C034,2026-03-29,day,网传北京房山大韩继集市铲车冲撞事件,北京,北京,房山区,乡镇,商业场所,驾车,pending,报道主要来自网络影像，无官方确认或独立可靠实地核实；发生细节、意图及伤亡均待核。,,,,,,,网络死亡人数多版本冲突，全部不计入精确字段。,,,,,,,[],未知,,,,,,,,2026-03-31,网传待核,"[""CS045""]","{""date"": [""CS045""], ""location"": [""CS045""], ""casualties"": [""CS045""], ""classification"": [""CS045""], ""motive"": [], ""outcome"": []}",,,,,,,,,,,,False,False,媒体调查／研究推断,[],2026,2026-Q1,待核实,False,True,False,0,0,
C027,2026-03-31,day,武汉青松路持刀伤人案,湖北,武汉,江岸区,城市,街道交通,持械,pending,警方确认4伤，未说明被害关系，不能仅依人数认定随机。,0,4,,,,2026-03-31,,,,44,男,,,[],未知,,,,民警与群众合力制服；封面新闻现场走访称其水果刀脱手后曾去另一家店拿裁纸刀。,吴某某当场被控制。,,,2026-03-31,官方转载,"[""CS037"", ""RCS004""]","{""date"": [""CS037""], ""location"": [""CS037""], ""casualties"": [""CS037""], ""classification"": [""CS037""], ""motive"": [], ""outcome"": [""CS037""], ""intervention"": [""CS037"", ""RCS004""]}",,,,,,,,,,,,True,False,媒体调查／研究推断,[],2026,2026-Q1,待核实,False,True,False,0,4,
C037,2026-04-04,day,网传沈阳太原街持刀伤人事件,辽宁,沈阳,和平区,城市,街道交通,持械,pending,媒体明确表示真实性未明，未见官方通报；网络影像及口述不足以确认随机性。,,,,,,,传2或4死、6人被砍及嫌犯坠亡均未核，不录入精确伤亡。,,,,,,,[],未知,,,,,,,,2026-04-05,网传待核,"[""CS048""]","{""date"": [""CS048""], ""location"": [""CS048""], ""casualties"": [""CS048""], ""classification"": [""CS048""], ""motive"": [], ""outcome"": []}",,,,,,,,,,,,False,False,媒体调查／研究推断,[],2026,2026-Q2,待核实,False,True,False,0,0,
C044,2026-05-01,day,成都剑南大道交通肇事逃逸案,四川,成都,高新区,城市,街道交通,驾车,excluded,官方初查为转弯事故后逃逸并再碰撞，未获随机故意袭击证据。,1,11,,,,2026-05-01,,,,31,男,,,[],未知,,,,,李某某当场被抓获，初查涉嫌交通肇事逃逸。,,,2026-05-01,官方转载,"[""CS055""]","{""date"": [""CS055""], ""location"": [""CS055""], ""casualties"": [""CS055""], ""classification"": [""CS055""], ""motive"": [], ""outcome"": [""CS055""]}",,,,,,,,,,,,True,False,媒体调查／研究推断,[],2026,2026-Q2,排除,False,True,False,1,11,
C038,2026-05-02,day,柳州高新南路小区刑事案件,广西,柳州,城中区,城市,社区住宅,其他,pending,通报只确认刑案与死伤，作案方法、被害关系及意图未明；邻里纠纷说法未经核实。,3,1,,1,,2026-05-02,通报4死中1人为有重大嫌疑者；暂单列嫌疑人死亡，非最终法院认定。,,,,,,,[],未知,,,,,,,,2026-05-03,官方转载,"[""CS049""]","{""date"": [""CS049""], ""location"": [""CS049""], ""casualties"": [""CS049""], ""classification"": [""CS049""], ""motive"": [], ""outcome"": []}",,,,,,,,,,,,True,False,媒体调查／研究推断,[],2026,2026-Q2,待核实,False,True,False,3,1,
C029,2026-05-19,day,上海环球金融中心日本料理店持刀伤人案,上海,上海,浦东新区,城市,商业场所,持械,pending,确认闯入餐厅伤3人，未披露与受害者关系；精神障碍或国籍不能替代随机性和动机证据。,0,3,,,,2026-05-20,,,,59,男,,,[],未知,警方称有精神疾病治疗史；外交部后确认系精神障碍患者。,,,,嫌疑人被警方制服。,,,2026-05-20,官方原文,"[""CS039"", ""CS040""]","{""date"": [""CS039"", ""CS040""], ""location"": [""CS039"", ""CS040""], ""casualties"": [""CS039"", ""CS040""], ""classification"": [""CS039"", ""CS040""], ""motive"": [], ""outcome"": [""CS039"", ""CS040""]}",,,,,,,,,,,,True,False,媒体调查／研究推断,[],2026,2026-Q2,待核实,False,True,False,0,3,
C028,2026-07-13,day,杭州钱塘甜品店门口持刀杀人案,浙江,杭州,钱塘区,城市,商业场所,持械,pending,确认店主遇害，但双方关系与攻击选择机制未披露；暂不能认定随机或特定纠纷。,1,0,,,,2026-07-13,,,,54,男,纺织厂员工,,[],未知,,,,,金某某当日上午被抓获并刑拘。,,,2026-07-13,官方转载,"[""CS038""]","{""date"": [""CS038""], ""location"": [""CS038""], ""casualties"": [""CS038""], ""classification"": [""CS038""], ""motive"": [], ""outcome"": [""CS038""]}",,,,,,,,,,,,True,False,媒体调查／研究推断,[],2026,2026-Q3,待核实,False,True,False,1,0,
C041,2026-08-18,day,西宁街头持刀伤人及群众制止事件,青海,西宁,,,街道交通,持械,pending,大陆媒体可核实持刀及群众制止线索，但无完整警方通报、被害关系及确切伤亡。,,,,,,,,,,,,,,[],未知,,,,外卖员放下外卖后将电动车撞向持刀者，群众合力制服。,媒体报道警方采取强制措施。,,,2026-08-20,单一媒体,"[""CS052"", ""CS053""]","{""date"": [""CS052"", ""CS053""], ""location"": [""CS052"", ""CS053""], ""casualties"": [], ""classification"": [""CS052"", ""CS053""], ""motive"": [], ""outcome"": [""CS052"", ""CS053""]}",日期采用红星新闻转载的8月18日；网媒称19日凌晨、20余伤均未核。,,,,,,,,,,,False,False,媒体调查／研究推断,[],2026,2026-Q3,待核实,False,True,False,0,0,
C042,2026-08-18,day,网传汕头陈厝合持刀伤人事件,广东,汕头,,,社区住宅,持械,pending,只取得网络影像汇编，事件关系、人数及随机性均未独立证实。,,,,,,,,,,,,,,[],未知,,,,,,,,2026-08-20,网传待核,"[""CS053""]","{""date"": [""CS053""], ""location"": [""CS053""], ""casualties"": [], ""classification"": [""CS053""], ""motive"": [], ""outcome"": []}",,,,,,,,,,,,False,False,媒体调查／研究推断,[],2026,2026-Q3,待核实,False,True,False,0,0,
C024,2026-09-14,day,广州小谷围街火锅店门口持刀伤人案,广东,广州,番禺区,城市,商业场所,持械,pending,通报确认持刀伤人，未说明被害关系或随机性。,0,,,,,2026-09-14,,,,35,男,,,[],未知,,,,,李某被抓获，案件侦办中。,,,2026-09-14,官方转载,"[""CS034""]","{""date"": [""CS034""], ""location"": [""CS034""], ""casualties"": [""CS034""], ""classification"": [""CS034""], ""motive"": [], ""outcome"": [""CS034""]}",,伤者均无生命危险，人数未公布,,,,,,,,,,True,False,媒体调查／研究推断,[],2026,2026-Q3,待核实,False,True,False,0,0,
