province,year,population_10k,urbanization_pct,income_yuan,unemployment_pct,population_source,urbanization_source,income_source,unemployment_note,events,deaths_known_total,deaths_lower_total,deaths_unknown_events,injured_known_total,injured_lower_total,injured_unknown_events,records_per_million,no_record_means,employed_10k,tertiary_employed_10k,tertiary_employment_pct,employment_source
北京,2018,2192,87.09,62361,,R_NBS_POP,R_NBS_URBAN,R_NBS_INCOME,未获取同口径省级连续面板；不以登记失业率替代调查失业率,2,1,1,0,16,16,0,0.09124087591240876,公开核实记录,,,,
北京,2019,2190,87.35,67756,,R_NBS_POP,R_NBS_URBAN,R_NBS_INCOME,未获取同口径省级连续面板；不以登记失业率替代调查失业率,1,0,0,0,20,20,0,0.04566210045662101,公开核实记录,,,,
北京,2020,2189,87.55,69434,,R_NBS_POP,R_NBS_URBAN,R_NBS_INCOME,未获取同口径省级连续面板；不以登记失业率替代调查失业率,0,0,0,0,0,0,0,0.0,未检出，不代表实际零发生,,,,
北京,2021,2189,87.5,75002,,R_NBS_POP,R_NBS_URBAN,R_NBS_INCOME,未获取同口径省级连续面板；不以登记失业率替代调查失业率,0,0,0,0,0,0,0,0.0,未检出，不代表实际零发生,,,,
北京,2022,2184,87.57,77415,,R_NBS_POP,R_NBS_URBAN,R_NBS_INCOME,未获取同口径省级连续面板；不以登记失业率替代调查失业率,0,0,0,0,0,0,0,0.0,未检出，不代表实际零发生,,,,
北京,2023,2186,87.83,81752,,R_NBS_POP,R_NBS_URBAN,R_NBS_INCOME,未获取同口径省级连续面板；不以登记失业率替代调查失业率,0,0,0,0,0,0,0,0.0,未检出，不代表实际零发生,,,,
北京,2024,2183,88.22,85415,,R_NBS_POP,R_NBS_URBAN,R_NBS_INCOME,未获取同口径省级连续面板；不以登记失业率替代调查失业率,1,0,0,0,5,5,0,0.04580852038479157,公开核实记录,1118,917,82.02146690518784,R_NBS_EMPLOYMENT
天津,2018,1383,83.95,39506,,R_NBS_POP,R_NBS_URBAN,R_NBS_INCOME,未获取同口径省级连续面板；不以登记失业率替代调查失业率,0,0,0,0,0,0,0,0.0,未检出，不代表实际零发生,,,,
天津,2019,1385,84.31,42404,,R_NBS_POP,R_NBS_URBAN,R_NBS_INCOME,未获取同口径省级连续面板；不以登记失业率替代调查失业率,0,0,0,0,0,0,0,0.0,未检出，不代表实际零发生,,,,
天津,2020,1387,84.7,43854,,R_NBS_POP,R_NBS_URBAN,R_NBS_INCOME,未获取同口径省级连续面板；不以登记失业率替代调查失业率,1,1,1,0,0,0,1,0.07209805335255949,公开核实记录,,,,
天津,2021,1373,84.88,47449,,R_NBS_POP,R_NBS_URBAN,R_NBS_INCOME,未获取同口径省级连续面板；不以登记失业率替代调查失业率,0,0,0,0,0,0,0,0.0,未检出，不代表实际零发生,,,,
天津,2022,1363,85.11,48976,,R_NBS_POP,R_NBS_URBAN,R_NBS_INCOME,未获取同口径省级连续面板；不以登记失业率替代调查失业率,0,0,0,0,0,0,0,0.0,未检出，不代表实际零发生,,,,
天津,2023,1364,85.49,51271,,R_NBS_POP,R_NBS_URBAN,R_NBS_INCOME,未获取同口径省级连续面板；不以登记失业率替代调查失业率,0,0,0,0,0,0,0,0.0,未检出，不代表实际零发生,,,,
天津,2024,1364,86.01,53581,,R_NBS_POP,R_NBS_URBAN,R_NBS_INCOME,未获取同口径省级连续面板；不以登记失业率替代调查失业率,0,0,0,0,0,0,0,0.0,未检出，不代表实际零发生,634,390,61.51419558359621,R_NBS_EMPLOYMENT
河北,2018,7426,57.33,23446,,R_NBS_POP,R_NBS_URBAN,R_NBS_INCOME,未获取同口径省级连续面板；不以登记失业率替代调查失业率,1,7,7,0,10,10,0,0.013466199838405602,公开核实记录,,,,
河北,2019,7447,58.77,25665,,R_NBS_POP,R_NBS_URBAN,R_NBS_INCOME,未获取同口径省级连续面板；不以登记失业率替代调查失业率,0,0,0,0,0,0,0,0.0,未检出，不代表实际零发生,,,,
河北,2020,7464,60.07,27136,,R_NBS_POP,R_NBS_URBAN,R_NBS_INCOME,未获取同口径省级连续面板；不以登记失业率替代调查失业率,1,2,2,0,7,7,0,0.01339764201500536,公开核实记录,,,,
河北,2021,7448,61.14,29383,,R_NBS_POP,R_NBS_URBAN,R_NBS_INCOME,未获取同口径省级连续面板；不以登记失业率替代调查失业率,0,0,0,0,0,0,0,0.0,未检出，不代表实际零发生,,,,
河北,2022,7420,61.65,30867,,R_NBS_POP,R_NBS_URBAN,R_NBS_INCOME,未获取同口径省级连续面板；不以登记失业率替代调查失业率,0,0,0,0,0,0,0,0.0,未检出，不代表实际零发生,,,,
河北,2023,7393,62.77,32903,,R_NBS_POP,R_NBS_URBAN,R_NBS_INCOME,未获取同口径省级连续面板；不以登记失业率替代调查失业率,0,0,0,0,0,0,0,0.0,未检出，不代表实际零发生,,,,
河北,2024,7378,63.42,34665,,R_NBS_POP,R_NBS_URBAN,R_NBS_INCOME,未获取同口径省级连续面板；不以登记失业率替代调查失业率,0,0,0,0,0,0,0,0.0,未检出，不代表实际零发生,3614,1703,47.12230215827338,R_NBS_EMPLOYMENT
山西,2018,3502,59.85,21990,,R_NBS_POP,R_NBS_URBAN,R_NBS_INCOME,未获取同口径省级连续面板；不以登记失业率替代调查失业率,0,0,0,0,0,0,0,0.0,未检出，不代表实际零发生,,,,
山西,2019,3497,61.29,23828,,R_NBS_POP,R_NBS_URBAN,R_NBS_INCOME,未获取同口径省级连续面板；不以登记失业率替代调查失业率,0,0,0,0,0,0,0,0.0,未检出，不代表实际零发生,,,,
山西,2020,3490,62.53,25214,,R_NBS_POP,R_NBS_URBAN,R_NBS_INCOME,未获取同口径省级连续面板；不以登记失业率替代调查失业率,0,0,0,0,0,0,0,0.0,未检出，不代表实际零发生,,,,
山西,2021,3480,63.42,27426,,R_NBS_POP,R_NBS_URBAN,R_NBS_INCOME,未获取同口径省级连续面板；不以登记失业率替代调查失业率,0,0,0,0,0,0,0,0.0,未检出，不代表实际零发生,,,,
山西,2022,3481,63.96,29178,,R_NBS_POP,R_NBS_URBAN,R_NBS_INCOME,未获取同口径省级连续面板；不以登记失业率替代调查失业率,0,0,0,0,0,0,0,0.0,未检出，不代表实际零发生,,,,
山西,2023,3466,64.97,30924,,R_NBS_POP,R_NBS_URBAN,R_NBS_INCOME,未获取同口径省级连续面板；不以登记失业率替代调查失业率,0,0,0,0,0,0,0,0.0,未检出，不代表实际零发生,,,,
山西,2024,3446,66.32,32441,,R_NBS_POP,R_NBS_URBAN,R_NBS_INCOME,未获取同口径省级连续面板；不以登记失业率替代调查失业率,0,0,0,0,0,0,0,0.0,未检出，不代表实际零发生,1682,881,52.3781212841855,R_NBS_EMPLOYMENT
内蒙古,2018,2422,65.51,28376,,R_NBS_POP,R_NBS_URBAN,R_NBS_INCOME,未获取同口径省级连续面板；不以登记失业率替代调查失业率,0,0,0,0,0,0,0,0.0,未检出，不代表实际零发生,,,,
内蒙古,2019,2415,66.46,30555,,R_NBS_POP,R_NBS_URBAN,R_NBS_INCOME,未获取同口径省级连续面板；不以登记失业率替代调查失业率,0,0,0,0,0,0,0,0.0,未检出，不代表实际零发生,,,,
内蒙古,2020,2403,67.48,31497,,R_NBS_POP,R_NBS_URBAN,R_NBS_INCOME,未获取同口径省级连续面板；不以登记失业率替代调查失业率,0,0,0,0,0,0,0,0.0,未检出，不代表实际零发生,,,,
内蒙古,2021,2400,68.21,34108,,R_NBS_POP,R_NBS_URBAN,R_NBS_INCOME,未获取同口径省级连续面板；不以登记失业率替代调查失业率,0,0,0,0,0,0,0,0.0,未检出，不代表实际零发生,,,,
内蒙古,2022,2401,68.6,35921,,R_NBS_POP,R_NBS_URBAN,R_NBS_INCOME,未获取同口径省级连续面板；不以登记失业率替代调查失业率,0,0,0,0,0,0,0,0.0,未检出，不代表实际零发生,,,,
内蒙古,2023,2396,69.58,38130,,R_NBS_POP,R_NBS_URBAN,R_NBS_INCOME,未获取同口径省级连续面板；不以登记失业率替代调查失业率,0,0,0,0,0,0,0,0.0,未检出，不代表实际零发生,,,,
内蒙古,2024,2388,70.73,40077,,R_NBS_POP,R_NBS_URBAN,R_NBS_INCOME,未获取同口径省级连续面板；不以登记失业率替代调查失业率,0,0,0,0,0,0,0,0.0,未检出，不代表实际零发生,1198,589,49.165275459098496,R_NBS_EMPLOYMENT
辽宁,2018,4291,70.26,29701,,R_NBS_POP,R_NBS_URBAN,R_NBS_INCOME,未获取同口径省级连续面板；不以登记失业率替代调查失业率,1,6,6,0,20,20,0,0.023304591004427874,公开核实记录,,,,
辽宁,2019,4277,71.21,31820,,R_NBS_POP,R_NBS_URBAN,R_NBS_INCOME,未获取同口径省级连续面板；不以登记失业率替代调查失业率,0,0,0,0,0,0,0,0.0,未检出，不代表实际零发生,,,,
辽宁,2020,4255,72.14,32738,,R_NBS_POP,R_NBS_URBAN,R_NBS_INCOME,未获取同口径省级连续面板；不以登记失业率替代调查失业率,1,7,7,0,7,7,0,0.023501762632197415,公开核实记录,,,,
辽宁,2021,4229,72.81,35112,,R_NBS_POP,R_NBS_URBAN,R_NBS_INCOME,未获取同口径省级连续面板；不以登记失业率替代调查失业率,1,5,5,0,8,8,0,0.023646252069047056,公开核实记录,,,,
辽宁,2022,4197,73.0,36089,,R_NBS_POP,R_NBS_URBAN,R_NBS_INCOME,未获取同口径省级连续面板；不以登记失业率替代调查失业率,0,0,0,0,0,0,0,0.0,未检出，不代表实际零发生,,,,
辽宁,2023,4182,73.51,37992,,R_NBS_POP,R_NBS_URBAN,R_NBS_INCOME,未获取同口径省级连续面板；不以登记失业率替代调查失业率,0,0,0,0,0,0,0,0.0,未检出，不代表实际零发生,,,,
辽宁,2024,4155,74.18,39844,,R_NBS_POP,R_NBS_URBAN,R_NBS_INCOME,未获取同口径省级连续面板；不以登记失业率替代调查失业率,0,0,0,0,0,0,0,0.0,未检出，不代表实际零发生,2074,1045,50.38572806171649,R_NBS_EMPLOYMENT
吉林,2018,2484,60.85,22798,,R_NBS_POP,R_NBS_URBAN,R_NBS_INCOME,未获取同口径省级连续面板；不以登记失业率替代调查失业率,0,0,0,0,0,0,0,0.0,未检出，不代表实际零发生,,,,
吉林,2019,2448,61.63,24563,,R_NBS_POP,R_NBS_URBAN,R_NBS_INCOME,未获取同口径省级连续面板；不以登记失业率替代调查失业率,0,0,0,0,0,0,0,0.0,未检出，不代表实际零发生,,,,
吉林,2020,2399,62.64,25751,,R_NBS_POP,R_NBS_URBAN,R_NBS_INCOME,未获取同口径省级连续面板；不以登记失业率替代调查失业率,0,0,0,0,0,0,0,0.0,未检出，不代表实际零发生,,,,
吉林,2021,2375,63.36,27770,,R_NBS_POP,R_NBS_URBAN,R_NBS_INCOME,未获取同口径省级连续面板；不以登记失业率替代调查失业率,0,0,0,0,0,0,0,0.0,未检出，不代表实际零发生,,,,
吉林,2022,2348,63.72,27975,,R_NBS_POP,R_NBS_URBAN,R_NBS_INCOME,未获取同口径省级连续面板；不以登记失业率替代调查失业率,0,0,0,0,0,0,0,0.0,未检出，不代表实际零发生,,,,
吉林,2023,2339,64.73,29797,,R_NBS_POP,R_NBS_URBAN,R_NBS_INCOME,未获取同口径省级连续面板；不以登记失业率替代调查失业率,3,1,1,0,2,2,0,0.12825994014536127,公开核实记录,,,,
吉林,2024,2317,65.78,31318,,R_NBS_POP,R_NBS_URBAN,R_NBS_INCOME,未获取同口径省级连续面板；不以登记失业率替代调查失业率,0,0,0,0,0,0,0,0.0,未检出，不代表实际零发生,1161,546,47.02842377260982,R_NBS_EMPLOYMENT
黑龙江,2018,3327,63.46,22726,,R_NBS_POP,R_NBS_URBAN,R_NBS_INCOME,未获取同口径省级连续面板；不以登记失业率替代调查失业率,0,0,0,0,0,0,0,0.0,未检出，不代表实际零发生,,,,
黑龙江,2019,3255,64.62,24254,,R_NBS_POP,R_NBS_URBAN,R_NBS_INCOME,未获取同口径省级连续面板；不以登记失业率替代调查失业率,0,0,0,0,0,0,0,0.0,未检出，不代表实际零发生,,,,
黑龙江,2020,3171,65.61,24902,,R_NBS_POP,R_NBS_URBAN,R_NBS_INCOME,未获取同口径省级连续面板；不以登记失业率替代调查失业率,0,0,0,0,0,0,0,0.0,未检出，不代表实际零发生,,,,
黑龙江,2021,3125,65.69,27159,,R_NBS_POP,R_NBS_URBAN,R_NBS_INCOME,未获取同口径省级连续面板；不以登记失业率替代调查失业率,0,0,0,0,0,0,0,0.0,未检出，不代表实际零发生,,,,
黑龙江,2022,3099,66.21,28346,,R_NBS_POP,R_NBS_URBAN,R_NBS_INCOME,未获取同口径省级连续面板；不以登记失业率替代调查失业率,0,0,0,0,0,0,0,0.0,未检出，不代表实际零发生,,,,
黑龙江,2023,3062,67.11,29694,,R_NBS_POP,R_NBS_URBAN,R_NBS_INCOME,未获取同口径省级连续面板；不以登记失业率替代调查失业率,0,0,0,0,0,0,0,0.0,未检出，不代表实际零发生,,,,
黑龙江,2024,3029,68.05,31269,,R_NBS_POP,R_NBS_URBAN,R_NBS_INCOME,未获取同口径省级连续面板；不以登记失业率替代调查失业率,0,0,0,0,0,0,0,0.0,未检出，不代表实际零发生,1305,648,49.6551724137931,R_NBS_EMPLOYMENT
上海,2018,2475,89.13,64183,,R_NBS_POP,R_NBS_URBAN,R_NBS_INCOME,未获取同口径省级连续面板；不以登记失业率替代调查失业率,1,2,2,0,2,2,0,0.04040404040404041,公开核实记录,,,,
上海,2019,2481,89.22,69442,,R_NBS_POP,R_NBS_URBAN,R_NBS_INCOME,未获取同口径省级连续面板；不以登记失业率替代调查失业率,0,0,0,0,0,0,0,0.0,未检出，不代表实际零发生,,,,
上海,2020,2488,89.3,72232,,R_NBS_POP,R_NBS_URBAN,R_NBS_INCOME,未获取同口径省级连续面板；不以登记失业率替代调查失业率,0,0,0,0,0,0,0,0.0,未检出，不代表实际零发生,,,,
上海,2021,2489,89.3,78027,,R_NBS_POP,R_NBS_URBAN,R_NBS_INCOME,未获取同口径省级连续面板；不以登记失业率替代调查失业率,1,0,0,1,9,9,0,0.040176777822418644,公开核实记录,,,,
上海,2022,2475,89.33,79610,,R_NBS_POP,R_NBS_URBAN,R_NBS_INCOME,未获取同口径省级连续面板；不以登记失业率替代调查失业率,2,0,0,0,21,21,0,0.08080808080808081,公开核实记录,,,,
上海,2023,2487,89.46,84834,,R_NBS_POP,R_NBS_URBAN,R_NBS_INCOME,未获取同口径省级连续面板；不以登记失业率替代调查失业率,0,0,0,0,0,0,0,0.0,未检出，不代表实际零发生,,,,
上海,2024,2480,89.85,88366,,R_NBS_POP,R_NBS_URBAN,R_NBS_INCOME,未获取同口径省级连续面板；不以登记失业率替代调查失业率,1,3,3,0,15,15,0,0.04032258064516129,公开核实记录,1330,884,66.46616541353383,R_NBS_EMPLOYMENT
江苏,2018,8446,71.19,38096,,R_NBS_POP,R_NBS_URBAN,R_NBS_INCOME,未获取同口径省级连续面板；不以登记失业率替代调查失业率,1,0,0,0,7,7,0,0.011839924224484964,公开核实记录,,,,
江苏,2019,8469,72.47,41400,,R_NBS_POP,R_NBS_URBAN,R_NBS_INCOME,未获取同口径省级连续面板；不以登记失业率替代调查失业率,0,0,0,0,0,0,0,0.0,未检出，不代表实际零发生,,,,
江苏,2020,8477,73.44,43390,,R_NBS_POP,R_NBS_URBAN,R_NBS_INCOME,未获取同口径省级连续面板；不以登记失业率替代调查失业率,0,0,0,0,0,0,0,0.0,未检出，不代表实际零发生,,,,
江苏,2021,8505,73.94,47498,,R_NBS_POP,R_NBS_URBAN,R_NBS_INCOME,未获取同口径省级连续面板；不以登记失业率替代调查失业率,0,0,0,0,0,0,0,0.0,未检出，不代表实际零发生,,,,
江苏,2022,8515,74.42,49862,,R_NBS_POP,R_NBS_URBAN,R_NBS_INCOME,未获取同口径省级连续面板；不以登记失业率替代调查失业率,0,0,0,0,0,0,0,0.0,未检出，不代表实际零发生,,,,
江苏,2023,8526,75.04,52674,,R_NBS_POP,R_NBS_URBAN,R_NBS_INCOME,未获取同口径省级连续面板；不以登记失业率替代调查失业率,0,0,0,0,0,0,0,0.0,未检出，不代表实际零发生,,,,
江苏,2024,8526,75.53,55415,,R_NBS_POP,R_NBS_URBAN,R_NBS_INCOME,未获取同口径省级连续面板；不以登记失业率替代调查失业率,2,9,9,0,19,19,0,0.02345765892563922,公开核实记录,4793,2263,47.21468808679324,R_NBS_EMPLOYMENT
浙江,2018,6273,70.02,45840,,R_NBS_POP,R_NBS_URBAN,R_NBS_INCOME,未获取同口径省级连续面板；不以登记失业率替代调查失业率,0,0,0,0,0,0,0,0.0,未检出，不代表实际零发生,,,,
浙江,2019,6375,71.58,49899,,R_NBS_POP,R_NBS_URBAN,R_NBS_INCOME,未获取同口径省级连续面板；不以登记失业率替代调查失业率,0,0,0,0,0,0,0,0.0,未检出，不代表实际零发生,,,,
浙江,2020,6468,72.17,52397,,R_NBS_POP,R_NBS_URBAN,R_NBS_INCOME,未获取同口径省级连续面板；不以登记失业率替代调查失业率,0,0,0,0,0,0,0,0.0,未检出，不代表实际零发生,,,,
浙江,2021,6540,72.66,57541,,R_NBS_POP,R_NBS_URBAN,R_NBS_INCOME,未获取同口径省级连续面板；不以登记失业率替代调查失业率,1,0,0,0,4,4,0,0.015290519877675839,公开核实记录,,,,
浙江,2022,6577,73.38,60302,,R_NBS_POP,R_NBS_URBAN,R_NBS_INCOME,未获取同口径省级连续面板；不以登记失业率替代调查失业率,0,0,0,0,0,0,0,0.0,未检出，不代表实际零发生,,,,
浙江,2023,6627,74.23,63830,,R_NBS_POP,R_NBS_URBAN,R_NBS_INCOME,未获取同口径省级连续面板；不以登记失业率替代调查失业率,0,0,0,0,0,0,0,0.0,未检出，不代表实际零发生,,,,
浙江,2024,6670,75.46,67013,,R_NBS_POP,R_NBS_URBAN,R_NBS_INCOME,未获取同口径省级连续面板；不以登记失业率替代调查失业率,0,0,0,0,0,0,0,0.0,未检出，不代表实际零发生,3924,1988,50.66258919469929,R_NBS_EMPLOYMENT
安徽,2018,6076,55.65,23984,,R_NBS_POP,R_NBS_URBAN,R_NBS_INCOME,未获取同口径省级连续面板；不以登记失业率替代调查失业率,0,0,0,0,0,0,0,0.0,未检出，不代表实际零发生,,,,
安徽,2019,6092,57.02,26415,,R_NBS_POP,R_NBS_URBAN,R_NBS_INCOME,未获取同口径省级连续面板；不以登记失业率替代调查失业率,0,0,0,0,0,0,0,0.0,未检出，不代表实际零发生,,,,
安徽,2020,6105,58.33,28103,,R_NBS_POP,R_NBS_URBAN,R_NBS_INCOME,未获取同口径省级连续面板；不以登记失业率替代调查失业率,0,0,0,0,0,0,0,0.0,未检出，不代表实际零发生,,,,
安徽,2021,6113,59.39,30904,,R_NBS_POP,R_NBS_URBAN,R_NBS_INCOME,未获取同口径省级连续面板；不以登记失业率替代调查失业率,1,7,7,0,13,13,0,0.016358580075249467,公开核实记录,,,,
安徽,2022,6127,60.15,32745,,R_NBS_POP,R_NBS_URBAN,R_NBS_INCOME,未获取同口径省级连续面板；不以登记失业率替代调查失业率,0,0,0,0,0,0,0,0.0,未检出，不代表实际零发生,,,,
安徽,2023,6121,61.51,34893,,R_NBS_POP,R_NBS_URBAN,R_NBS_INCOME,未获取同口径省级连续面板；不以登记失业率替代调查失业率,0,0,0,0,0,0,0,0.0,未检出，不代表实际零发生,,,,
安徽,2024,6123,62.57,36782,,R_NBS_POP,R_NBS_URBAN,R_NBS_INCOME,未获取同口径省级连续面板；不以登记失业率替代调查失业率,0,0,0,0,0,0,0,0.0,未检出，不代表实际零发生,3171,1415,44.62314727215389,R_NBS_EMPLOYMENT
福建,2018,4104,66.98,32644,,R_NBS_POP,R_NBS_URBAN,R_NBS_INCOME,未获取同口径省级连续面板；不以登记失业率替代调查失业率,0,0,0,0,0,0,0,0.0,未检出，不代表实际零发生,,,,
福建,2019,4137,67.87,35616,,R_NBS_POP,R_NBS_URBAN,R_NBS_INCOME,未获取同口径省级连续面板；不以登记失业率替代调查失业率,1,1,1,0,1,1,0,0.024172105390379502,公开核实记录,,,,
福建,2020,4161,68.75,37202,,R_NBS_POP,R_NBS_URBAN,R_NBS_INCOME,未获取同口径省级连续面板；不以登记失业率替代调查失业率,0,0,0,0,0,0,0,0.0,未检出，不代表实际零发生,,,,
福建,2021,4187,69.7,40659,,R_NBS_POP,R_NBS_URBAN,R_NBS_INCOME,未获取同口径省级连续面板；不以登记失业率替代调查失业率,0,0,0,0,0,0,0,0.0,未检出，不代表实际零发生,,,,
福建,2022,4188,70.11,43118,,R_NBS_POP,R_NBS_URBAN,R_NBS_INCOME,未获取同口径省级连续面板；不以登记失业率替代调查失业率,1,1,1,0,0,0,0,0.02387774594078319,公开核实记录,,,,
福建,2023,4183,71.04,45426,,R_NBS_POP,R_NBS_URBAN,R_NBS_INCOME,未获取同口径省级连续面板；不以登记失业率替代调查失业率,0,0,0,0,0,0,0,0.0,未检出，不代表实际零发生,,,,
福建,2024,4193,71.8,47857,,R_NBS_POP,R_NBS_URBAN,R_NBS_INCOME,未获取同口径省级连续面板；不以登记失业率替代调查失业率,0,0,0,0,0,0,0,0.0,未检出，不代表实际零发生,2175,1174,53.97701149425287,R_NBS_EMPLOYMENT
江西,2018,4513,57.34,24080,,R_NBS_POP,R_NBS_URBAN,R_NBS_INCOME,未获取同口径省级连续面板；不以登记失业率替代调查失业率,0,0,0,0,0,0,0,0.0,未检出，不代表实际零发生,,,,
江西,2019,4516,59.07,26262,,R_NBS_POP,R_NBS_URBAN,R_NBS_INCOME,未获取同口径省级连续面板；不以登记失业率替代调查失业率,1,1,1,0,0,0,0,0.022143489813994686,公开核实记录,,,,
江西,2020,4519,60.44,28017,,R_NBS_POP,R_NBS_URBAN,R_NBS_INCOME,未获取同口径省级连续面板；不以登记失业率替代调查失业率,0,0,0,0,0,0,0,0.0,未检出，不代表实际零发生,,,,
江西,2021,4517,61.46,30610,,R_NBS_POP,R_NBS_URBAN,R_NBS_INCOME,未获取同口径省级连续面板；不以登记失业率替代调查失业率,0,0,0,0,0,0,0,0.0,未检出，不代表实际零发生,,,,
江西,2022,4528,62.07,32419,,R_NBS_POP,R_NBS_URBAN,R_NBS_INCOME,未获取同口径省级连续面板；不以登记失业率替代调查失业率,0,0,0,0,0,0,0,0.0,未检出，不代表实际零发生,,,,
江西,2023,4515,63.13,34242,,R_NBS_POP,R_NBS_URBAN,R_NBS_INCOME,未获取同口径省级连续面板；不以登记失业率替代调查失业率,0,0,0,0,0,0,0,0.0,未检出，不代表实际零发生,,,,
江西,2024,4502,63.77,36007,,R_NBS_POP,R_NBS_URBAN,R_NBS_INCOME,未获取同口径省级连续面板；不以登记失业率替代调查失业率,1,2,2,0,10,10,0,0.02221235006663705,公开核实记录,2198,1066,48.49863512283894,R_NBS_EMPLOYMENT
山东,2018,10077,61.46,29205,,R_NBS_POP,R_NBS_URBAN,R_NBS_INCOME,未获取同口径省级连续面板；不以登记失业率替代调查失业率,1,1,1,0,0,10,1,0.009923588369554431,公开核实记录,,,,
山东,2019,10106,61.86,31597,,R_NBS_POP,R_NBS_URBAN,R_NBS_INCOME,未获取同口径省级连续面板；不以登记失业率替代调查失业率,0,0,0,0,0,0,0,0.0,未检出，不代表实际零发生,,,,
山东,2020,10165,63.05,32886,,R_NBS_POP,R_NBS_URBAN,R_NBS_INCOME,未获取同口径省级连续面板；不以登记失业率替代调查失业率,0,0,0,0,0,0,0,0.0,未检出，不代表实际零发生,,,,
山东,2021,10170,63.94,35705,,R_NBS_POP,R_NBS_URBAN,R_NBS_INCOME,未获取同口径省级连续面板；不以登记失业率替代调查失业率,0,0,0,0,0,0,0,0.0,未检出，不代表实际零发生,,,,
山东,2022,10163,64.54,37560,,R_NBS_POP,R_NBS_URBAN,R_NBS_INCOME,未获取同口径省级连续面板；不以登记失业率替代调查失业率,0,0,0,0,0,0,0,0.0,未检出，不代表实际零发生,,,,
山东,2023,10123,65.53,39890,,R_NBS_POP,R_NBS_URBAN,R_NBS_INCOME,未获取同口径省级连续面板；不以登记失业率替代调查失业率,1,1,1,0,6,6,0,0.009878494517435542,公开核实记录,,,,
山东,2024,10080,66.48,42077,,R_NBS_POP,R_NBS_URBAN,R_NBS_INCOME,未获取同口径省级连续面板；不以登记失业率替代调查失业率,0,0,0,0,0,0,0,0.0,未检出，不代表实际零发生,5315,2301,43.29256820319849,R_NBS_EMPLOYMENT
河南,2018,9864,52.24,21964,,R_NBS_POP,R_NBS_URBAN,R_NBS_INCOME,未获取同口径省级连续面板；不以登记失业率替代调查失业率,0,0,0,0,0,0,0,0.0,未检出，不代表实际零发生,,,,
河南,2019,9901,54.01,23903,,R_NBS_POP,R_NBS_URBAN,R_NBS_INCOME,未获取同口径省级连续面板；不以登记失业率替代调查失业率,0,0,0,0,0,0,0,0.0,未检出，不代表实际零发生,,,,
河南,2020,9941,55.43,24810,,R_NBS_POP,R_NBS_URBAN,R_NBS_INCOME,未获取同口径省级连续面板；不以登记失业率替代调查失业率,0,0,0,0,0,0,0,0.0,未检出，不代表实际零发生,,,,
河南,2021,9883,56.45,26811,,R_NBS_POP,R_NBS_URBAN,R_NBS_INCOME,未获取同口径省级连续面板；不以登记失业率替代调查失业率,1,0,0,0,14,14,0,0.010118385105737124,公开核实记录,,,,
河南,2022,9872,57.07,28222,,R_NBS_POP,R_NBS_URBAN,R_NBS_INCOME,未获取同口径省级连续面板；不以登记失业率替代调查失业率,0,0,0,0,0,0,0,0.0,未检出，不代表实际零发生,,,,
河南,2023,9815,58.08,29933,,R_NBS_POP,R_NBS_URBAN,R_NBS_INCOME,未获取同口径省级连续面板；不以登记失业率替代调查失业率,0,0,0,0,0,0,0,0.0,未检出，不代表实际零发生,,,,
河南,2024,9785,59.22,31552,,R_NBS_POP,R_NBS_URBAN,R_NBS_INCOME,未获取同口径省级连续面板；不以登记失业率替代调查失业率,0,0,0,0,0,0,0,0.0,未检出，不代表实际零发生,4800,2197,45.770833333333336,R_NBS_EMPLOYMENT
湖北,2018,5917,61.0,25815,,R_NBS_POP,R_NBS_URBAN,R_NBS_INCOME,未获取同口径省级连续面板；不以登记失业率替代调查失业率,0,0,0,0,0,0,0,0.0,未检出，不代表实际零发生,,,,
湖北,2019,5927,61.83,28319,,R_NBS_POP,R_NBS_URBAN,R_NBS_INCOME,未获取同口径省级连续面板；不以登记失业率替代调查失业率,1,8,8,0,2,2,0,0.016871941960519655,公开核实记录,,,,
湖北,2020,5745,62.89,27881,,R_NBS_POP,R_NBS_URBAN,R_NBS_INCOME,未获取同口径省级连续面板；不以登记失业率替代调查失业率,0,0,0,0,0,0,0,0.0,未检出，不代表实际零发生,,,,
湖北,2021,5830,64.09,30829,,R_NBS_POP,R_NBS_URBAN,R_NBS_INCOME,未获取同口径省级连续面板；不以登记失业率替代调查失业率,0,0,0,0,0,0,0,0.0,未检出，不代表实际零发生,,,,
湖北,2022,5844,64.67,32914,,R_NBS_POP,R_NBS_URBAN,R_NBS_INCOME,未获取同口径省级连续面板；不以登记失业率替代调查失业率,0,0,0,0,0,0,0,0.0,未检出，不代表实际零发生,,,,
湖北,2023,5838,65.47,35146,,R_NBS_POP,R_NBS_URBAN,R_NBS_INCOME,未获取同口径省级连续面板；不以登记失业率替代调查失业率,0,0,0,0,0,0,0,0.0,未检出，不代表实际零发生,,,,
湖北,2024,5834,66.35,36947,,R_NBS_POP,R_NBS_URBAN,R_NBS_INCOME,未获取同口径省级连续面板；不以登记失业率替代调查失业率,0,0,0,0,0,0,0,0.0,未检出，不代表实际零发生,3211,1512,47.08813453752725,R_NBS_EMPLOYMENT
湖南,2018,6635,56.09,25241,,R_NBS_POP,R_NBS_URBAN,R_NBS_INCOME,未获取同口径省级连续面板；不以登记失业率替代调查失业率,1,15,15,0,43,43,0,0.015071590052750567,公开核实记录,,,,
湖南,2019,6640,57.45,27680,,R_NBS_POP,R_NBS_URBAN,R_NBS_INCOME,未获取同口径省级连续面板；不以登记失业率替代调查失业率,1,2,2,0,2,2,0,0.01506024096385542,公开核实记录,,,,
湖南,2020,6645,58.76,29380,,R_NBS_POP,R_NBS_URBAN,R_NBS_INCOME,未获取同口径省级连续面板；不以登记失业率替代调查失业率,1,0,0,0,4,4,0,0.015048908954100828,公开核实记录,,,,
湖南,2021,6622,59.71,31993,,R_NBS_POP,R_NBS_URBAN,R_NBS_INCOME,未获取同口径省级连续面板；不以登记失业率替代调查失业率,0,0,0,0,0,0,0,0.0,未检出，不代表实际零发生,,,,
湖南,2022,6604,60.31,34036,,R_NBS_POP,R_NBS_URBAN,R_NBS_INCOME,未获取同口径省级连续面板；不以登记失业率替代调查失业率,0,0,0,0,0,0,0,0.0,未检出，不代表实际零发生,,,,
湖南,2023,6568,61.16,35895,,R_NBS_POP,R_NBS_URBAN,R_NBS_INCOME,未获取同口径省级连续面板；不以登记失业率替代调查失业率,0,0,0,0,0,0,0,0.0,未检出，不代表实际零发生,,,,
湖南,2024,6539,62.07,37679,,R_NBS_POP,R_NBS_URBAN,R_NBS_INCOME,未获取同口径省级连续面板；不以登记失业率替代调查失业率,1,0,0,0,30,30,0,0.01529285823520416,公开核实记录,3198,1594,49.84365228267667,R_NBS_EMPLOYMENT
广东,2018,12348,71.81,35810,,R_NBS_POP,R_NBS_URBAN,R_NBS_INCOME,未获取同口径省级连续面板；不以登记失业率替代调查失业率,0,0,0,0,0,0,0,0.0,未检出，不代表实际零发生,,,,
广东,2019,12489,72.65,39014,,R_NBS_POP,R_NBS_URBAN,R_NBS_INCOME,未获取同口径省级连续面板；不以登记失业率替代调查失业率,0,0,0,0,0,0,0,0.0,未检出，不代表实际零发生,,,,
广东,2020,12624,74.15,41029,,R_NBS_POP,R_NBS_URBAN,R_NBS_INCOME,未获取同口径省级连续面板；不以登记失业率替代调查失业率,0,0,0,0,0,0,0,0.0,未检出，不代表实际零发生,,,,
广东,2021,12684,74.63,44993,,R_NBS_POP,R_NBS_URBAN,R_NBS_INCOME,未获取同口径省级连续面板；不以登记失业率替代调查失业率,0,0,0,0,0,0,0,0.0,未检出，不代表实际零发生,,,,
广东,2022,12657,74.79,47065,,R_NBS_POP,R_NBS_URBAN,R_NBS_INCOME,未获取同口径省级连续面板；不以登记失业率替代调查失业率,0,0,0,0,0,0,0,0.0,未检出，不代表实际零发生,,,,
广东,2023,12706,75.42,49327,,R_NBS_POP,R_NBS_URBAN,R_NBS_INCOME,未获取同口径省级连续面板；不以登记失业率替代调查失业率,1,6,6,0,0,25,1,0.007870297497245396,公开核实记录,,,,
广东,2024,12780,75.91,51474,,R_NBS_POP,R_NBS_URBAN,R_NBS_INCOME,未获取同口径省级连续面板；不以登记失业率替代调查失业率,3,36,36,0,46,46,0,0.023474178403755867,公开核实记录,7061,3816,54.04333663786999,R_NBS_EMPLOYMENT
广西,2018,4947,51.82,21485,,R_NBS_POP,R_NBS_URBAN,R_NBS_INCOME,未获取同口径省级连续面板；不以登记失业率替代调查失业率,0,0,0,0,0,0,0,0.0,未检出，不代表实际零发生,,,,
广西,2019,4982,52.98,23328,,R_NBS_POP,R_NBS_URBAN,R_NBS_INCOME,未获取同口径省级连续面板；不以登记失业率替代调查失业率,0,0,0,0,0,0,0,0.0,未检出，不代表实际零发生,,,,
广西,2020,5019,54.2,24562,,R_NBS_POP,R_NBS_URBAN,R_NBS_INCOME,未获取同口径省级连续面板；不以登记失业率替代调查失业率,0,0,0,0,0,0,0,0.0,未检出，不代表实际零发生,,,,
广西,2021,5037,55.08,26727,,R_NBS_POP,R_NBS_URBAN,R_NBS_INCOME,未获取同口径省级连续面板；不以登记失业率替代调查失业率,0,0,0,0,0,0,0,0.0,未检出，不代表实际零发生,,,,
广西,2022,5047,55.65,27981,,R_NBS_POP,R_NBS_URBAN,R_NBS_INCOME,未获取同口径省级连续面板；不以登记失业率替代调查失业率,0,0,0,0,0,0,0,0.0,未检出，不代表实际零发生,,,,
广西,2023,5027,56.78,29514,,R_NBS_POP,R_NBS_URBAN,R_NBS_INCOME,未获取同口径省级连续面板；不以登记失业率替代调查失业率,0,0,0,0,0,0,0,0.0,未检出，不代表实际零发生,,,,
广西,2024,5013,57.39,31125,,R_NBS_POP,R_NBS_URBAN,R_NBS_INCOME,未获取同口径省级连续面板；不以登记失业率替代调查失业率,0,0,0,0,0,0,0,0.0,未检出，不代表实际零发生,2483,1059,42.65002013693113,R_NBS_EMPLOYMENT
海南,2018,982,59.13,24579,,R_NBS_POP,R_NBS_URBAN,R_NBS_INCOME,未获取同口径省级连续面板；不以登记失业率替代调查失业率,0,0,0,0,0,0,0,0.0,未检出，不代表实际零发生,,,,
海南,2019,995,59.37,26679,,R_NBS_POP,R_NBS_URBAN,R_NBS_INCOME,未获取同口径省级连续面板；不以登记失业率替代调查失业率,0,0,0,0,0,0,0,0.0,未检出，不代表实际零发生,,,,
海南,2020,1012,60.27,27904,,R_NBS_POP,R_NBS_URBAN,R_NBS_INCOME,未获取同口径省级连续面板；不以登记失业率替代调查失业率,0,0,0,0,0,0,0,0.0,未检出，不代表实际零发生,,,,
海南,2021,1020,60.97,30457,,R_NBS_POP,R_NBS_URBAN,R_NBS_INCOME,未获取同口径省级连续面板；不以登记失业率替代调查失业率,0,0,0,0,0,0,0,0.0,未检出，不代表实际零发生,,,,
海南,2022,1027,61.49,30957,,R_NBS_POP,R_NBS_URBAN,R_NBS_INCOME,未获取同口径省级连续面板；不以登记失业率替代调查失业率,0,0,0,0,0,0,0,0.0,未检出，不代表实际零发生,,,,
海南,2023,1043,62.46,33192,,R_NBS_POP,R_NBS_URBAN,R_NBS_INCOME,未获取同口径省级连续面板；不以登记失业率替代调查失业率,0,0,0,0,0,0,0,0.0,未检出，不代表实际零发生,,,,
海南,2024,1048,63.08,34829,,R_NBS_POP,R_NBS_URBAN,R_NBS_INCOME,未获取同口径省级连续面板；不以登记失业率替代调查失业率,0,0,0,0,0,0,0,0.0,未检出，不代表实际零发生,551,324,58.8021778584392,R_NBS_EMPLOYMENT
重庆,2018,3163,66.61,26386,,R_NBS_POP,R_NBS_URBAN,R_NBS_INCOME,未获取同口径省级连续面板；不以登记失业率替代调查失业率,2,0,0,0,19,19,0,0.06323110970597534,公开核实记录,,,,
重庆,2019,3188,68.24,28920,,R_NBS_POP,R_NBS_URBAN,R_NBS_INCOME,未获取同口径省级连续面板；不以登记失业率替代调查失业率,1,1,1,0,0,0,1,0.03136762860727729,公开核实记录,,,,
重庆,2020,3209,69.46,30824,,R_NBS_POP,R_NBS_URBAN,R_NBS_INCOME,未获取同口径省级连续面板；不以登记失业率替代调查失业率,0,0,0,0,0,0,0,0.0,未检出，不代表实际零发生,,,,
重庆,2021,3212,70.32,33803,,R_NBS_POP,R_NBS_URBAN,R_NBS_INCOME,未获取同口径省级连续面板；不以登记失业率替代调查失业率,0,0,0,0,0,0,0,0.0,未检出，不代表实际零发生,,,,
重庆,2022,3213,70.96,35666,,R_NBS_POP,R_NBS_URBAN,R_NBS_INCOME,未获取同口径省级连续面板；不以登记失业率替代调查失业率,0,0,0,0,0,0,0,0.0,未检出，不代表实际零发生,,,,
重庆,2023,3191,71.67,37595,,R_NBS_POP,R_NBS_URBAN,R_NBS_INCOME,未获取同口径省级连续面板；不以登记失业率替代调查失业率,1,0,0,0,1,1,0,0.031338138514572234,公开核实记录,,,,
重庆,2024,3190,72.14,39713,,R_NBS_POP,R_NBS_URBAN,R_NBS_INCOME,未获取同口径省级连续面板；不以登记失业率替代调查失业率,0,0,0,0,0,0,0,0.0,未检出，不代表实际零发生,1651,882,53.422168382798304,R_NBS_EMPLOYMENT
四川,2018,8321,53.5,22461,,R_NBS_POP,R_NBS_URBAN,R_NBS_INCOME,未获取同口径省级连续面板；不以登记失业率替代调查失业率,1,0,0,0,0,17,1,0.012017786323759164,公开核实记录,,,,
四川,2019,8351,55.36,24703,,R_NBS_POP,R_NBS_URBAN,R_NBS_INCOME,未获取同口径省级连续面板；不以登记失业率替代调查失业率,0,0,0,0,0,0,0,0.0,未检出，不代表实际零发生,,,,
四川,2020,8371,56.73,26522,,R_NBS_POP,R_NBS_URBAN,R_NBS_INCOME,未获取同口径省级连续面板；不以登记失业率替代调查失业率,0,0,0,0,0,0,0,0.0,未检出，不代表实际零发生,,,,
四川,2021,8372,57.82,29080,,R_NBS_POP,R_NBS_URBAN,R_NBS_INCOME,未获取同口径省级连续面板；不以登记失业率替代调查失业率,0,0,0,0,0,0,0,0.0,未检出，不代表实际零发生,,,,
四川,2022,8374,58.35,30679,,R_NBS_POP,R_NBS_URBAN,R_NBS_INCOME,未获取同口径省级连续面板；不以登记失业率替代调查失业率,0,0,0,0,0,0,0,0.0,未检出，不代表实际零发生,,,,
四川,2023,8368,59.49,32514,,R_NBS_POP,R_NBS_URBAN,R_NBS_INCOME,未获取同口径省级连续面板；不以登记失业率替代调查失业率,0,0,0,0,0,0,0,0.0,未检出，不代表实际零发生,,,,
四川,2024,8364,60.1,34325,,R_NBS_POP,R_NBS_URBAN,R_NBS_INCOME,未获取同口径省级连续面板；不以登记失业率替代调查失业率,1,0,0,0,3,3,0,0.011956001912960305,公开核实记录,4663,2095,44.92815783830152,R_NBS_EMPLOYMENT
贵州,2018,3822,49.54,18430,,R_NBS_POP,R_NBS_URBAN,R_NBS_INCOME,未获取同口径省级连续面板；不以登记失业率替代调查失业率,0,0,0,0,0,0,0,0.0,未检出，不代表实际零发生,,,,
贵州,2019,3848,51.48,20397,,R_NBS_POP,R_NBS_URBAN,R_NBS_INCOME,未获取同口径省级连续面板；不以登记失业率替代调查失业率,0,0,0,0,0,0,0,0.0,未检出，不代表实际零发生,,,,
贵州,2020,3858,53.15,21795,,R_NBS_POP,R_NBS_URBAN,R_NBS_INCOME,未获取同口径省级连续面板；不以登记失业率替代调查失业率,1,20,20,0,15,15,0,0.02592016588906169,公开核实记录,,,,
贵州,2021,3852,54.33,23996,,R_NBS_POP,R_NBS_URBAN,R_NBS_INCOME,未获取同口径省级连续面板；不以登记失业率替代调查失业率,0,0,0,0,0,0,0,0.0,未检出，不代表实际零发生,,,,
贵州,2022,3856,54.81,25508,,R_NBS_POP,R_NBS_URBAN,R_NBS_INCOME,未获取同口径省级连续面板；不以登记失业率替代调查失业率,0,0,0,0,0,0,0,0.0,未检出，不代表实际零发生,,,,
贵州,2023,3865,55.94,27098,,R_NBS_POP,R_NBS_URBAN,R_NBS_INCOME,未获取同口径省级连续面板；不以登记失业率替代调查失业率,0,0,0,0,0,0,0,0.0,未检出，不代表实际零发生,,,,
贵州,2024,3860,56.65,28561,,R_NBS_POP,R_NBS_URBAN,R_NBS_INCOME,未获取同口径省级连续面板；不以登记失业率替代调查失业率,0,0,0,0,0,0,0,0.0,未检出，不代表实际零发生,1869,788,42.161583734617444,R_NBS_EMPLOYMENT
云南,2018,4703,47.44,20084,,R_NBS_POP,R_NBS_URBAN,R_NBS_INCOME,未获取同口径省级连续面板；不以登记失业率替代调查失业率,0,0,0,0,0,0,0,0.0,未检出，不代表实际零发生,,,,
云南,2019,4714,48.67,22082,,R_NBS_POP,R_NBS_URBAN,R_NBS_INCOME,未获取同口径省级连续面板；不以登记失业率替代调查失业率,1,0,0,0,54,54,0,0.021213406873143825,公开核实记录,,,,
云南,2020,4722,50.05,23295,,R_NBS_POP,R_NBS_URBAN,R_NBS_INCOME,未获取同口径省级连续面板；不以登记失业率替代调查失业率,0,0,0,0,0,0,0,0.0,未检出，不代表实际零发生,,,,
云南,2021,4690,51.05,25666,,R_NBS_POP,R_NBS_URBAN,R_NBS_INCOME,未获取同口径省级连续面板；不以登记失业率替代调查失业率,0,0,0,0,0,0,0,0.0,未检出，不代表实际零发生,,,,
云南,2022,4693,51.72,26937,,R_NBS_POP,R_NBS_URBAN,R_NBS_INCOME,未获取同口径省级连续面板；不以登记失业率替代调查失业率,0,0,0,0,0,0,0,0.0,未检出，不代表实际零发生,,,,
云南,2023,4673,52.92,28421,,R_NBS_POP,R_NBS_URBAN,R_NBS_INCOME,未获取同口径省级连续面板；不以登记失业率替代调查失业率,0,0,0,0,0,0,0,0.0,未检出，不代表实际零发生,,,,
云南,2024,4655,54.11,29932,,R_NBS_POP,R_NBS_URBAN,R_NBS_INCOME,未获取同口径省级连续面板；不以登记失业率替代调查失业率,0,0,0,0,0,0,0,0.0,未检出，不代表实际零发生,2707,1074,39.67491688215737,R_NBS_EMPLOYMENT
西藏,2018,354,33.8,17286,,R_NBS_POP,R_NBS_URBAN,R_NBS_INCOME,未获取同口径省级连续面板；不以登记失业率替代调查失业率,0,0,0,0,0,0,0,0.0,未检出，不代表实际零发生,,,,
西藏,2019,361,34.51,19501,,R_NBS_POP,R_NBS_URBAN,R_NBS_INCOME,未获取同口径省级连续面板；不以登记失业率替代调查失业率,0,0,0,0,0,0,0,0.0,未检出，不代表实际零发生,,,,
西藏,2020,366,35.73,21744,,R_NBS_POP,R_NBS_URBAN,R_NBS_INCOME,未获取同口径省级连续面板；不以登记失业率替代调查失业率,0,0,0,0,0,0,0,0.0,未检出，不代表实际零发生,,,,
西藏,2021,366,36.61,24950,,R_NBS_POP,R_NBS_URBAN,R_NBS_INCOME,未获取同口径省级连续面板；不以登记失业率替代调查失业率,0,0,0,0,0,0,0,0.0,未检出，不代表实际零发生,,,,
西藏,2022,364,37.39,26675,,R_NBS_POP,R_NBS_URBAN,R_NBS_INCOME,未获取同口径省级连续面板；不以登记失业率替代调查失业率,0,0,0,0,0,0,0,0.0,未检出，不代表实际零发生,,,,
西藏,2023,365,38.88,28983,,R_NBS_POP,R_NBS_URBAN,R_NBS_INCOME,未获取同口径省级连续面板；不以登记失业率替代调查失业率,0,0,0,0,0,0,0,0.0,未检出，不代表实际零发生,,,,
西藏,2024,370,39.68,31358,,R_NBS_POP,R_NBS_URBAN,R_NBS_INCOME,未获取同口径省级连续面板；不以登记失业率替代调查失业率,0,0,0,0,0,0,0,0.0,未检出，不代表实际零发生,195,99,50.76923076923077,R_NBS_EMPLOYMENT
陕西,2018,3931,59.65,22528,,R_NBS_POP,R_NBS_URBAN,R_NBS_INCOME,未获取同口径省级连续面板；不以登记失业率替代调查失业率,2,13,13,0,19,19,0,0.050877639277537516,公开核实记录,,,,
陕西,2019,3944,61.28,24666,,R_NBS_POP,R_NBS_URBAN,R_NBS_INCOME,未获取同口径省级连续面板；不以登记失业率替代调查失业率,0,0,0,0,0,0,0,0.0,未检出，不代表实际零发生,,,,
陕西,2020,3955,62.66,26226,,R_NBS_POP,R_NBS_URBAN,R_NBS_INCOME,未获取同口径省级连续面板；不以登记失业率替代调查失业率,1,2,2,0,1,1,0,0.025284450063211127,公开核实记录,,,,
陕西,2021,3954,63.63,28568,,R_NBS_POP,R_NBS_URBAN,R_NBS_INCOME,未获取同口径省级连续面板；不以登记失业率替代调查失业率,0,0,0,0,0,0,0,0.0,未检出，不代表实际零发生,,,,
陕西,2022,3956,64.02,30116,,R_NBS_POP,R_NBS_URBAN,R_NBS_INCOME,未获取同口径省级连续面板；不以登记失业率替代调查失业率,0,0,0,0,0,0,0,0.0,未检出，不代表实际零发生,,,,
陕西,2023,3952,65.16,32128,,R_NBS_POP,R_NBS_URBAN,R_NBS_INCOME,未获取同口径省级连续面板；不以登记失业率替代调查失业率,0,0,0,0,0,0,0,0.0,未检出，不代表实际零发生,,,,
陕西,2024,3953,66.14,33905,,R_NBS_POP,R_NBS_URBAN,R_NBS_INCOME,未获取同口径省级连续面板；不以登记失业率替代调查失业率,0,0,0,0,0,0,0,0.0,未检出，不代表实际零发生,2067,1039,50.26608611514272,R_NBS_EMPLOYMENT
甘肃,2018,2515,49.69,17488,,R_NBS_POP,R_NBS_URBAN,R_NBS_INCOME,未获取同口径省级连续面板；不以登记失业率替代调查失业率,0,0,0,0,0,0,0,0.0,未检出，不代表实际零发生,,,,
甘肃,2019,2509,50.7,19139,,R_NBS_POP,R_NBS_URBAN,R_NBS_INCOME,未获取同口径省级连续面板；不以登记失业率替代调查失业率,0,0,0,0,0,0,0,0.0,未检出，不代表实际零发生,,,,
甘肃,2020,2501,52.23,20335,,R_NBS_POP,R_NBS_URBAN,R_NBS_INCOME,未获取同口径省级连续面板；不以登记失业率替代调查失业率,0,0,0,0,0,0,0,0.0,未检出，不代表实际零发生,,,,
甘肃,2021,2490,53.33,22066,,R_NBS_POP,R_NBS_URBAN,R_NBS_INCOME,未获取同口径省级连续面板；不以登记失业率替代调查失业率,0,0,0,0,0,0,0,0.0,未检出，不代表实际零发生,,,,
甘肃,2022,2492,54.19,23273,,R_NBS_POP,R_NBS_URBAN,R_NBS_INCOME,未获取同口径省级连续面板；不以登记失业率替代调查失业率,0,0,0,0,0,0,0,0.0,未检出，不代表实际零发生,,,,
甘肃,2023,2465,55.49,25011,,R_NBS_POP,R_NBS_URBAN,R_NBS_INCOME,未获取同口径省级连续面板；不以登记失业率替代调查失业率,0,0,0,0,0,0,0,0.0,未检出，不代表实际零发生,,,,
甘肃,2024,2458,56.83,26612,,R_NBS_POP,R_NBS_URBAN,R_NBS_INCOME,未获取同口径省级连续面板；不以登记失业率替代调查失业率,0,0,0,0,0,0,0,0.0,未检出，不代表实际零发生,1297,504,38.858905165767155,R_NBS_EMPLOYMENT
青海,2018,587,57.27,20757,,R_NBS_POP,R_NBS_URBAN,R_NBS_INCOME,未获取同口径省级连续面板；不以登记失业率替代调查失业率,0,0,0,0,0,0,0,0.0,未检出，不代表实际零发生,,,,
青海,2019,590,58.78,22618,,R_NBS_POP,R_NBS_URBAN,R_NBS_INCOME,未获取同口径省级连续面板；不以登记失业率替代调查失业率,0,0,0,0,0,0,0,0.0,未检出，不代表实际零发生,,,,
青海,2020,593,60.08,24037,,R_NBS_POP,R_NBS_URBAN,R_NBS_INCOME,未获取同口径省级连续面板；不以登记失业率替代调查失业率,0,0,0,0,0,0,0,0.0,未检出，不代表实际零发生,,,,
青海,2021,594,61.02,25919,,R_NBS_POP,R_NBS_URBAN,R_NBS_INCOME,未获取同口径省级连续面板；不以登记失业率替代调查失业率,0,0,0,0,0,0,0,0.0,未检出，不代表实际零发生,,,,
青海,2022,595,61.43,27000,,R_NBS_POP,R_NBS_URBAN,R_NBS_INCOME,未获取同口径省级连续面板；不以登记失业率替代调查失业率,0,0,0,0,0,0,0,0.0,未检出，不代表实际零发生,,,,
青海,2023,594,62.8,28587,,R_NBS_POP,R_NBS_URBAN,R_NBS_INCOME,未获取同口径省级连续面板；不以登记失业率替代调查失业率,0,0,0,0,0,0,0,0.0,未检出，不代表实际零发生,,,,
青海,2024,593,63.86,30117,,R_NBS_POP,R_NBS_URBAN,R_NBS_INCOME,未获取同口径省级连续面板；不以登记失业率替代调查失业率,0,0,0,0,0,0,0,0.0,未检出，不代表实际零发生,267,143,53.558052434456926,R_NBS_EMPLOYMENT
宁夏,2018,710,62.15,22400,,R_NBS_POP,R_NBS_URBAN,R_NBS_INCOME,未获取同口径省级连续面板；不以登记失业率替代调查失业率,0,0,0,0,0,0,0,0.0,未检出，不代表实际零发生,,,,
宁夏,2019,717,63.63,24412,,R_NBS_POP,R_NBS_URBAN,R_NBS_INCOME,未获取同口径省级连续面板；不以登记失业率替代调查失业率,0,0,0,0,0,0,0,0.0,未检出，不代表实际零发生,,,,
宁夏,2020,721,64.96,25735,,R_NBS_POP,R_NBS_URBAN,R_NBS_INCOME,未获取同口径省级连续面板；不以登记失业率替代调查失业率,0,0,0,0,0,0,0,0.0,未检出，不代表实际零发生,,,,
宁夏,2021,725,66.04,27904,,R_NBS_POP,R_NBS_URBAN,R_NBS_INCOME,未获取同口径省级连续面板；不以登记失业率替代调查失业率,0,0,0,0,0,0,0,0.0,未检出，不代表实际零发生,,,,
宁夏,2022,728,66.34,29599,,R_NBS_POP,R_NBS_URBAN,R_NBS_INCOME,未获取同口径省级连续面板；不以登记失业率替代调查失业率,0,0,0,0,0,0,0,0.0,未检出，不代表实际零发生,,,,
宁夏,2023,729,67.31,31604,,R_NBS_POP,R_NBS_URBAN,R_NBS_INCOME,未获取同口径省级连续面板；不以登记失业率替代调查失业率,0,0,0,0,0,0,0,0.0,未检出，不代表实际零发生,,,,
宁夏,2024,729,68.22,33355,,R_NBS_POP,R_NBS_URBAN,R_NBS_INCOME,未获取同口径省级连续面板；不以登记失业率替代调查失业率,0,0,0,0,0,0,0,0.0,未检出，不代表实际零发生,336,176,52.38095238095238,R_NBS_EMPLOYMENT
新疆,2018,2520,54.01,21500,,R_NBS_POP,R_NBS_URBAN,R_NBS_INCOME,未获取同口径省级连续面板；不以登记失业率替代调查失业率,0,0,0,0,0,0,0,0.0,未检出，不代表实际零发生,,,,
新疆,2019,2559,55.51,23103,,R_NBS_POP,R_NBS_URBAN,R_NBS_INCOME,未获取同口径省级连续面板；不以登记失业率替代调查失业率,0,0,0,0,0,0,0,0.0,未检出，不代表实际零发生,,,,
新疆,2020,2590,56.53,23845,,R_NBS_POP,R_NBS_URBAN,R_NBS_INCOME,未获取同口径省级连续面板；不以登记失业率替代调查失业率,0,0,0,0,0,0,0,0.0,未检出，不代表实际零发生,,,,
新疆,2021,2589,57.26,26075,,R_NBS_POP,R_NBS_URBAN,R_NBS_INCOME,未获取同口径省级连续面板；不以登记失业率替代调查失业率,0,0,0,0,0,0,0,0.0,未检出，不代表实际零发生,,,,
新疆,2022,2587,57.89,27063,,R_NBS_POP,R_NBS_URBAN,R_NBS_INCOME,未获取同口径省级连续面板；不以登记失业率替代调查失业率,0,0,0,0,0,0,0,0.0,未检出，不代表实际零发生,,,,
新疆,2023,2598,59.24,28947,,R_NBS_POP,R_NBS_URBAN,R_NBS_INCOME,未获取同口径省级连续面板；不以登记失业率替代调查失业率,0,0,0,0,0,0,0,0.0,未检出，不代表实际零发生,,,,
新疆,2024,2623,60.36,30899,,R_NBS_POP,R_NBS_URBAN,R_NBS_INCOME,未获取同口径省级连续面板；不以登记失业率替代调查失业率,0,0,0,0,0,0,0,0.0,未检出，不代表实际零发生,1391,754,54.205607476635514,R_NBS_EMPLOYMENT
北京,2025,2180,,,,R_POP2025_MEDIA,,,本次背景面板以2018—2024同版年鉴为主；2025仅补人口分母，来源为媒体汇总省级公报，证据级别另列。,0,0,0,0,0,0,0,0.0,未检出，不代表实际零发生,,,,
天津,2025,1363,,,,R_POP2025_MEDIA,,,本次背景面板以2018—2024同版年鉴为主；2025仅补人口分母，来源为媒体汇总省级公报，证据级别另列。,0,0,0,0,0,0,0,0.0,未检出，不代表实际零发生,,,,
河北,2025,7354,,,,R_POP2025_MEDIA,,,本次背景面板以2018—2024同版年鉴为主；2025仅补人口分母，来源为媒体汇总省级公报，证据级别另列。,0,0,0,0,0,0,0,0.0,未检出，不代表实际零发生,,,,
山西,2025,3424.01,,,,R_POP2025_MEDIA,,,本次背景面板以2018—2024同版年鉴为主；2025仅补人口分母，来源为媒体汇总省级公报，证据级别另列。,0,0,0,0,0,0,0,0.0,未检出，不代表实际零发生,,,,
内蒙古,2025,2374,,,,R_POP2025_MEDIA,,,本次背景面板以2018—2024同版年鉴为主；2025仅补人口分母，来源为媒体汇总省级公报，证据级别另列。,0,0,0,0,0,0,0,0.0,未检出，不代表实际零发生,,,,
辽宁,2025,4131,,,,R_POP2025_MEDIA,,,本次背景面板以2018—2024同版年鉴为主；2025仅补人口分母，来源为媒体汇总省级公报，证据级别另列。,0,0,0,0,0,0,0,0.0,未检出，不代表实际零发生,,,,
吉林,2025,2296.69,,,,R_POP2025_MEDIA,,,本次背景面板以2018—2024同版年鉴为主；2025仅补人口分母，来源为媒体汇总省级公报，证据级别另列。,0,0,0,0,0,0,0,0.0,未检出，不代表实际零发生,,,,
黑龙江,2025,3001,,,,R_POP2025_MEDIA,,,本次背景面板以2018—2024同版年鉴为主；2025仅补人口分母，来源为媒体汇总省级公报，证据级别另列。,0,0,0,0,0,0,0,0.0,未检出，不代表实际零发生,,,,
上海,2025,2485.41,,,,R_POP2025_MEDIA,,,本次背景面板以2018—2024同版年鉴为主；2025仅补人口分母，来源为媒体汇总省级公报，证据级别另列。,0,0,0,0,0,0,0,0.0,未检出，不代表实际零发生,,,,
江苏,2025,8518,,,,R_POP2025_MEDIA,,,本次背景面板以2018—2024同版年鉴为主；2025仅补人口分母，来源为媒体汇总省级公报，证据级别另列。,0,0,0,0,0,0,0,0.0,未检出，不代表实际零发生,,,,
浙江,2025,6701,,,,R_POP2025_MEDIA,,,本次背景面板以2018—2024同版年鉴为主；2025仅补人口分母，来源为媒体汇总省级公报，证据级别另列。,0,0,0,0,0,0,0,0.0,未检出，不代表实际零发生,,,,
安徽,2025,6082,,,,R_POP2025_MEDIA,,,本次背景面板以2018—2024同版年鉴为主；2025仅补人口分母，来源为媒体汇总省级公报，证据级别另列。,0,0,0,0,0,0,0,0.0,未检出，不代表实际零发生,,,,
福建,2025,4190,,,,R_POP2025_MEDIA,,,本次背景面板以2018—2024同版年鉴为主；2025仅补人口分母，来源为媒体汇总省级公报，证据级别另列。,0,0,0,0,0,0,0,0.0,未检出，不代表实际零发生,,,,
江西,2025,4474,,,,R_POP2025_MEDIA,,,本次背景面板以2018—2024同版年鉴为主；2025仅补人口分母，来源为媒体汇总省级公报，证据级别另列。,0,0,0,0,0,0,0,0.0,未检出，不代表实际零发生,,,,
山东,2025,10043,,,,R_POP2025_MEDIA,,,本次背景面板以2018—2024同版年鉴为主；2025仅补人口分母，来源为媒体汇总省级公报，证据级别另列。,0,0,0,0,0,0,0,0.0,未检出，不代表实际零发生,,,,
河南,2025,9744,,,,R_POP2025_MEDIA,,,本次背景面板以2018—2024同版年鉴为主；2025仅补人口分母，来源为媒体汇总省级公报，证据级别另列。,0,0,0,0,0,0,0,0.0,未检出，不代表实际零发生,,,,
湖北,2025,5811,,,,R_POP2025_MEDIA,,,本次背景面板以2018—2024同版年鉴为主；2025仅补人口分母，来源为媒体汇总省级公报，证据级别另列。,1,1,1,0,0,4,1,0.017208742040956806,公开核实记录,,,,
湖南,2025,6492,,,,R_POP2025_MEDIA,,,本次背景面板以2018—2024同版年鉴为主；2025仅补人口分母，来源为媒体汇总省级公报，证据级别另列。,0,0,0,0,0,0,0,0.0,未检出，不代表实际零发生,,,,
广东,2025,12859,,,,R_POP2025_MEDIA,,,本次背景面板以2018—2024同版年鉴为主；2025仅补人口分母，来源为媒体汇总省级公报，证据级别另列。,0,0,0,0,0,0,0,0.0,未检出，不代表实际零发生,,,,
广西,2025,4989,,,,R_POP2025_MEDIA,,,本次背景面板以2018—2024同版年鉴为主；2025仅补人口分母，来源为媒体汇总省级公报，证据级别另列。,0,0,0,0,0,0,0,0.0,未检出，不代表实际零发生,,,,
海南,2025,1055,,,,R_POP2025_MEDIA,,,本次背景面板以2018—2024同版年鉴为主；2025仅补人口分母，来源为媒体汇总省级公报，证据级别另列。,0,0,0,0,0,0,0,0.0,未检出，不代表实际零发生,,,,
重庆,2025,3187.26,,,,R_POP2025_MEDIA,,,本次背景面板以2018—2024同版年鉴为主；2025仅补人口分母，来源为媒体汇总省级公报，证据级别另列。,0,0,0,0,0,0,0,0.0,未检出，不代表实际零发生,,,,
四川,2025,8318,,,,R_POP2025_MEDIA,,,本次背景面板以2018—2024同版年鉴为主；2025仅补人口分母，来源为媒体汇总省级公报，证据级别另列。,0,0,0,0,0,0,0,0.0,未检出，不代表实际零发生,,,,
贵州,2025,3857,,,,R_POP2025_MEDIA,,,本次背景面板以2018—2024同版年鉴为主；2025仅补人口分母，来源为媒体汇总省级公报，证据级别另列。,0,0,0,0,0,0,0,0.0,未检出，不代表实际零发生,,,,
云南,2025,4644,,,,R_POP2025_MEDIA,,,本次背景面板以2018—2024同版年鉴为主；2025仅补人口分母，来源为媒体汇总省级公报，证据级别另列。,0,0,0,0,0,0,0,0.0,未检出，不代表实际零发生,,,,
西藏,2025,374,,,,R_POP2025_MEDIA,,,本次背景面板以2018—2024同版年鉴为主；2025仅补人口分母，来源为媒体汇总省级公报，证据级别另列。,0,0,0,0,0,0,0,0.0,未检出，不代表实际零发生,,,,
陕西,2025,3936,,,,R_POP2025_MEDIA,,,本次背景面板以2018—2024同版年鉴为主；2025仅补人口分母，来源为媒体汇总省级公报，证据级别另列。,0,0,0,0,0,0,0,0.0,未检出，不代表实际零发生,,,,
甘肃,2025,2443,,,,R_POP2025_MEDIA,,,本次背景面板以2018—2024同版年鉴为主；2025仅补人口分母，来源为媒体汇总省级公报，证据级别另列。,0,0,0,0,0,0,0,0.0,未检出，不代表实际零发生,,,,
青海,2025,592,,,,R_POP2025_MEDIA,,,本次背景面板以2018—2024同版年鉴为主；2025仅补人口分母，来源为媒体汇总省级公报，证据级别另列。,0,0,0,0,0,0,0,0.0,未检出，不代表实际零发生,,,,
宁夏,2025,732,,,,R_POP2025_MEDIA,,,本次背景面板以2018—2024同版年鉴为主；2025仅补人口分母，来源为媒体汇总省级公报，证据级别另列。,0,0,0,0,0,0,0,0.0,未检出，不代表实际零发生,,,,
新疆,2025,2639,,,,R_POP2025_MEDIA,,,本次背景面板以2018—2024同版年鉴为主；2025仅补人口分母，来源为媒体汇总省级公报，证据级别另列。,0,0,0,0,0,0,0,0.0,未检出，不代表实际零发生,,,,
