district,urban_rural,deaths,injured,serious_injuries,attacker_deaths,attacker_injured,casualty_asof,casualty_note,involves_children,victim_relation,age,sex,occupation,motive_summary,mental_health,prior_violence,warning_signals,intervention,outcome,judgment_date,execution_date,last_source_date,notes,deaths_lower_bound,injured_lower_bound,motive_tags,motive_basis,evidence_level,official_occurrence,official_classification,classification_evidence,id,date,date_precision,title,province,city,scene,method,category,classification_reason,source_ids,field_sources,reported_date,review_year,dating_note,review_batch,injured_reported,series_id,additional_collision_injured,response_injured,event_total_injured_reported,motive_attribution,date_time,continuous_attack,motive_themes,verification_gaps,social_source_urls,year,month,quarter,category_label,official,same_period,motive_known,deaths_min,injured_min,driver_deaths
,,,,,,,,,,,,,,,,,,,,,,2026-02-16,具名指控不转化为已认定犯罪；不保存私宅位置。,,,[],未知,网传待核,False,False,网传线索，未独立核实,LX26A05,,unknown,网传郴州德润龙庭开发商车辆冲撞业主事件,湖南,郴州,社区住宅,驾车,pending,举报指向开发商与维权业主一家，尚无无关公众目标证据；事件细节、故意性、处罚决定未取得独立核实。,"[""LXS26A09"", ""LXS26A10"", ""LXS26A01""]","{""date"": [], ""location"": [""LXS26A09"", ""LXS26A10""], ""casualties"": [], ""classification"": [""LXS26A09"", ""LXS26A10""], ""motive"": [], ""outcome"": []}",2026-02-12,2026,原帖为举报投稿，未写案发日；汇总把发帖日写成2月12日，不据此定年或月。,2026-X补查,,,,,,,,,[],举报指向开发商与维权业主一家，尚无无关公众目标证据；事件细节、故意性、处罚决定未取得独立核实。,"[""https://x.com/whyyoutouzhele/status/2021957529614659891"", ""https://x.com/whyyoutouzhele/status/2023245955009818757"", ""https://x.com/whyyoutouzhele/status/2039625155404509246""]",,,,待核实,False,False,False,0,0,
,,,,,,,,投稿称1死与精神病，均不录为确认字段。,,,,,,,,,,,,,,2026-02-21,,,,[],未知,网传待核,False,False,网传线索，未独立核实,LX26A06,,unknown,网传开封街头一男子遭持刀袭击,河南,开封,街道交通,持械,pending,原帖仅有近日的网络影像描述；日期、被害关系、死伤及故意袭击背景均未核实。,"[""LXS26A11"", ""LXS26A01""]","{""date"": [], ""location"": [""LXS26A11""], ""casualties"": [], ""classification"": [""LXS26A11""], ""motive"": [], ""outcome"": []}",2026-02-21,2026,原帖只写近日，汇总2月21日是发帖日而非已核案发日。,2026-X补查,,,,,,,,,[],原帖仅有近日的网络影像描述；日期、被害关系、死伤及故意袭击背景均未核实。,"[""https://x.com/whyyoutouzhele/status/2025057897718124649"", ""https://x.com/whyyoutouzhele/status/2039625155404509246""]",,,,待核实,False,False,False,0,0,
,,,,,,,2026-03-30,官方事迹确认一名教师受伤；不是完整伤亡统计。,,定向报复教师,,,,,,,,家长和其他教师合力制止。,嫌疑人被抓获。,,,2026-03-30,,,1,[],未知,官方原文,True,True,官方明确特定报复对象,LX26A17,2026-01-07,day,中山教培中心教师遭定向持刀报复案,广东,中山,校园及周边,持械,excluded,官方称行凶者将特定教师叫出教室报复；未见攻击其他学生或无关制止者。,"[""LXS26A22""]","{""date"": [""LXS26A22""], ""location"": [""LXS26A22""], ""casualties"": [""LXS26A22""], ""classification"": [""LXS26A22""], ""motive"": [], ""outcome"": [""LXS26A22""], ""intervention"": [""LXS26A22""]}",,2026,,2026-X补查,,,,,,,,,[],,[],2026,2026-01,2026-Q1,排除,True,True,False,0,1,
红谷滩区,,,1,,,,2026-01-11,警方仅确认女子表皮伤；不推定保安受伤。,,初始受伤者为店员；安保参与制止，遭进一步攻击的说法待核,32,男,,,,,,学生、群众与保安制止。,嫌疑人当场控制。,,,2026-03-30,,,,[],未知,官方原文,True,False,官方确认店员受伤及群众制止；扩大事实仅来自澎湃综合网络素材标题对保安遭推搡的记载，未核得独立现场采访或完整视频。,LX26A15,2026-01-10,day,南昌万象城女子遭刀划伤及制止过程,江西,南昌,商业场所,持械,pending,警方确认一名女子受伤，官方事迹确认店员遇袭及群众制止。媒体标题称安保遭推搡险坠扶梯，但正文没有独立调查该过程，初始双方关系也未明；事件发生已核实，公众目标或扩大攻击仍待核。,"[""LXS26A22"", ""LXS26A23"", ""LXS26A24""]","{""date"": [""LXS26A23""], ""location"": [""LXS26A23""], ""casualties"": [""LXS26A23""], ""classification"": [""LXS26A22"", ""LXS26A24""], ""motive"": [], ""outcome"": [""LXS26A23""], ""demographics"": [""LXS26A23""]}",,2026,,2026-X补查,,,,,,,,,[],警方确认一名女子受伤，官方事迹确认店员遇袭及群众制止。媒体标题称安保遭推搡险坠扶梯，但正文没有独立调查该过程，初始双方关系也未明；事件发生已核实，公众目标或扩大攻击仍待核。,[],2026,2026-01,2026-Q1,待核实,False,True,False,0,1,
沈河区,,,,,,,2026-03-30,,,女孩及上前救助的路人,,,,,,,,群众持续制止并协助警察抓获。,嫌疑人被抓获。,,,2026-03-30,,,2,[],未知,官方原文,True,True,官方材料直接记载行凶者转而挥刀砍伤无关救助者，支持扩大分类。,LX26A16,2026-01-11,day,沈阳南顺城路女孩与救助者遭持刀袭击,辽宁,沈阳,街道交通,持械,expanded,官方明确先伤女孩，再向上前制止的路人挥刀致伤；原被害关系未知，无关救助者受袭已确认。,"[""LXS26A22""]","{""date"": [""LXS26A22""], ""location"": [""LXS26A22""], ""casualties"": [""LXS26A22""], ""classification"": [""LXS26A22""], ""motive"": [], ""outcome"": [""LXS26A22""], ""intervention"": [""LXS26A22""]}",,2026,,2026-X补查,,,,,,,,,[],,[],2026,2026-01,2026-Q1,纠纷扩大,True,True,False,0,2,
五华区,,,,,,,2026-07-09,事迹确认至少1名伤者，未披露全案伤亡总数。,,路过人员,,男,,,,,,路人报警、劝阻并夺刀，警方抓获。,嫌疑人被抓获。,,,2026-07-09,,,1,[],未知,官方原文,True,True,官方明确无故伤害路人,LX26A12,2026-01-15,day,昆明五华区路人遭持刀袭击并索财案,云南,昆明,社区住宅,持械,core,官方明确无故持刀伤害路人，倒地后继续勒颈索财，支持针对无关公众的主动袭击。,"[""LXS26A18""]","{""date"": [""LXS26A18""], ""location"": [""LXS26A18""], ""casualties"": [""LXS26A18""], ""classification"": [""LXS26A18""], ""motive"": [], ""outcome"": [""LXS26A18""], ""intervention"": [""LXS26A18""], ""demographics"": [""LXS26A18""]}",,2026,,2026-X补查,,,,,,,,,[],,[],2026,2026-01,2026-Q1,核心,True,True,False,0,1,
港口镇,,,2,,,,2026-01-19,,,,27,男,,,警方仅描述语言混乱、行为异常；不作精神病诊断,,,,司机被当场控制。,,,2026-01-19,,,,[],未知,官方转载,True,False,发生已确认，故意性待核,LX26A01,2026-01-19,day,中山港口镇货车连续碰撞事件,广东,中山,街道交通,驾车,pending,警方确认碰撞及2伤；重复碾压的社媒描述支持故意性疑点，但未取得可核验行车过程或独立事故调查。,"[""LXS26A02"", ""LXS26A03"", ""LXS26A01""]","{""date"": [""LXS26A03""], ""location"": [""LXS26A03""], ""casualties"": [""LXS26A03""], ""classification"": [""LXS26A02"", ""LXS26A03""], ""motive"": [], ""outcome"": [""LXS26A03""], ""demographics"": [""LXS26A03""]}",,2026,,2026-X补查,,,,,,,,,[],警方确认碰撞及2伤；重复碾压的社媒描述支持故意性疑点，但未取得可核验行车过程或独立事故调查。,"[""https://x.com/whyyoutouzhele/status/2013240567606464850"", ""https://x.com/whyyoutouzhele/status/2039625155404509246""]",2026,2026-01,2026-Q1,待核实,False,True,False,0,2,
白云区,乡镇,,,,,,,网传夫妻受伤未获可靠完整确认，精确人数留空。,,,,,,,,,,,,,,2026-01-27,癌症及身体状况、动机不录为事实。,,,[],未知,网传待核,False,False,网传线索，未独立核实,LX26A02,2026-01-26,day,网传广州太和镇街头夫妻遭持刀袭击,广东,广州,街道交通,持械,pending,原帖及媒体转述均指向突然袭击过路夫妻，但来源同为未核监控及匿名投稿；缺独立现场核实。,"[""LXS26A04"", ""LXS26A05"", ""LXS26A01""]","{""date"": [""LXS26A04"", ""LXS26A05""], ""location"": [""LXS26A04"", ""LXS26A05""], ""casualties"": [], ""classification"": [""LXS26A04"", ""LXS26A05""], ""motive"": [], ""outcome"": []}",,2026,按同期原帖1月26日；4月汇总误写1月27日。,2026-X补查,,,,,,,,,[],原帖及媒体转述均指向突然袭击过路夫妻，但来源同为未核监控及匿名投稿；缺独立现场核实。,"[""https://x.com/whyyoutouzhele/status/2016096346025939186"", ""https://x.com/whyyoutouzhele/status/2039625155404509246""]",2026,2026-01,2026-Q1,待核实,False,True,False,0,0,
沙坪坝区,,0,2,,,,2026-03-30,,,陌生路过女子及救助代驾员,,男,,,,,,路人报警护送，随后抵挡袭击。,当日7时许嫌疑人被抓获。,,,2026-07-05,,,,[],未知,官方原文,True,True,官方明确陌生关系及持续追踪攻击,LX26A18,2026-01-27,day,重庆凤鸣山陌生女子及救助者遇袭案,重庆,重庆,街道交通,持械,core,文明办原文明确女孩遭陌生男子尾随勒颈；其脱身求救后男子继续追踪并持刀伤女孩和无关救助者。,"[""LXS26A22"", ""LXS26A27""]","{""date"": [""LXS26A22"", ""LXS26A27""], ""location"": [""LXS26A22"", ""LXS26A27""], ""casualties"": [""LXS26A22""], ""classification"": [""LXS26A27""], ""motive"": [], ""outcome"": [""LXS26A22""], ""intervention"": [""LXS26A22"", ""LXS26A27""], ""demographics"": [""LXS26A27""]}",,2026,,2026-X补查,,,,,,,,,[],,[],2026,2026-01,2026-Q1,核心,True,True,False,0,2,
兴庆区,城市,1,,,,,2026-02-01,,,同小区居民，双方先有口角并约见,44,男,,小区社交群琐事争执后约见，矛盾激化。,,,,,嫌疑人刑事拘留。,,,2026-02-01,税费动机初帖与警方说法不一致，不采信。,,,"[""邻里纠纷""]",警方初步通报,官方转载,True,True,警方具体关系及作案经过,LX26A03,2026-01-31,day,银川朝阳巷约见争执持刀杀人案,宁夏,银川,街道交通,持械,excluded,警方明确两名同小区居民因群内争执约见后冲突，未披露扩大伤害无关者。,"[""LXS26A06"", ""LXS26A07"", ""LXS26A01""]","{""date"": [""LXS26A07""], ""location"": [""LXS26A07""], ""casualties"": [""LXS26A07""], ""classification"": [""LXS26A07""], ""motive"": [""LXS26A07""], ""outcome"": [""LXS26A07""], ""demographics"": [""LXS26A07""]}",,2026,,2026-X补查,,,,,,,,,"[""其他已披露背景""]",,"[""https://x.com/whyyoutouzhele/status/2017756836741468453"", ""https://x.com/whyyoutouzhele/status/2039625155404509246""]",2026,2026-01,2026-Q1,排除,True,True,True,1,0,
,,,,,,,,传1死或2死互异，不计入精确值。,,,,,,,,,,,,,,2026-02-04,不保存影像；私人关系说法未经核实。,,,[],未知,网传待核,False,False,网传线索，未独立核实,LX26A20,2026-02-02,day,网传江苏扬州街头喷火伤人事件,江苏,扬州,街道交通,纵火,pending,网络视频与转述称因私人关系定向袭击，地点、年月日和动机均待核；尚无充分证据认定事件全貌或无关者受袭。,"[""LXS26A25"", ""LXS26A26""]","{""date"": [""LXS26A25"", ""LXS26A26""], ""location"": [""LXS26A25"", ""LXS26A26""], ""casualties"": [], ""classification"": [""LXS26A25"", ""LXS26A26""], ""motive"": [], ""outcome"": []}",,2026,2月2日由网传知情者指称，亦为视频流传日，未得到独立案发日确认。,2026-X补查,,,,,,,,,[],网络视频与转述称因私人关系定向袭击，地点、年月日和动机均待核；尚无充分证据认定事件全貌或无关者受袭。,"[""https://x.com/whyyoutouzhele/status/2018814351998918831""]",2026,2026-02,2026-Q1,待核实,False,True,False,0,0,
宝安区,,,,,,,,女子倒地不等于死亡；数量不录入精确字段。,,,,,,,,,,,,,,2026-02-03,,,,[],未知,网传待核,False,False,网传线索，未独立核实,LX26A04,2026-02-03,day,网传深圳万丰海岸城持刀伤人事件,广东,深圳,商业场所,持械,pending,仅单源投稿及同素材转发，缺警方事实确认，未说明双方关系和最初冲突。,"[""LXS26A08"", ""LXS26A01""]","{""date"": [""LXS26A08""], ""location"": [""LXS26A08""], ""casualties"": [], ""classification"": [""LXS26A08""], ""motive"": [], ""outcome"": []}",,2026,,2026-X补查,,,,,,,,,[],仅单源投稿及同素材转发，缺警方事实确认，未说明双方关系和最初冲突。,"[""https://x.com/whyyoutouzhele/status/2018738337733914646"", ""https://x.com/whyyoutouzhele/status/2039625155404509246""]",2026,2026-02,2026-Q1,待核实,False,True,False,0,0,
七坊镇,,,,,,,2026-07-09,救助者手部伤已确认；工作人员是否受伤及总数未明。,,工作人员及路过劝阻者,,,,官方事迹称感情纠纷后饮酒行凶。,,,,路过群众夺刀制止。,,,,2026-07-09,,,1,"[""情感纠纷""]",官方事迹,官方原文,True,True,官方材料直接记载私人感情纠纷后持刀行凶，并主动伤害路过制止者，支持扩大分类。,LX26A13,2026-02-04,day,海南白沙七坊KTV持刀袭击及救助者受伤案,海南,白沙黎族自治县,商业场所,持械,expanded,官方确认因感情纠纷持刀追逼工作人员，转而挥刀对抗无关救助者并伤其手，扩大到原纠纷无关者。,"[""LXS26A18""]","{""date"": [""LXS26A18""], ""location"": [""LXS26A18""], ""casualties"": [""LXS26A18""], ""classification"": [""LXS26A18""], ""motive"": [""LXS26A18""], ""outcome"": [], ""intervention"": [""LXS26A18""]}",,2026,,2026-X补查,,,,,,中央政法委2026年第二季度见义勇为事迹公开材料；不是警方初报或法院认定。,,,"[""婚姻／家庭／感情问题""]",,[],2026,2026-02,2026-Q1,纠纷扩大,True,True,True,0,1,
巧家县,,,,,,,2026-03-30,至少1名头部伤者，非完整伤亡统计。,,,,,,,,,,居民追赶，辅警与群众合力制服。,嫌疑人被控制。,,,2026-03-30,未披露动机，不推定精神病或报复社会。,,1,[],未知,官方原文,True,True,官方材料直接记载作案者在社区追砍群众并转向上前喝止者，支持公众目标分类。,LX26A19,2026-02-15,day,云南巧家邱家屿社区持刀追砍群众事件,云南,昭通,社区住宅,持械,core,官方记录作案者先持斧破坏车辆，再出车库持刀追砍社区群众并转向制止者，支持面向在场公众持续攻击，非仅凭受伤人数归类。,"[""LXS26A22""]","{""date"": [""LXS26A22""], ""location"": [""LXS26A22""], ""casualties"": [""LXS26A22""], ""classification"": [""LXS26A22""], ""motive"": [], ""outcome"": [""LXS26A22""], ""intervention"": [""LXS26A22""]}",,2026,,2026-X补查,,,,,,,,,[],,[],2026,2026-02,2026-Q1,核心,True,True,False,0,1,
汉阳区,,,,,,,,单一报道2伤，暂不写入精确数字。,,,,,,,,,,,,,,2026-03-14,不能把锦观、齐鲁、百姓关注及境外转述自动认作独立采集；需回溯原视频采访。,,,[],未知,单一媒体,False,False,网传线索，未独立核实,LX26A21,2026-03-11,day,武汉汉阳火锅店与广场舞冲突伤人线索,湖北,武汉,商业场所,持械,pending,记者采访商户及社区称争执伤及舞者和无关劝架人，具expanded特征；尚缺正式通报或第二独立采集确认发生全貌。,"[""LXS26A28""]","{""date"": [""LXS26A28""], ""location"": [""LXS26A28""], ""casualties"": [], ""classification"": [""LXS26A28""], ""motive"": [], ""outcome"": []}",,2026,,2026-X补查,,,,,,,,,[],记者采访商户及社区称争执伤及舞者和无关劝架人，具expanded特征；尚缺正式通报或第二独立采集确认发生全貌。,[],2026,2026-03,2026-Q1,待核实,False,True,False,0,0,
北碚区,,,,,,,,学校否认持刀伤人，家长称手部手术，不据争议报道填确定死伤。,True,,,,,,,,,,,,,2026-05-09,排除是依据现有对象范围；不代表已裁断家长或校方真假。,,,[],未知,单一媒体,False,False,网传线索，未独立核实,LX26A22,2026-03-19,day,重庆朝阳中学同学冲突及持刀说法争议,重庆,重庆,校园及周边,持械,excluded,家长与校方对持刀、伤情存在矛盾，但各版本均为同班同学日常矛盾，未见主动袭击无关者；制止学生被称未受伤。,"[""LXS26A29""]","{""date"": [""LXS26A29""], ""location"": [""LXS26A29""], ""casualties"": [], ""classification"": [""LXS26A29""], ""motive"": [], ""outcome"": [], ""demographics"": [""LXS26A29""]}",,2026,,2026-X补查,,,,,,,,,[],,[],2026,2026-03,2026-Q1,排除,False,True,False,0,0,
横琴粤澳深度合作区,,1,,,,,2026-03-22,,,,26,男,,警方认定实施抢劫。,,,,,3月21日抓获嫌疑人。,,,2026-03-22,,,,"[""抢劫""]",警方初步通报,官方转载,True,False,发生已确认，受害关系待核,LX26A07,2026-03-20,day,横琴小区抢劫致死案,广东,珠海,社区住宅,其他,pending,警方证实入小区抢劫两人、1死；抢劫不自动排除，但未披露选择对象过程、先前关系及攻击方式，暂不能确认为随机侵害。,"[""LXS26A12"", ""LXS26A13"", ""LXS26A01""]","{""date"": [""LXS26A13""], ""location"": [""LXS26A13""], ""casualties"": [""LXS26A13""], ""classification"": [""LXS26A12"", ""LXS26A13""], ""motive"": [""LXS26A13""], ""outcome"": [""LXS26A13""], ""demographics"": [""LXS26A13""]}",,2026,按警方3月20日晚；社媒初报3月22日及后续3月21日均非案发日。,2026-X补查,,,,,,,,,"[""其他已披露背景""]",警方证实入小区抢劫两人、1死；抢劫不自动排除，但未披露选择对象过程、先前关系及攻击方式，暂不能确认为随机侵害。,"[""https://x.com/whyyoutouzhele/status/2035510951944819083"", ""https://x.com/whyyoutouzhele/status/2039625155404509246""]",2026,2026-03,2026-Q1,待核实,False,True,True,1,0,
两江新区,,0,3,,,,2026-03-23,通报1死3伤中的死者为司机，另3人为受伤行人；死亡司机单列driver_deaths，不计受害者或作案者死亡。,,,33,男,,,,,,,,,,2026-03-23,警方表述为疑似，保留后续改变结论可能；不采用自媒体额外宣称已排除故意性的扩写。,,,[],未知,官方转载,True,True,警方初查疑似病发失控,LX26A08,2026-03-22,day,重庆观音桥司机疑发病车辆失控事故,重庆,重庆,街道交通,驾车,excluded,完整警方通报初查司机疑似突发疾病后车辆失控；现场报道未提供反复选择目标等足以证明主动袭击的证据。,"[""LXS26A14"", ""LXS26A15"", ""LXS26A01""]","{""date"": [""LXS26A15""], ""location"": [""LXS26A15""], ""casualties"": [""LXS26A15""], ""classification"": [""LXS26A15""], ""motive"": [], ""outcome"": [], ""demographics"": [""LXS26A15""]}",,2026,,2026-X补查,,,,,,,,,[],,"[""https://x.com/whyyoutouzhele/status/2035710493772382393"", ""https://x.com/whyyoutouzhele/status/2039625155404509246""]",2026,2026-03,2026-Q1,排除,True,True,False,0,3,1
杨浦区,,,,,,,2026-07-09,官方事迹确认妻子被刀伤；不是完整伤亡统计。,,夫妻,,,,家庭纠纷。,,,,配送员骑车撞开施害者，与群众合力控制。,,,,2026-07-09,,,1,"[""家庭纠纷""]",官方事迹,官方原文,True,True,官方明确定向家庭纠纷,LX26A14,2026-03-24,day,上海平凉路男子持刀伤妻案,上海,上海,街道交通,持械,excluded,官方明确家庭纠纷后持刀伤妻；他人制止成功，未披露对无关者继续攻击。,"[""LXS26A18""]","{""date"": [""LXS26A18""], ""location"": [""LXS26A18""], ""casualties"": [""LXS26A18""], ""classification"": [""LXS26A18""], ""motive"": [""LXS26A18""], ""outcome"": [], ""intervention"": [""LXS26A18""]}",,2026,,2026-X补查,,,,,,中央政法委2026年第二季度见义勇为事迹公开材料；不是警方初报或法院认定。,,,"[""婚姻／家庭／感情问题""]",,[],2026,2026-03,2026-Q1,排除,True,True,True,0,1,
龙岗区,,,,,,,,网传两死或两伤等不同说法不录精确值。,,,,,,,,,,,,,,2026-03-27,与罗湖清晨案时间、区域及被述作案者均不同，暂分候选；若后续证明同一连续过程应合并。,,,[],未知,网传待核,False,False,网传线索，未独立核实,LX26A09,2026-03-26,day,网传深圳龙城街道爱联市场持刀伤人事件,广东,深圳,商业场所,持械,pending,晚间龙岗线索尚无独立采集或正式通报；网传冲突起因、快递员身份和学生死亡人数互相矛盾。,"[""LXS26A16"", ""LXS26A31"", ""LXS26A01""]","{""date"": [""LXS26A16"", ""LXS26A31""], ""location"": [""LXS26A16"", ""LXS26A31""], ""casualties"": [], ""classification"": [""LXS26A16"", ""LXS26A31""], ""motive"": [], ""outcome"": []}",,2026,,2026-X补查,,,,,,,,,[],晚间龙岗线索尚无独立采集或正式通报；网传冲突起因、快递员身份和学生死亡人数互相矛盾。,"[""https://x.com/whyyoutouzhele/status/2037212487309742093"", ""https://x.com/whyyoutouzhele/status/2039625155404509246""]",2026,2026-03,2026-Q1,待核实,False,True,False,0,0,
罗湖区,城市,,,,,,2026-07-09,只确认救助者1人死亡，不据网传填入学生伤亡；全案最终伤亡总数未见披露。,,女学生及上前制止的路过保洁员,,,,,,,,保洁员徒手夺刀并追赶，受致命伤；警方后抓获嫌疑人。,嫌疑人被抓获。,,,2026-07-09,官方未披露施害者性别年龄；社媒女性或男子版本不采信。,1,,[],未知,官方原文,True,True,官方材料直接记载持刀者转而刺伤无关救助者并致其死亡，支持扩大分类；初始被害人与作案者关系未知。,LX26A10,2026-03-26,day,深圳罗湖东门女学生及救助者遭持刀袭击,广东,深圳,街道交通,持械,expanded,官方确认先对女学生行凶，随后刺伤原袭击无关的路过救助者并致其死亡；按扩大至无关救助者记录，最初学生是否随机目标仍未知。,"[""LXS26A17"", ""LXS26A18"", ""LXS26A01""]","{""date"": [""LXS26A18""], ""location"": [""LXS26A18""], ""casualties"": [""LXS26A18""], ""classification"": [""LXS26A18""], ""motive"": [], ""outcome"": [""LXS26A18""], ""intervention"": [""LXS26A18""]}",,2026,官方明确3月26日6时许。,2026-X补查,,,,,,,,,[],,"[""https://x.com/whyyoutouzhele/status/2037239673907535998"", ""https://x.com/whyyoutouzhele/status/2039625155404509246""]",2026,2026-03,2026-Q1,纠纷扩大,True,True,False,1,0,
锡林浩特市,,,,,,,,官方事迹未披露伤亡；没有伤亡通报不等于零伤亡。,,乘客与公交司机，既往关系未披露。,,,,,官方事迹称癫痫发作，未取得医学资料；癫痫不是精神疾病，不据此推定诊断或刑责能力。,,,其他乘客控制涉事乘客，车辆靠边后等待民警到场。,,,,2026-07-09,仅保留表彰材料对该个案的归因，不采纳其疾病人群力量或攻击性的泛化描述；约16时。,,,[],未知,官方原文,True,False,发生由官方确认；主动性与对象关系证据仍缺。,LX26A23,2026-03-26,day,锡林浩特8路公交乘客攻击司机事件,内蒙古,锡林郭勒盟,公共交通,其他,pending,官方表彰事迹确认乘客冲向驾驶区攻击司机，但将行为归因于疾病发作，未披露医学诊断、行为意识或袭击动机。发生已核实，是否符合有意识主动袭击及无关公众目标口径仍待核。,"[""LXS26A18""]","{""date"": [""LXS26A18""], ""location"": [""LXS26A18""], ""casualties"": [], ""classification"": [""LXS26A18""], ""motive"": [], ""outcome"": [], ""intervention"": [""LXS26A18""], ""mental_health"": [""LXS26A18""]}",,2026,,2026-X补查,,,,,,,,,[],缺医学或调查资料确认行为意识、发作情况、对象关系及伤亡。,[],2026,2026-03,2026-Q1,待核实,False,True,False,0,0,
房山区,乡镇,,,,,,,网络死亡人数多版本冲突，全部不计入精确字段。,,,,,,,,,,,,,,2026-03-31,已补3月29日李老师原帖及镜像；“举报未果”与具体死伤均为未核聊天或现场口述。,,,[],未知,网传待核,False,False,媒体调查／研究推断,C034,2026-03-29,day,网传北京房山大韩继集市铲车冲撞事件,北京,北京,商业场所,驾车,pending,报道主要来自网络影像，无官方确认或独立可靠实地核实；发生细节、意图及伤亡均待核。,"[""CS045"", ""LXS26A01"", ""LXS26A20""]","{""date"": [""CS045""], ""location"": [""CS045""], ""casualties"": [""CS045""], ""classification"": [""CS045"", ""LXS26A20""], ""motive"": [], ""outcome"": []}",,,,2026-X补查,,,,,,,,,[],报道主要来自网络影像，无官方确认或独立可靠实地核实；发生细节、意图及伤亡均待核。,"[""https://x.com/whyyoutouzhele/status/2039625155404509246"", ""https://x.com/whyyoutouzhele/status/2038169287744229772""]",2026,2026-03,2026-Q1,待核实,False,True,False,0,0,
江岸区,城市,0,4,,,,2026-03-31,,,,44,男,,,,,,民警与群众合力制服；封面新闻现场走访称其水果刀脱手后曾去另一家店拿裁纸刀。,吴某某当场被控制。,,,2026-03-31,李老师帖子把44岁误写41岁，以警方为准；新唐人与社媒影像同源，不增加独立采集数量。,,,[],未知,官方转载,True,False,媒体调查／研究推断,C027,2026-03-31,day,武汉青松路持刀伤人案,湖北,武汉,街道交通,持械,pending,警方确认4伤；新增网传连续影像的媒体文字描述显示先后攻击摊贩、路中男子、路过女子，支持公众目标，但未独立核验原视频连续性及拍摄时地。现场记者未目击起因，暂保留待核并明确证据缺口。,"[""CS037"", ""RCS004"", ""LXS26A01"", ""LXS26A21"", ""LXS26A30""]","{""date"": [""CS037""], ""location"": [""CS037""], ""casualties"": [""CS037""], ""classification"": [""CS037"", ""LXS26A21"", ""LXS26A30""], ""motive"": [], ""outcome"": [""CS037""], ""intervention"": [""CS037"", ""RCS004""]}",,,,2026-X补查,,,,,,,,,[],警方确认4伤；新增网传连续影像的媒体文字描述显示先后攻击摊贩、路中男子、路过女子，支持公众目标，但未独立核验原视频连续性及拍摄时地。现场记者未目击起因，暂保留待核并明确证据缺口。,"[""https://x.com/whyyoutouzhele/status/2039625155404509246"", ""https://x.com/whyyoutouzhele/status/2039111132950962182""]",2026,2026-03,2026-Q1,待核实,False,True,False,0,4,
拱墅区,,,,,,,,女伤者及施害者跳楼的说法未核；年龄和精神疾病传闻不填确认字段。,,,,,,,,,,,,,,2026-03-31,,,,[],未知,网传待核,False,False,网传线索，未独立核实,LX26A11,2026-03-31,day,网传杭州世嘉铭座入室持刀伤人事件,浙江,杭州,社区住宅,持械,pending,单源投稿描绘敲陌生住户门后行凶，但尚未取得发生细节、关系及现场来源的独立核验。,"[""LXS26A19"", ""LXS26A01""]","{""date"": [""LXS26A19""], ""location"": [""LXS26A19""], ""casualties"": [], ""classification"": [""LXS26A19""], ""motive"": [], ""outcome"": []}",,2026,,2026-X补查,,,,,,,,,[],单源投稿描绘敲陌生住户门后行凶，但尚未取得发生细节、关系及现场来源的独立核验。,"[""https://x.com/whyyoutouzhele/status/2038959494865313931"", ""https://x.com/whyyoutouzhele/status/2039625155404509246""]",2026,2026-03,2026-Q1,待核实,False,True,False,0,0,
博罗县,,,,,,,,,,,,,,,,,,,,,,2026-04-23,来源称帝都酒店门前；只保留月份。关于出狱身份和人数的传闻不写入事实字段。,,,[],未知,单一媒体,False,False,媒体调查／研究推断,LX26B05,2026-04,month,网传惠州博罗酒店门前持刀伤人线索,广东,惠州,商业场所,持械,pending,同一受访者在4月22日谈及前几天酒店门前另有持刀事件；缺独立发生证据、确切日期、受害关系及作案过程。,"[""LXS26B05""]","{""date"": [""LXS26B05""], ""location"": [""LXS26B05""], ""casualties"": [], ""classification"": [""LXS26B05""], ""motive"": [], ""outcome"": []}",,2026,,2026-X补查,,,,,,,,,[],同一受访者在4月22日谈及前几天酒店门前另有持刀事件；缺独立发生证据、确切日期、受害关系及作案过程。,[],2026,2026-04,2026-Q2,待核实,False,False,False,0,0,
南浔区,,,2,1,,,2026-07-09,官方材料记载老板被刺伤、施救员工重伤二级；未提供全案死亡人数，不据此填零。,,老板及参与救援的另一名员工,,男,公司员工,官方案例记述袭击者与老板存在既往纠纷；具体心理动机未披露。,,,,员工上前阻止并协助控制。,施救员工经抢救存活。,,,2026-07-09,扩展类反映实际波及无原纠纷的救援者，不等同所有遇袭者最初均为随机选择。,,,"[""工作纠纷""]",官方事迹,官方原文,True,True,官方公开案例描述,LX26B02,2026-04-02,day,湖州菱湖镇公司持刀纠纷扩大至救援员工案,浙江,湖州,其他,持械,expanded,官方案例记述员工因既往纠纷刺伤老板，另一员工制止时遭连续刺击；后者属于原纠纷之外的救援人员，符合定向纠纷扩及旁人。,"[""LXS26B01""]","{""date"": [""LXS26B01""], ""location"": [""LXS26B01""], ""casualties"": [""LXS26B01""], ""classification"": [""LXS26B01""], ""motive"": [""LXS26B01""], ""outcome"": [""LXS26B01""]}",,2026,,2026-X补查,,,,,,中央政法委见义勇为事迹；仅确认既往工作纠纷背景，非司法认定心理动机。,,,"[""经济／工作／财产纠纷""]",,[],2026,2026-04,2026-Q2,纠纷扩大,True,True,True,0,2,
和平区,城市,,,,,,,传2或4死、6人被砍及嫌犯坠亡均未核，不录入精确伤亡。,,,,,,,,,,,,,,2026-04-06,李老师原status已保存，原站无正文；转载不另算独立来源。未用讨论中的死亡或嫌犯坠亡说法填充事实。,,,[],未知,网传待核,False,False,媒体调查／研究推断,C037,2026-04-04,day,网传沈阳太原街持刀伤人事件,辽宁,沈阳,街道交通,持械,pending,新增早报、无忧等仍主要依赖同一批网络影像及转述，未找到官方或两个独立现场采集来源。影像不能建立袭击者与伤者关系，网传随机行凶与伤亡规模均待核。,"[""CS048"", ""LXS26B20"", ""LXS26B21"", ""LXS26B22""]","{""date"": [""CS048"", ""LXS26B22""], ""location"": [""CS048"", ""LXS26B20"", ""LXS26B22""], ""casualties"": [""CS048""], ""classification"": [""CS048"", ""LXS26B20"", ""LXS26B22""], ""motive"": [], ""outcome"": []}",,,,2026-X补查,,,,,,,,,[],新增早报、无忧等仍主要依赖同一批网络影像及转述，未找到官方或两个独立现场采集来源。影像不能建立袭击者与伤者关系，网传随机行凶与伤亡规模均待核。,"[""https://x.com/whyyoutouzhele/status/2040449312027480228""]",2026,2026-04,2026-Q2,待核实,False,True,False,0,0,
,,,,,,,,,,,,,,,,,,,,,,2026-05-02,未将传称未成年人、药物影响或伤亡写为事实；两个社群转述不等同两个独立来源。,,,[],未知,网传待核,False,False,媒体调查／研究推断,LX26B14,2026-04-07,day,网传儋州未成年人驾车连续碰撞线索,海南,儋州,街道交通,驾车,pending,Telegram及论坛为未经独立核实的转述，尚无原始公安材料或可靠媒体调查；驾车者年龄、连续碰撞过程和故意性均待核。,"[""LXS26B17"", ""LXS26B18""]","{""date"": [""LXS26B17"", ""LXS26B18""], ""location"": [""LXS26B17"", ""LXS26B18""], ""casualties"": [], ""classification"": [""LXS26B17"", ""LXS26B18""], ""motive"": [], ""outcome"": []}",,2026,,2026-X补查,,,,,,,,,[],Telegram及论坛为未经独立核实的转述，尚无原始公安材料或可靠媒体调查；驾车者年龄、连续碰撞过程和故意性均待核。,[],2026,2026-04,2026-Q2,待核实,False,True,False,0,0,
,,,,,,,2026-07-09,官方事迹记述1名协助追捕的供电公司职工受伤，未公布全案总伤亡。,,原盗窃受害单位参与追捕的员工,,,,,,,,,公安抓获全部盗窃嫌疑人。,,,2026-07-09,职工所在单位为曲沃供电公司，官方材料未给碰撞点，城市和区县不据单位所在地强填；若进一步证实主动撞击原犯罪之外的阻止者，需复核扩展类别。,,1,[],未知,官方原文,True,False,媒体调查／研究推断,LX26B25,2026-04-07,day,山西供电公司职工追捕盗窃车辆受伤事件,山西,,街道交通,驾车,pending,官方确认盗窃嫌疑人逃车多次急刹变道、强行掉头，追击车随后碰撞；未明确嫌疑人是否主动以追捕者或其他人员为撞击目标，不能仅据追捕中受伤定为扩展袭击。,"[""LXS26B01""]","{""date"": [""LXS26B01""], ""location"": [""LXS26B01""], ""casualties"": [""LXS26B01""], ""classification"": [""LXS26B01""], ""motive"": [], ""outcome"": [""LXS26B01""]}",,2026,,2026-X补查,,,,1,,,,,[],官方确认盗窃嫌疑人逃车多次急刹变道、强行掉头，追击车随后碰撞；未明确嫌疑人是否主动以追捕者或其他人员为撞击目标，不能仅据追捕中受伤定为扩展袭击。,[],2026,2026-04,2026-Q2,待核实,False,True,False,0,1,
嘉禾县,乡村,,,,,,2026-04-27,采访记述先遭袭的一家3人擦伤，随后救援者受伤，故可确认至少4名伤者；被扼女子伤情与完整总数未明，重伤医学描述不代替司法鉴定。,,村民、过路女子及施救村民,,男,,,,,,村民合力将袭击者制服，警方随后带离。,警方控制嫌疑人。,,,2026-07-09,未将家属转述的精神状态说法当作医学诊断或动机。,,4,[],未知,官方原文,True,True,官方公开案例描述,LX26B01,2026-04-11,day,嘉禾曾家村陌生男子连续袭击村民和过路女子案,湖南,郴州,街道交通,其他,core,中央政法委公开材料记载男子无端殴打多名村民并扼住过路女子；记者采访补充其见人追打和拦截车辆，目标包括与其无原纠纷关系的公众。,"[""LXS26B01"", ""LXS26B27""]","{""date"": [""LXS26B01"", ""LXS26B27""], ""location"": [""LXS26B01"", ""LXS26B27""], ""casualties"": [""LXS26B27""], ""classification"": [""LXS26B01"", ""LXS26B27""], ""motive"": [], ""outcome"": [""LXS26B01"", ""LXS26B27""]}",,2026,,2026-X补查,,,,,,,,,[],,[],2026,2026-04,2026-Q2,核心,True,True,False,0,4,
,,,2,,,,2026-04-14,通报确认2人受伤、无生命危险；未另列死亡人数，不根据沉默填零。,,,36,男,,,,,,,司机被刑事拘留，案件侦办中。,,,2026-05-02,来源中的柯城区为嫌疑人籍贯，未直接用作事发行政区。毒驾为网友猜测，不纳入事实。,,,[],未知,官方转载,True,False,媒体调查／研究推断,LX26B12,2026-04-13,day,衢州百汇路SUV连续碰撞车辆事件,浙江,衢州,街道交通,驾车,pending,警方确认车辆碰撞并刑拘司机；媒体描述来回顶撞停放车辆，故意性仍需调查。尚无证据证明主动攻击无关人员，刑拘也不能单独证明无差别袭击。,"[""LXS26B15"", ""LXS26B18""]","{""date"": [""LXS26B15""], ""location"": [""LXS26B15""], ""casualties"": [""LXS26B15""], ""classification"": [""LXS26B15"", ""LXS26B18""], ""motive"": [], ""outcome"": [""LXS26B15""]}",,2026,,2026-X补查,,,,,,,,,[],警方确认车辆碰撞并刑拘司机；媒体描述来回顶撞停放车辆，故意性仍需调查。尚无证据证明主动攻击无关人员，刑拘也不能单独证明无差别袭击。,[],2026,2026-04,2026-Q2,待核实,False,True,False,0,2,
奉化区,,0,0,,,,2026-04-13,当地政府通报无人员伤亡。,,,,,,,,,,,,,,2026-04-13,官方起火原因当时待查；排除理由为没有主动袭人证据，不声称已有最终事故原因鉴定。,,,[],未知,官方转载,True,False,媒体调查／研究推断,LX26B18,2026-04-13,day,宁波奉化工业园厂房火灾及纵火传闻核查,浙江,宁波,其他,其他,excluded,已核实材料仅确认厂房火灾；传称纵火的报道自己指出企业名称误传并引述焊接起火说法，未找到主动袭击人的证据，按非袭击火灾线索排除。,"[""LXS26B25"", ""LXS26B26""]","{""date"": [""LXS26B26""], ""location"": [""LXS26B26""], ""casualties"": [""LXS26B26""], ""classification"": [""LXS26B25"", ""LXS26B26""], ""motive"": [], ""outcome"": []}",,2026,,2026-X补查,,,,,,,,,[],,[],2026,2026-04,2026-Q2,排除,False,True,False,0,0,
,,,,,,,,,,,,,,,,,,,,,,2026-05-02,发生本身及所谓纵火均待核；不录入评论所称伤亡数，不与其他地区工厂火灾混同。,,,[],未知,网传待核,False,False,媒体调查／研究推断,LX26B15,2026-04-17,day,网传临沂面粉厂纵火线索,山东,临沂,其他,纵火,pending,目前只有论坛评论列举日期和地点，未找到能定位工厂、确认起火原因与受害对象的原始来源。,"[""LXS26B18""]","{""date"": [""LXS26B18""], ""location"": [""LXS26B18""], ""casualties"": [], ""classification"": [""LXS26B18""], ""motive"": [], ""outcome"": []}",,2026,,2026-X补查,,,,,,,,,[],目前只有论坛评论列举日期和地点，未找到能定位工厂、确认起火原因与受害对象的原始来源。,[],2026,2026-04,2026-Q2,待核实,False,True,False,0,0,
南安市,,2,1,,,,2026-04-19,,,,,,,,,,,,肇事者被控制，原因待查。,,,2026-05-02,酒驾仅为投稿视频中的怀疑。南方+正文报道清晨发生，与后续自媒体写下午不符，未采纳后者。,,,[],未知,官方转载,True,False,媒体调查／研究推断,LX26B13,2026-04-19,day,南安水头镇车辆逆行撞人事件,福建,泉州,街道交通,驾车,pending,南方+记者获有关部门确认逆行车祸及死伤，具体原因仍在调查；网帖所谓主动冲撞没有独立依据，须进一步区分事故与故意攻击。,"[""LXS26B16"", ""LXS26B18""]","{""date"": [""LXS26B16""], ""location"": [""LXS26B16""], ""casualties"": [""LXS26B16""], ""classification"": [""LXS26B16"", ""LXS26B18""], ""motive"": [], ""outcome"": [""LXS26B16""]}",,2026,,2026-X补查,,,,,,,,,[],南方+记者获有关部门确认逆行车祸及死伤，具体原因仍在调查；网帖所谓主动冲撞没有独立依据，须进一步区分事故与故意攻击。,[],2026,2026-04,2026-Q2,待核实,False,True,False,2,1,
博罗县,,,,,,,,媒体转述死亡及多人重伤说法未经独立核实，数值留空。,,,,,,,,,,,,,,2026-04-23,保留当日广场事件，与同篇提及的较早酒店门前线索分列，避免合并伤亡。,,,[],未知,单一媒体,False,False,媒体调查／研究推断,LX26B04,2026-04-22,day,网传惠州博罗中园休闲广场持刀伤人事件,广东,惠州,公园广场,持械,pending,目前为一家媒体引述本地居民及网络影像，伤亡与受害关系没有独立采集的第二来源或官方材料；不能由多人遇袭传言推断随机性。,"[""LXS26B05""]","{""date"": [""LXS26B05""], ""location"": [""LXS26B05""], ""casualties"": [], ""classification"": [""LXS26B05""], ""motive"": [], ""outcome"": []}",,2026,,2026-X补查,,,,,,,,,[],目前为一家媒体引述本地居民及网络影像，伤亡与受害关系没有独立采集的第二来源或官方材料；不能由多人遇袭传言推断随机性。,[],2026,2026-04,2026-Q2,待核实,False,True,False,0,0,
,,,,,,,,,,,,,,,,,,,,,,2026-04-29,搜索当地公开事故信息未查得对应刑案，不据此断言不存在；不采信转载的政治身份、私人关系与200余伤亡数。,,,[],未知,网传待核,False,False,媒体调查／研究推断,LX26B19,2026-04-29,day,网传泰安住宅楼遭爆炸袭击线索,山东,泰安,社区住宅,爆炸,pending,现有页面只转载匿名X投稿，连准确楼宇位置、爆炸是否发生都未得到核实；所谓特定干部目标及大规模伤亡亦无可核来源。,"[""LXS26B28""]","{""date"": [""LXS26B28""], ""location"": [""LXS26B28""], ""casualties"": [], ""classification"": [""LXS26B28""], ""motive"": [], ""outcome"": []}",,2026,,2026-X补查,,,,,,,,,[],现有页面只转载匿名X投稿，连准确楼宇位置、爆炸是否发生都未得到核实；所谓特定干部目标及大规模伤亡亦无可核来源。,"[""https://x.com/LUOXIANG_PMTQ/status/2049510723479335144""]",2026,2026-04,2026-Q2,待核实,False,True,False,0,0,
天河区,城市,,,,,,,采访反映多名乘客咳嗽、流泪或呕吐；人数与诊断未公布，不将症状描述转成精确伤者数。,,车厢内周边乘客，未见与喷射者有关联,,男,,,,,,,地铁派出所受访人员称涉事者已被抓获，正在调查。,,,2026-05-02,核心分类依据公开行为及实际无关乘客目标，不以警方必须使用“随机”字样为条件。网络所谓偷拍争执起因未获证实；若后续确认特定纠纷触发，应复核为扩展。中央社为转述，未额外计作独立采访。,,,[],未知,多源媒体,True,False,媒体调查／研究推断,LX26B03,2026-04-30,day,广州地铁三号线男子向周围乘客喷辣椒水事件,广东,广州,公共交通,其他,core,媒体描述的现场影像显示向周边乘客持续喷洒，潇湘晨报、荔枝新闻及广东台亲历者采访相互补充，警方受访人员确认喷辣椒水且人已抓获；实际目标覆盖无关车厢乘客。,"[""LXS26B02"", ""LXS26B03"", ""LXS26B04""]","{""date"": [""LXS26B02"", ""LXS26B04""], ""location"": [""LXS26B02"", ""LXS26B04""], ""casualties"": [""LXS26B02"", ""LXS26B04""], ""classification"": [""LXS26B02"", ""LXS26B04""], ""motive"": [], ""outcome"": [""LXS26B02""]}",,2026,,2026-X补查,,,,,,,,,[],,[],2026,2026-04,2026-Q2,核心,False,True,False,0,0,
高新区,城市,1,11,,,,2026-05-01,,,,31,男,,,,,,,李某某当场被抓获，初查涉嫌交通肇事逃逸。,,,2026-05-02,保留官方1死11伤数值。目击者对更多死亡、网约车押金纠纷的推测不予采纳；中央社使用李老师传播影像，与X镜像同源，不另算现场独立采集。,,,[],未知,官方转载,True,False,媒体调查／研究推断,C044,2026-05-01,day,成都剑南大道车辆连续碰撞事件,四川,成都,街道交通,驾车,pending,警方初查称转弯事故后逃逸；另有原始目击者采访与中央社影像分析描述加速撞击多个路段的公众、倒车后再撞及取刀。两类证据对故意性存在冲突，不能仅凭事故标签排除；在完整轨迹、调查结果及动机关系未厘清前列待核。,"[""CS055"", ""LXS26B23"", ""LXS26B24"", ""LXS26B31"", ""LXS26B32""]","{""date"": [""CS055""], ""location"": [""CS055""], ""casualties"": [""CS055""], ""classification"": [""CS055"", ""LXS26B24"", ""LXS26B31"", ""LXS26B32""], ""motive"": [], ""outcome"": [""CS055""]}",,,,2026-X补查,,,,,,,,,[],警方初查称转弯事故后逃逸；另有原始目击者采访与中央社影像分析描述加速撞击多个路段的公众、倒车后再撞及取刀。两类证据对故意性存在冲突，不能仅凭事故标签排除；在完整轨迹、调查结果及动机关系未厘清前列待核。,"[""https://x.com/whyyoutouzhele/status/2050186973680463941""]",2026,2026-05,2026-Q2,待核实,False,True,False,1,11,
城中区,城市,3,1,,1,,2026-05-02,通报4死中1人为有重大嫌疑者；暂单列嫌疑人死亡，非最终法院认定。,,,,,,,,,,,,,,2026-05-05,维持警方4死中分列疑似作案者1死的原口径；未把受访者的猜测升级为动机。,,,[],未知,官方转载,True,False,媒体调查／研究推断,C038,2026-05-02,day,柳州高新南路小区刑事案件,广西,柳州,社区住宅,其他,pending,警方已确认刑案与死伤；新增记者访问居民仅有楼内发生及邻里纠纷的传闻，未核实具体被害关系和作案目标，无法判断定向案是否扩及无关者。,"[""CS049"", ""LXS26B14""]","{""date"": [""CS049""], ""location"": [""CS049""], ""casualties"": [""CS049""], ""classification"": [""CS049"", ""LXS26B14""], ""motive"": [], ""outcome"": []}",,,,2026-X补查,,,,,,,,,[],警方已确认刑案与死伤；新增记者访问居民仅有楼内发生及邻里纠纷的传闻，未核实具体被害关系和作案目标，无法判断定向案是否扩及无关者。,[],2026,2026-05,2026-Q2,待核实,False,True,False,3,1,
平阳县,,,,,,,,,,,,,,,,,,,,,,2026-05-05,总死伤未有可靠核定，不把现场躺地人数作为死亡或伤者数。,,,[],未知,单一媒体,False,False,媒体调查／研究推断,LX26B11,2026-05-03,day,网传平阳昆阳菜市场路段车辆碰撞多人事件,浙江,温州,街道交通,驾车,pending,单一媒体记者访谈与网络视频可提供车辆碰撞线索；盗窃逃跑、失控事故及主动撞人说法未分清，缺官方结果及独立调查。,"[""LXS26B14""]","{""date"": [""LXS26B14""], ""location"": [""LXS26B14""], ""casualties"": [], ""classification"": [""LXS26B14""], ""motive"": [], ""outcome"": []}",,2026,,2026-X补查,,,,,,,,,[],单一媒体记者访谈与网络视频可提供车辆碰撞线索；盗窃逃跑、失控事故及主动撞人说法未分清，缺官方结果及独立调查。,[],2026,2026-05,2026-Q2,待核实,False,True,False,0,0,
浦东新区,城市,0,3,,,,2026-05-20,,,,59,男,,,警方称有精神疾病治疗史；外交部后确认系精神障碍患者。,,,,嫌疑人被警方制服。,,,2026-05-20,Q2补查未取得可改变类别的新关系证据；维持待核，保留官方伤亡及发生事实。,,,[],未知,官方原文,True,False,媒体调查／研究推断,C029,2026-05-19,day,上海环球金融中心日本料理店持刀伤人案,上海,上海,商业场所,持械,pending,官方确认男子闯入餐厅持刀伤3人；尚缺其与伤者是否认识、是否因特定纠纷以及选择对象过程的材料。公开餐厅场景与精神障碍史不能单独证明随机性。,"[""CS039"", ""CS040""]","{""date"": [""CS039"", ""CS040""], ""location"": [""CS039"", ""CS040""], ""casualties"": [""CS039"", ""CS040""], ""classification"": [""CS039"", ""CS040""], ""motive"": [], ""outcome"": [""CS039"", ""CS040""]}",,,,2026-X补查,,,,,,,,,[],官方确认男子闯入餐厅持刀伤3人；尚缺其与伤者是否认识、是否因特定纠纷以及选择对象过程的材料。公开餐厅场景与精神障碍史不能单独证明随机性。,[],2026,2026-05,2026-Q2,待核实,False,True,False,0,3,
,,,,,,,,,,,,,,,,,,,,,,2026-08-17,仅录月份，不能以8月17日发布日期代替案发日；待取得原始记录后复查是否与其他事故重复。,,,[],未知,网传待核,False,False,媒体调查／研究推断,LX26B16,2026-06,month,网传随州大润发路段车辆冲撞线索,湖北,随州,街道交通,驾车,pending,8月评论文章回顾6月事件时仅作简短提及，没有具体日期、采访或原始帖文；发生及主动性都未核实。,"[""LXS26B19""]","{""date"": [""LXS26B19""], ""location"": [""LXS26B19""], ""casualties"": [], ""classification"": [""LXS26B19""], ""motive"": [], ""outcome"": []}",,2026,,2026-X补查,,,,,,,,,[],8月评论文章回顾6月事件时仅作简短提及，没有具体日期、采访或原始帖文；发生及主动性都未核实。,[],2026,2026-06,2026-Q2,待核实,False,False,False,0,0,
,,,,,,,,,,,,,,,,,,,,,,2026-08-17,月份依原文回顾语境保留；伤亡与动机均未知，获得地点后须优先查重。,,,[],未知,网传待核,False,False,媒体调查／研究推断,LX26B17,2026-06,month,网传漯河车辆连续碰撞线索,河南,漯河,街道交通,驾车,pending,仅一篇评论文章笼统回顾6月漯河连环撞击，缺地点、具体日期及可验证的原始记录；不足以认定主动袭击。,"[""LXS26B19""]","{""date"": [""LXS26B19""], ""location"": [""LXS26B19""], ""casualties"": [], ""classification"": [""LXS26B19""], ""motive"": [], ""outcome"": []}",,2026,,2026-X补查,,,,,,,,,[],仅一篇评论文章笼统回顾6月漯河连环撞击，缺地点、具体日期及可验证的原始记录；不足以认定主动袭击。,[],2026,2026-06,2026-Q2,待核实,False,False,False,0,0,
巴南区,,1,,,,,2026-06-05,,,同事,,男,,警方初查为同事矛盾。,,,,,,,,2026-06-05,网络以高校教师及副校长身份传播；教育身份不等同针对学校公众的无差别袭击。,,,"[""工作纠纷""]",警方初步通报,官方转载,True,False,媒体调查／研究推断,LX26B08,2026-06-05,day,重庆巴南高校同事矛盾定向持刀杀人案,重庆,重庆,社区住宅,持械,excluded,警方通报经媒体完整转述，认定同事矛盾引发特定对象袭击；没有向其他无关人员扩展的证据。,"[""LXS26B09""]","{""date"": [""LXS26B09""], ""location"": [""LXS26B09""], ""casualties"": [""LXS26B09""], ""classification"": [""LXS26B09""], ""motive"": [""LXS26B09""], ""outcome"": []}",,2026,,2026-X补查,,,,,,,,,"[""经济／工作／财产纠纷""]",,[],2026,2026-06,2026-Q2,排除,False,True,True,1,0,
兴安县,,7,,,,,2026-06-11,官方称7人死亡、17人送医；另有未计数轻伤人员，故17仅作为伤者下限，不写成完整受伤总数。,,,,,,,,,,,,,,2026-06-11,,,17,[],未知,官方转载,True,False,媒体调查／研究推断,LX26B09,2026-06-11,day,兴安灵湘路爆炸事件,广西,桂林,街道交通,爆炸,pending,官方确认爆炸和死伤，但未公布爆炸成因、是否人为及目标选择；商铺纠纷或报复社会等互相冲突的网传动机均未核实。,"[""LXS26B10"", ""LXS26B11""]","{""date"": [""LXS26B10""], ""location"": [""LXS26B10""], ""casualties"": [""LXS26B10""], ""classification"": [""LXS26B10"", ""LXS26B11""], ""motive"": [], ""outcome"": []}",,2026,,2026-X补查,,,,,,,,,[],官方确认爆炸和死伤，但未公布爆炸成因、是否人为及目标选择；商铺纠纷或报复社会等互相冲突的网传动机均未核实。,[],2026,2026-06,2026-Q2,待核实,False,True,False,7,17,
如东县,,1,7,,,,2026-06-15,截至当日18时1死7伤，其中1人伤势较重；未将伤势较重当作重伤鉴定。,,,,,,,,,,,涉事驾驶人被控制，事故调查及善后进行中。,,,2026-06-15,,,,[],未知,官方转载,True,False,媒体调查／研究推断,LX26B20,2026-06-15,day,如东倒车操作不当冲撞丧事现场事故,江苏,南通,其他,驾车,excluded,政府通报明确系倒车操作不当造成，未有主动攻击人群证据。,"[""LXS26B29""]","{""date"": [""LXS26B29""], ""location"": [""LXS26B29""], ""casualties"": [""LXS26B29""], ""classification"": [""LXS26B29""], ""motive"": [], ""outcome"": [""LXS26B29""]}",,2026,,2026-X补查,,,,,,,,,[],,[],2026,2026-06,2026-Q2,排除,False,True,False,1,7,
灌南县,,2,1,,,,2026-06-16,两名环卫工死亡，受伤1人为肇事车辆同车人员；分别说明身份以免误当行人伤者。,,路边作业的环卫工及同车乘员,23,女,,,,,,,司机被依法刑事拘留。,,,2026-06-16,,,,[],未知,官方转载,True,False,媒体调查／研究推断,LX26B21,2026-06-15,day,灌南醉驾碰撞环卫工人交通事故,江苏,连云港,街道交通,驾车,excluded,警方通报为醉酒驾驶导致道路交通事故，未见蓄意袭击公众的证据。,"[""LXS26B30""]","{""date"": [""LXS26B30""], ""location"": [""LXS26B30""], ""casualties"": [""LXS26B30""], ""classification"": [""LXS26B30""], ""motive"": [], ""outcome"": [""LXS26B30""]}",,2026,,2026-X补查,,,,,,,,,[],,[],2026,2026-06,2026-Q2,排除,False,True,False,2,1,
,,,,,,,,,,,,,,,,,,,,,,2026-06-21,6月19日为摘要所述案发日，6月21日为发帖日；两者分开。仅社媒线索，不因场景公开就自动列核心。,,,[],未知,网传待核,False,False,媒体调查／研究推断,LX26B06,2026-06-19,day,网传无锡车展模特遭持刀袭击事件,江苏,无锡,商业场所,持械,pending,可检出的李老师帖文镜像摘要称车展发生持刀袭击，但原帖不可读、镜像正文访问失败，尚缺独立发生验证和袭击者与受害者关系。,"[""LXS26B06"", ""LXS26B07""]","{""date"": [""LXS26B06"", ""LXS26B07""], ""location"": [""LXS26B06"", ""LXS26B07""], ""casualties"": [], ""classification"": [""LXS26B06"", ""LXS26B07""], ""motive"": [], ""outcome"": []}",,2026,,2026-X补查,,,,,,,,,[],可检出的李老师帖文镜像摘要称车展发生持刀袭击，但原帖不可读、镜像正文访问失败，尚缺独立发生验证和袭击者与受害者关系。,"[""https://x.com/whyyoutouzhele/status/2068635036157644991""]",2026,2026-06,2026-Q2,待核实,False,True,False,0,0,
金水区,,2,2,,,,2026-07-22,,,,,,,警方查明因经营纠纷实施放火。,,,,,涉嫌放火罪被检察机关批准逮捕。,,,2026-07-22,可确认主动纵火，不足以确定核心或扩展类别；本条待核针对关系而非否认发生。,,,"[""经营纠纷""]",警方初步通报,官方转载,True,False,媒体调查／研究推断,LX26B10,2026-06-19,day,郑州宏达国际车业广场经营纠纷放火案,河南,郑州,商业场所,纵火,pending,7月22日警方确认因经营纠纷纵火，但未披露死伤者与嫌疑人关系、原纠纷目标和起火时人员分布；商场受损及多人死伤本身不足以证明攻击无关公众。,"[""LXS26B12"", ""LXS26B13""]","{""date"": [""LXS26B12"", ""LXS26B13""], ""location"": [""LXS26B12"", ""LXS26B13""], ""casualties"": [""LXS26B12"", ""LXS26B13""], ""classification"": [""LXS26B12"", ""LXS26B13""], ""motive"": [""LXS26B12"", ""LXS26B13""], ""outcome"": [""LXS26B12"", ""LXS26B13""]}",,2026,,2026-X补查,,,,,,,,,"[""其他已披露背景""]",7月22日警方确认因经营纠纷纵火，但未披露死伤者与嫌疑人关系、原纠纷目标和起火时人员分布；商场受损及多人死伤本身不足以证明攻击无关公众。,[],2026,2026-06,2026-Q2,待核实,False,True,True,2,2,
津南区,,,,,,,,,,,,,,,,,,,,,,2026-06-27,保留为社媒待核；不能把街头斗殴自动视为无差别攻击。,,,[],未知,网传待核,False,False,媒体调查／研究推断,LX26B22,2026-06-26,day,网传天津津南广场附近持刀斗殴线索,天津,天津,街道交通,持械,pending,单一社媒帖文描述多人相互冲突及疑似持刀，没有独立发生验证，也未说明是否涉及原纠纷之外的旁人。,"[""LXS26B33""]","{""date"": [""LXS26B33""], ""location"": [""LXS26B33""], ""casualties"": [], ""classification"": [""LXS26B33""], ""motive"": [], ""outcome"": []}",,2026,,2026-X补查,,,,,,,,,[],单一社媒帖文描述多人相互冲突及疑似持刀，没有独立发生验证，也未说明是否涉及原纠纷之外的旁人。,"[""https://x.com/whyyoutouzhele/status/2070839570053095833""]",2026,2026-06,2026-Q2,待核实,False,True,False,0,0,
朝阳区,,0,13,,1,,2026-06-27,官方公布唯一死亡者为驾驶员，单列在行为人死亡字段；其余现场13人受伤。行为人是否构成主动袭击者仍待分类核实。,,,66,男,自由职业者,官方调查指个人原因，并称日记多次表露自杀想法；未据此认定报复社会。,官方通报描述长期失眠焦虑，未见疾病诊断结论。,,,,驾驶员死亡；官方调查认定为危害公共安全案件。,,,2026-07-02,网络关于驾驶员与中信雇佣或纠纷关系没有可核来源，不纳入事实。,,,[],警方初步通报,官方转载,True,False,媒体调查／研究推断,LX26B23,2026-06-26,day,北京中信大厦轻型飞机撞楼事件,北京,北京,商业场所,其他,pending,官方确认危害公共安全案件并披露自杀意念，未充分说明驾驶者是否主动以楼内公众为攻击对象。自杀故意不等于伤人故意，保留待核。,"[""LXS26B34"", ""LXS26B35"", ""LXS26B36""]","{""date"": [""LXS26B35""], ""location"": [""LXS26B34"", ""LXS26B35""], ""casualties"": [""LXS26B35""], ""classification"": [""LXS26B34"", ""LXS26B35""], ""motive"": [""LXS26B34""], ""outcome"": [""LXS26B34""]}",,2026,,2026-X补查,,,,,,,,,[],官方确认危害公共安全案件并披露自杀意念，未充分说明驾驶者是否主动以楼内公众为攻击对象。自杀故意不等于伤人故意，保留待核。,"[""https://x.com/whyyoutouzhele/status/2070491014016520660""]",2026,2026-06,2026-Q2,待核实,False,True,True,0,13,
寿县,,,,,,,,,,,,,,,,,,,,,,2026-06-28,补查命中2025年2月另一幼儿园校车起火旧案，时间和地点不符，未用旧案充当本条证据。,,,[],未知,网传待核,False,False,媒体调查／研究推断,LX26B24,2026-06-27,day,网传寿县京师幼儿园遭袭线索,安徽,淮南,校园及周边,其他,pending,只检出论坛标题，发生本身、作案方式、伤亡和受害对象均不可核实；学校名称不能代替发生或随机性证据。,"[""LXS26B37""]","{""date"": [""LXS26B37""], ""location"": [""LXS26B37""], ""casualties"": [], ""classification"": [""LXS26B37""], ""motive"": [], ""outcome"": []}",,2026,,2026-X补查,,,,,,,,,[],只检出论坛标题，发生本身、作案方式、伤亡和受害对象均不可核实；学校名称不能代替发生或随机性证据。,[],2026,2026-06,2026-Q2,待核实,False,True,False,0,0,
滕州市,,,,,,,,,,,,,,,,,,,,,,2026-07-03,有关先杀家人后伤路人的说法只作为待查方向；日期、地点亦依单源报道保留，不能纳入已核实统计。,,,[],未知,网传待核,False,False,媒体调查／研究推断,LX26B07,2026-06-28,day,网传滕州和馨园及世茂商城附近持刀伤人线索,山东,枣庄,街道交通,持械,pending,报道仅汇总网传影像和说法，家庭纠纷、继续攻击街头旁人及伤亡均没有独立证实；缺足以确定是否同一连续案件的证据。,"[""LXS26B08""]","{""date"": [""LXS26B08""], ""location"": [""LXS26B08""], ""casualties"": [], ""classification"": [""LXS26B08""], ""motive"": [], ""outcome"": []}",,2026,,2026-X补查,,,,,,,,,[],报道仅汇总网传影像和说法，家庭纠纷、继续攻击街头旁人及伤亡均没有独立证实；缺足以确定是否同一连续案件的证据。,[],2026,2026-06,2026-Q2,待核实,False,True,False,0,0,
晋江市,,28,,,,,2026-07-10,28名死者包含送医后不治的2人，未另列受伤存活者人数；不采用社媒夸大数字。,,厂内人员；没有已认定的袭击者,,,,,,,,消防疏散及救援,政府启动事故调查和善后。,,,2026-07-17,method留空表示没有证实纵火，不将报道火灾直接编码为主动攻击。,,,[],未知,官方原文,True,False,火灾事实官方／主动袭击待核,LX26C08,2026-07-09,day,晋江辉腾鞋业厂房火灾及纵火传言,福建,泉州,其他,,pending,政府发布会确认重大厂房火灾及伤亡，但起火原因尚未查清；网上纵火／报复说法缺少可验证行为人、起火过程或调查结论。只列待核火灾线索。,"[""LXS26C18"", ""LXS26C20""]","{""date"": [""LXS26C18""], ""location"": [""LXS26C18""], ""casualties"": [""LXS26C18""], ""classification"": [""LXS26C18"", ""LXS26C20""], ""motive"": [], ""outcome"": [""LXS26C18""]}",,2026,,2026-X补查,,,,,,,,,[],政府发布会确认重大厂房火灾及伤亡，但起火原因尚未查清；网上纵火／报复说法缺少可验证行为人、起火过程或调查结论。只列待核火灾线索。,[],2026,2026-07,2026-Q3,待核实,False,True,False,28,0,
思明区,城市,,,,,,,不采用网传死亡或多人行凶人数。,,,,男,,,,,,,,,,2026-07-14,案发日采用文中网传7月11日，未经独立验证；7月14日是文章发布时间。,,,[],未知,网传待核,False,False,网传／待核,LX26C01,2026-07-11,day,网传厦门东浦路持刀伤人事件,福建,厦门,街道交通,持械,pending,只有网络影像汇编可见；影像拍摄日期、袭击经过、攻击对象关系和伤亡均无官方或独立采集材料印证。,"[""LXS26C08""]","{""date"": [""LXS26C08""], ""location"": [""LXS26C08""], ""casualties"": [], ""classification"": [""LXS26C08""], ""motive"": [], ""outcome"": []}",,2026,,2026-X补查,,,,,,,,,[],只有网络影像汇编可见；影像拍摄日期、袭击经过、攻击对象关系和伤亡均无官方或独立采集材料印证。,[],2026,2026-07,2026-Q3,待核实,False,True,False,0,0,
钱塘区,城市,1,,,,,2026-07-13,警方确认甜品店店主死亡1人；未单列其他非致命伤人数，injured由0改为null。,,,54,男,纺织厂员工,,,,,,金某某当日上午被抓获并刑拘。,,,2026-07-13,同日网传叙述误称外卖员冲突及有人在逃，与警方公布54岁纺织厂员工当日上午被抓不符；这些传言不用于关系、职业或结局认定。现场为商业场所本身不足证明随机。,,,[],未知,官方转载,True,False,媒体调查／研究推断,C028,2026-07-13,day,杭州钱塘甜品店门口持刀杀人案,浙江,杭州,商业场所,持械,pending,确认店主遇害，但双方关系与攻击选择机制未披露；暂不能认定随机或特定纠纷。,"[""CS038"", ""LXS26C08""]","{""date"": [""CS038""], ""location"": [""CS038""], ""casualties"": [""CS038""], ""classification"": [""CS038""], ""motive"": [], ""outcome"": [""CS038""]}",,,,2026-X补查,,,,,,,,,[],确认店主遇害，但双方关系与攻击选择机制未披露；暂不能认定随机或特定纠纷。,[],2026,2026-07,2026-Q3,待核实,False,True,False,1,0,
古雷港经济开发区,,,1,,,,2026-07-17,警方称伤情稳定，未给法定重伤鉴定。,,87岁拾荒老人，与施暴者关系未知,35,女,,,,,,警方到场控制嫌疑人、安排送医,案件办理中。,,,2026-07-17,,,,[],未知,官方转载,True,False,警方确认发生／对象关系待核,LX26C15,2026-07-14,day,漳州古雷新港城拾荒老人被殴打案,福建,漳州,社区住宅,持械,pending,警方确认殴打及一名伤者；尚无可读材料说明施暴者与老人此前关系、起因及选择机制，不能仅因老人弱势而认定随机。,"[""LXS26C26""]","{""date"": [""LXS26C26""], ""location"": [""LXS26C26""], ""casualties"": [""LXS26C26""], ""classification"": [""LXS26C26""], ""motive"": [], ""outcome"": [""LXS26C26""]}",,2026,,2026-X补查,,,,,,,,,[],警方确认殴打及一名伤者；尚无可读材料说明施暴者与老人此前关系、起因及选择机制，不能仅因老人弱势而认定随机。,[],2026,2026-07,2026-Q3,待核实,False,True,False,0,1,
城厢区,,0,0,,,,2026-07-15,缓存稿引当地政府称无人员伤亡；需在可访问正文再次核对。,,,,,,,,,,,缓存稿称嫌疑人已被警方控制。,,,2026-07-15,爆燃是纵火的据报后果，未推断另有独立爆炸装置；不将财产纵火自动纳为针对不特定公众的袭击。,,,[],未知,单一媒体,False,False,单一媒体缓存／攻击对象待核,LX26C10,2026-07-15,day,莆田灵川镇烟花爆竹仓库纵火线索,福建,莆田,其他,纵火,pending,新京报采访部门称人为纵火，但本轮只读取到搜索缓存完整短稿，原文访问失败；是否以现场人员或无关公众为攻击对象亦不明，暂列待核。,"[""LXS26C21""]","{""date"": [""LXS26C21""], ""location"": [""LXS26C21""], ""casualties"": [""LXS26C21""], ""classification"": [""LXS26C21""], ""motive"": [], ""outcome"": [""LXS26C21""]}",,2026,,2026-X补查,,,,,,,,,[],新京报采访部门称人为纵火，但本轮只读取到搜索缓存完整短稿，原文访问失败；是否以现场人员或无关公众为攻击对象亦不明，暂列待核。,[],2026,2026-07,2026-Q3,待核实,False,True,False,0,0,
晋江市,,0,0,,,,2026-07-16,仅初报“暂无人员被困或受伤”，非最终事故结案人数。,,,,,,,,,,,消防扑救。,,,2026-07-17,,,,[],未知,官方转载,True,False,火灾事实官方／主动袭击待核,LX26C09,2026-07-16,day,晋江池店唐厝废品收购站火灾及纵火传言,福建,泉州,其他,,pending,官方可确认废品站火灾；将其称工厂遭报复的社交说法未给可查证纵火证据，主动袭击性质未知。,"[""LXS26C19"", ""LXS26C20""]","{""date"": [""LXS26C19""], ""location"": [""LXS26C19""], ""casualties"": [""LXS26C19""], ""classification"": [""LXS26C19"", ""LXS26C20""], ""motive"": [], ""outcome"": [""LXS26C19""]}",,2026,,2026-X补查,,,,,,,,,[],官方可确认废品站火灾；将其称工厂遭报复的社交说法未给可查证纵火证据，主动袭击性质未知。,[],2026,2026-07,2026-Q3,待核实,False,True,False,0,0,
平江县,,2,,,1,,2026-07-17,两名店内死者与一名纵火嫌疑人分列，不能把总死亡3人当作受害者死亡3人；未给非致命伤人数。,,店内两人，身份及与纠纷关系未披露,42,男,,警方初查称与店主存在矛盾纠纷后纵火，细节未知。,,,,民警与消防赶赴灭火,嫌疑人寻某当场死亡；侦办中。,,,2026-07-17,不采信来源时间异常的内部通报截图作为两位受害者身份结论。,,,"[""商业纠纷""]",警方初步通报,官方转载,True,False,警方确认纵火／受害关系待核,LX26C05,2026-07-17,day,湖南平江老城区店铺纵火案,湖南,岳阳,商业场所,纵火,pending,警方确认店主纠纷引发纵火并造成店内两人死亡；通报未说明两人与原纠纷关系。儿女被害说法仅有网传，尚不足确认扩及无关人员。,"[""LXS26C14"", ""LXS26C34""]","{""date"": [""LXS26C14""], ""location"": [""LXS26C14""], ""casualties"": [""LXS26C14""], ""classification"": [""LXS26C14"", ""LXS26C34""], ""motive"": [""LXS26C14""], ""outcome"": [""LXS26C14""]}",,2026,,2026-X补查,,,,,,,,,"[""其他已披露背景""]",警方确认店主纠纷引发纵火并造成店内两人死亡；通报未说明两人与原纠纷关系。儿女被害说法仅有网传，尚不足确认扩及无关人员。,[],2026,2026-07,2026-Q3,待核实,False,True,True,2,0,
洪雅县,,0,0,,,,2026-07-26,数字来自媒体搜索缓存转述无人员被困伤亡，标记原文待复核。,,,,,,,,,,,,,,2026-09-09,没有将未经核实的欠薪年限、金额及人数写入事实字段。,,,[],未知,单一媒体,False,False,官方报道缓存／主动袭击待核,LX26C18,2026-07-26,day,洪雅玉屏山森林火灾及讨薪纵火传言,四川,眉山,公园广场,,pending,媒体缓存转述管护站火情通报，但原文访问失败；网传欠薪聊天截图不能独立确认行为人、纵火行为或对公众攻击目标。,"[""LXS26C27"", ""LXS26C30""]","{""date"": [""LXS26C30""], ""location"": [""LXS26C30""], ""casualties"": [""LXS26C30""], ""classification"": [""LXS26C27"", ""LXS26C30""], ""motive"": [], ""outcome"": []}",,2026,,2026-X补查,,,,,,,,,[],媒体缓存转述管护站火情通报，但原文访问失败；网传欠薪聊天截图不能独立确认行为人、纵火行为或对公众攻击目标。,[],2026,2026-07,2026-Q3,待核实,False,True,False,0,0,
,,,,,,,,,,比赛对手,,,,,,,,,,,,2026-07-29,保留李老师帖的转载线索；不公开未成年选手姓名，未以网友标签认定随机袭击，处罚内容尚待协会原通报。,,,[],未知,网传待核,False,False,网传／待核,LX26C13,2026-07-27,day,江苏青少年乒乓球选拔赛赛后殴打对手线索,江苏,,其他,其他,excluded,可读转载描述赛后失利选手攻击获胜对手，属于特定比赛冲突，没有伤及无关人员线索。,"[""LXS26C24""]","{""date"": [""LXS26C24""], ""location"": [""LXS26C24""], ""casualties"": [], ""classification"": [""LXS26C24""], ""motive"": [], ""outcome"": []}",,2026,,2026-X补查,,,,,,,,,[],,[],2026,2026-07,2026-Q3,排除,False,True,False,0,0,
西平县,,1,,,,,2026-08-02,警方称邻居死亡、亲属伤情稳定，未给受伤亲属人数，故injured留空。,,邻居及其亲属，邻里纠纷对象,51,男,,警方初查为邻里矛盾引发争执。,,,,,央视网8月8日标题确认嫌疑人已抓获。,,,2026-08-08,,,,"[""邻里纠纷""]",警方初步通报,官方转载,True,True,警方初步通报,LX26C06,2026-07-30,day,河南西平西关社区邻里纠纷持刀案,河南,驻马店,社区住宅,持械,excluded,警方描述因邻里矛盾针对邻居及其亲属，现有材料未显示攻击与该纠纷无关公众。,"[""LXS26C15"", ""LXS26C16""]","{""date"": [""LXS26C15""], ""location"": [""LXS26C15""], ""casualties"": [""LXS26C15""], ""classification"": [""LXS26C15"", ""LXS26C16""], ""motive"": [""LXS26C15""], ""outcome"": [""LXS26C16""]}",,2026,,2026-X补查,,,,,,,,,"[""其他已披露背景""]",,[],2026,2026-07,2026-Q3,排除,True,True,True,1,0,
黄岛区,,0,0,,,,2026-08-02,,,,,,,,,,,,消防等部门扑救，原因调查。,,,2026-09-09,初期网传称轮胎厂，实际通报主体为供应链企业仓库。,,,[],未知,官方转载,True,False,火灾事实官方／主动袭击待核,LX26C19,2026-08-02,day,青岛象屿速传仓库火灾及讨薪纵火传言,山东,青岛,其他,,pending,地方发布通报确认仓库火灾且原因调查中；员工讨薪纵火传言无独立核实，不以燃烧规模或爆燃声推定主动袭击。,"[""LXS26C27"", ""LXS26C31""]","{""date"": [""LXS26C31""], ""location"": [""LXS26C31""], ""casualties"": [""LXS26C31""], ""classification"": [""LXS26C27"", ""LXS26C31""], ""motive"": [], ""outcome"": [""LXS26C31""]}",,2026,,2026-X补查,,,,,,,,,[],地方发布通报确认仓库火灾且原因调查中；员工讨薪纵火传言无独立核实，不以燃烧规模或爆燃声推定主动袭击。,[],2026,2026-08,2026-Q3,待核实,False,True,False,0,0,
青秀区,城市,,1,,,,2026-08-11,伤者当时暂无生命危险；未报最终伤情。,,纠纷对象,39,男,,警方初查：因纠纷伤害特定女子，纠纷内容未公布。,,,,,8月11日凌晨3时许抓获嫌疑人。,,,2026-08-11,,,,"[""人际纠纷""]",警方初步通报,官方转载,True,True,警方初步通报,LX26C04,2026-08-10,day,南宁民族大道商场旁纠纷持刀伤人案,广西,南宁,商业场所,持械,excluded,警方初查明确因纠纷针对一名特定女子，未披露扩大到无关旁人的伤害。,"[""LXS26C13""]","{""date"": [""LXS26C13""], ""location"": [""LXS26C13""], ""casualties"": [""LXS26C13""], ""classification"": [""LXS26C13""], ""motive"": [""LXS26C13""], ""outcome"": [""LXS26C13""]}",,2026,,2026-X补查,,,,,,,,,"[""其他已披露背景""]",,[],2026,2026-08,2026-Q3,排除,True,True,True,0,1,
,城市,,,,,,,,,,,,,,,,,,据网传乘客控制后警方到场。,,,2026-08-18,不把喊话等同确定动机，不依据网友猜测填写精神健康诊断。,,,[],未知,网传待核,False,False,网传／待核,LX26C11,2026-08-16,day,网传南京地铁3号线男子拉制动及威胁事件,江苏,南京,公共交通,其他,excluded,现有网传内容为拉紧急制动、踹门及威胁喊话，没有已实施针对他人的主动袭击；按未实施伤人威胁排除，保留来源供后续修订。,"[""LXS26C22""]","{""date"": [""LXS26C22""], ""location"": [""LXS26C22""], ""casualties"": [], ""classification"": [""LXS26C22""], ""motive"": [], ""outcome"": [""LXS26C22""]}",,2026,,2026-X补查,,,,,,,,,[],,[],2026,2026-08,2026-Q3,排除,False,True,False,0,0,
锦屏县,,,,,,,2026-08-17,仅通报伤者均送医且无生命危险，未公布人数。,,,,,,,,,,,警方调查交通事故。,,,2026-08-17,,,,[],未知,官方转载,True,True,警方初步通报,LX26C07,2026-08-17,day,贵州锦屏三江镇越野车失控伤人事故,贵州,黔东南,街道交通,驾车,excluded,警方初步核查为车辆失控导致道路交通事故；未发现主动选择人群撞击的可靠证据，不能凭多人倒地影像认定故意袭击。,"[""LXS26C17""]","{""date"": [""LXS26C17""], ""location"": [""LXS26C17""], ""casualties"": [""LXS26C17""], ""classification"": [""LXS26C17""], ""motive"": [], ""outcome"": [""LXS26C17""]}",,2026,,2026-X补查,,,,,,,,,[],,[],2026,2026-08,2026-Q3,排除,True,True,False,0,0,
城东区,城市,,2,,,,2026-08-20,新京报报道两人被划伤；人数由可靠媒体转引警方处置报道，非完整最终伤情鉴定。死亡、重伤及嫌疑人是否受伤仍未知；网传十余或二十余伤未采用。,,最初为发生冲突的摊主，随后为前来劝架者。,,,,目击者采访称与摊主冲突，进一步起因未披露。,,,,外卖骑手于荣先放置餐品后用电动车撞倒持刀者，群众合力控制并报警急救。,警方采取强制措施并立案；于荣先获见义勇为认定的后续官方媒体报道可检索。,,,2026-08-26,8月18日晚案发、19日凌晨上传视频：人民日报采访解释了早期日期冲突。两伤采用新京报报道，不采用同源社媒夸大数字。没有把骑手或其他未报告受伤的制止者算入伤者；其职业与年龄不填入袭击者字段。青海日报认定报道本轮原文重定向失败，只有摘要可见。,,,"[""人际纠纷""]",媒体调查,多源媒体,True,False,媒体调查：原纠纷扩大至劝架者,C041,2026-08-18,day,西宁街头持刀伤人及群众制止事件,青海,西宁,街道交通,持械,expanded,华商报大风新闻采访多名目击者称，持刀者先与摊主冲突并将其刺伤，又刺伤随后前来劝架的人。人民日报、极目等对制止者的采访及新京报引警方资料核实该次持刀伤人；原纠纷扩大到劝架者，符合expanded。此为依据媒体调查的研究分类，非官方随机袭击定性。,"[""CS052"", ""CS053"", ""LXS26C04"", ""LXS26C05"", ""LXS26C06"", ""LXS26C07"", ""LXS26C33"", ""LXS26C35""]","{""date"": [""LXS26C04"", ""LXS26C05"", ""LXS26C07""], ""location"": [""LXS26C04"", ""LXS26C05"", ""LXS26C07""], ""casualties"": [""LXS26C06""], ""classification"": [""LXS26C07"", ""LXS26C04"", ""LXS26C05"", ""LXS26C06""], ""motive"": [""LXS26C07""], ""outcome"": [""LXS26C04"", ""LXS26C06"", ""LXS26C35""]}",,,当事人与目击者采访为2026-08-18约21时；不是精确时间。19日凌晨为视频上传时间。,2026-X补查,,,,,,华商报大风新闻目击者采访,,,"[""其他已披露背景""]",,"[""https://x.com/MIYESAC/status/2089830704477548850""]",2026,2026-08,2026-Q3,纠纷扩大,False,True,True,0,2,
,,,,,,,,,,,,,,,,,,,,,,2026-08-20,原X status URL已从新唐人嵌入链接恢复，原站返回空正文；镜像与转载不算第二独立来源。,,,[],未知,网传待核,False,False,媒体调查／研究推断,C042,2026-08-18,day,网传汕头陈厝合持刀伤人事件,广东,汕头,社区住宅,持械,pending,现有材料仍为同一组社交视频及转载，可见有人受伤和现场处置的报道，但拍摄日期、被害关系及人数未独立确认；不采用十余伤传言。,"[""CS053"", ""LXS26C32""]","{""date"": [""CS053"", ""LXS26C32""], ""location"": [""CS053""], ""casualties"": [], ""classification"": [""CS053"", ""LXS26C32""], ""motive"": [], ""outcome"": []}",,,,2026-X补查,,,,,,,,,[],现有材料仍为同一组社交视频及转载，可见有人受伤和现场处置的报道，但拍摄日期、被害关系及人数未独立确认；不采用十余伤传言。,"[""https://x.com/MKBKCOM/status/2090022453246382399""]",2026,2026-08,2026-Q3,待核实,False,True,False,0,0,
电白区,,,,,,,,,,,,男,,,,,,,,,,2026-08-20,8月19日采用既有CS053叙述，尚未取得当地官方通报；不录入未核钱款或私生活指控。,,,[],未知,网传待核,False,False,网传／待核,LX26C14,2026-08-19,day,网传茂名电城海景明珠持刀伤人事件,广东,茂名,社区住宅,持械,pending,仅有网络影像及转述；一名男子攻击女子的日期、伤亡及双方关系未独立核实；情感纠纷传言不能直接作为排除或核心认定。,"[""LXS26C25"", ""CS053""]","{""date"": [""CS053""], ""location"": [""CS053""], ""casualties"": [], ""classification"": [""LXS26C25"", ""CS053""], ""motive"": [], ""outcome"": []}",,2026,,2026-X补查,,,,,,,,,[],仅有网络影像及转述；一名男子攻击女子的日期、伤亡及双方关系未独立核实；情感纠纷传言不能直接作为排除或核心认定。,"[""https://x.com/newszg_official/status/2090085905876795776""]",2026,2026-08,2026-Q3,待核实,False,True,False,0,0,
玉州区,城市,,1,,,,2026-08-21,采用警方一人受伤、无生命危险口径；网传带孩子同行不等于儿童受伤。,,网传陌生女子，关系尚未独立核实,,,,,,,,现场控制嫌疑人,韦某被当场控制，案件进一步侦办中；未见通报说明具体强制措施。,,,2026-08-22,MNewsTV与新唐人共享同组图像和说法，不作为第二独立证据；儿童是否直接被袭未知。,,,[],未知,官方转载,True,False,警方确认发生／对象关系待核,LX26C03,2026-08-20,day,玉林玉州路女子遇袭案,广西,玉林,街道交通,持械,pending,警方确认故意伤害、一人受伤；社媒称从背后袭击扫车女子且双方不识，但材料为同一网民／截图链条，未核实身份关系及完整攻击前因。,"[""LXS26C11"", ""LXS26C12"", ""LXS26C36""]","{""date"": [""LXS26C11""], ""location"": [""LXS26C11""], ""casualties"": [""LXS26C11""], ""classification"": [""LXS26C11"", ""LXS26C12"", ""LXS26C36""], ""motive"": [], ""outcome"": [""LXS26C11""]}",,2026,,2026-X补查,,,,,,,,,[],警方确认故意伤害、一人受伤；社媒称从背后袭击扫车女子且双方不识，但材料为同一网民／截图链条，未核实身份关系及完整攻击前因。,[],2026,2026-08,2026-Q3,待核实,False,True,False,0,1,
南明区,,,1,,,,2026-09-06,警方称唯一公开伤者病情稳定、无生命危险；没有最终伤情鉴定。,,医生；是否曾与袭击者存在诊疗关系待核,,,,网传患者不满诊疗、寻找另一名医生未果；尚无可核实动机结论。,,,,警方现场控制嫌疑人,胡某被刑事拘留，案件办理中。,,,2026-09-06,不因媒体称伤势重而填写法定重伤人数。,,,[],未知,官方转载,True,False,警方确认发生／对象关系待核,LX26C02,2026-09-04,day,贵阳贵州中医大二附院红岩院区医生遇刺案,贵州,贵阳,医疗机构,持械,pending,警方及记者联系院方、卫健委可确认伤医事件；患者找不到原诊疗医生转刺其他科医生的说法尚停留在稿件转引网传，未核实原医患关系和替代攻击经过，因此暂不升为expanded。,"[""LXS26C09"", ""LXS26C10""]","{""date"": [""LXS26C09""], ""location"": [""LXS26C09""], ""casualties"": [""LXS26C09""], ""classification"": [""LXS26C09"", ""LXS26C10""], ""motive"": [""LXS26C10""], ""outcome"": [""LXS26C09""]}",,2026,,2026-X补查,,,,,,网传待核,,,[],警方及记者联系院方、卫健委可确认伤医事件；患者找不到原诊疗医生转刺其他科医生的说法尚停留在稿件转引网传，未核实原医患关系和替代攻击经过，因此暂不升为expanded。,[],2026,2026-09,2026-Q3,待核实,False,True,False,0,1,
包河区,,0,0,,,,2026-09-09,,,,,,,,,,,,9月9日0:40火势受控。,,,2026-09-09,案发采用消防报警日9月8日，非报道9月9日，更不采用社交帖的9月10日。,,,[],未知,官方转载,True,False,火灾事实官方／主动袭击待核,LX26C16,2026-09-08,day,合肥包河仓库火灾及报复纵火传言,安徽,合肥,其他,,pending,消防确认火灾，尚未披露起因；报复纵火说法来自未核实社媒，缺少行为人、行为及攻击目标证据。,"[""LXS26C27"", ""LXS26C28""]","{""date"": [""LXS26C28""], ""location"": [""LXS26C28""], ""casualties"": [""LXS26C28""], ""classification"": [""LXS26C27"", ""LXS26C28""], ""motive"": [], ""outcome"": [""LXS26C28""]}",,2026,,2026-X补查,,,,,,,,,[],消防确认火灾，尚未披露起因；报复纵火说法来自未核实社媒，缺少行为人、行为及攻击目标证据。,[],2026,2026-09,2026-Q3,待核实,False,True,False,0,0,
,,0,0,,,,2026-09-08,截至早间消防初报暂未发现人员伤亡，不能解释为最终结案统计。,,,,,,,,,,,消防称火势得到有效控制。,,,2026-09-09,,,,[],未知,官方转载,True,False,火灾事实官方／主动袭击待核,LX26C17,2026-09-08,day,蚌埠高华电子厂房火灾及讨薪纵火传言,安徽,蚌埠,其他,,pending,消防确认高新区厂房火灾，但原因未公布；讨薪员工纵火说法只在社媒汇编出现，无可核实行为人及调查结论。,"[""LXS26C27"", ""LXS26C29""]","{""date"": [""LXS26C29""], ""location"": [""LXS26C29""], ""casualties"": [""LXS26C29""], ""classification"": [""LXS26C27"", ""LXS26C29""], ""motive"": [], ""outcome"": [""LXS26C29""]}",,2026,,2026-X补查,,,,,,,,,[],消防确认高新区厂房火灾，但原因未公布；讨薪员工纵火说法只在社媒汇编出现，无可核实行为人及调查结论。,[],2026,2026-09,2026-Q3,待核实,False,True,False,0,0,
定兴县,,,,,,,,,,网传与店家发生冲突,,,,,,,,,,,,,帖文采用相对发布时间，未据此臆定发帖日期；案发9月13日仅来自帖文文字。,,,[],未知,网传待核,False,False,网传／待核,LX26C12,2026-09-13,day,网传保定定兴火锅店外卖员持刀冲突,河北,保定,商业场所,持械,pending,镜像只描述持刀与店家冲突，未确认实施伤害，也未显示攻击无关旁人；发生细节、伤亡及对象关系待核。,"[""LXS26C23""]","{""date"": [""LXS26C23""], ""location"": [""LXS26C23""], ""casualties"": [], ""classification"": [""LXS26C23""], ""motive"": [], ""outcome"": []}",,2026,,2026-X补查,,,,,,,,,[],镜像只描述持刀与店家冲突，未确认实施伤害，也未显示攻击无关旁人；发生细节、伤亡及对象关系待核。,[],2026,2026-09,2026-Q3,待核实,False,True,False,0,0,
番禺区,城市,0,,,,,2026-09-14,警方称所有伤者均无生命危险，未公开人数；不采用网传伤者人数、多人团伙或死亡说法。,,,35,男,,,,,,,李某被抓获，案件侦办中。,,,2026-09-15,李老师镜像可读多条受伤现场和抓获地点投稿，但同一投稿链不累计为独立来源。财新仅开放导语，未把付费全文视作已核验。所谓逃至广东工业大学西区食堂被抓仍为投稿层次。动机、多人作案及纸条传闻未证实。,,,[],未知,官方原文,True,False,媒体调查／研究推断,C024,2026-09-14,day,广州小谷围街火锅店门口持刀伤人案,广东,广州,商业场所,持械,pending,警方原文确认持刀伤人。多帖及网传图像指向在商业区袭击行人，但本轮未取得可验证连续攻击过程、被害人与行凶者关系的独立采访或现场原始证据；目前不足区分陌生公众袭击与定向纠纷。不是仅因通报未使用“随机”字样而待核。,"[""CS034"", ""LXS26C01"", ""LXS26C02"", ""LXS26C03""]","{""date"": [""CS034"", ""LXS26C01""], ""location"": [""CS034"", ""LXS26C01"", ""LXS26C02""], ""casualties"": [""CS034"", ""LXS26C01""], ""classification"": [""LXS26C01"", ""LXS26C02"", ""LXS26C03""], ""motive"": [], ""outcome"": [""CS034"", ""LXS26C01""]}",,,警方通报的17:20为110接报警时间，不是已核实的袭击发生时刻；案发日为2026-09-14。,2026-X补查,伤者均无生命危险，人数未公布,,,,,,,,[],警方原文确认持刀伤人。多帖及网传图像指向在商业区袭击行人，但本轮未取得可验证连续攻击过程、被害人与行凶者关系的独立采访或现场原始证据；目前不足区分陌生公众袭击与定向纠纷。不是仅因通报未使用“随机”字样而待核。,[],2026,2026-09,2026-Q3,待核实,False,True,False,0,0,
