query,scope_years,scope_regions,status,candidate_count,notes
2018 中国 砍人 随机 伤人 事件；2019 中国 随机伤人 驾车 冲撞 事件；2020 中国 随机伤人 砍人 事件,"[2018, 2019, 2020]","[""全国""]",已检索,,广义发现检索，维基/CDT仅作线索。CDT存在米脂日期、苍梧省份等明显错误，不作为事件事实依据。
https://www.pincong.rocks/article/215,[2018],"[""全国""]",访问失败,,搜索命中个人汇编，正文打开失败，不采用事实。
赵泽伟 2018 9月27日 9人 11人 死刑,[2018],"[""陕西"", ""上海"", ""湖南"", ""福建""]",已检索,,重大候选案法院及最终伤亡核验
黄一川 2020 12月3日 执行死刑 2人 2人,[2018],"[""陕西"", ""上海"", ""湖南"", ""福建""]",已检索,,重大候选案法院及最终伤亡核验
阳赞云 2019 1月29日 15人 43人,[2018],"[""陕西"", ""上海"", ""湖南"", ""福建""]",已检索,,重大候选案法院及最终伤亡核验
龙岩 卢某 2018 12月25日 死刑 8人 22人,[2018],"[""陕西"", ""上海"", ""湖南"", ""福建""]",已检索,,重大候选案法院及最终伤亡核验
阳赞云 执行死刑 15人 43人,[2018],"[""湖南"", ""福建"", ""辽宁"", ""北京""]",已检索,,法院后续及最终伤亡
邱日辉 执行死刑 2019,[2018],"[""湖南"", ""福建"", ""辽宁"", ""北京""]",已检索,,法院后续及最终伤亡
葫芦岛 韩继华 2018 执行死刑,[2018],"[""湖南"", ""福建"", ""辽宁"", ""北京""]",已检索,,法院后续及最终伤亡
北京 西单 大悦城 朱纪业 判决,[2018],"[""湖南"", ""福建"", ""辽宁"", ""北京""]",已检索,,法院后续及最终伤亡
米脂 赵泽伟 9人 4人重伤 7人轻伤 1人轻微伤 法院 2018,[2018],"[""陕西"", ""上海"", ""福建"", ""北京""]",已检索,,补齐法院全文与结案状态
黄一川 执行死刑 2020 12 3 新华网,[2018],"[""陕西"", ""上海"", ""福建"", ""北京""]",已检索,,补齐法院全文与结案状态
邱日辉 2019 8月1日 26人,[2018],"[""陕西"", ""上海"", ""福建"", ""北京""]",已检索,,补齐法院全文与结案状态
朱纪业 执行死刑 2020 2021,[2018],"[""陕西"", ""上海"", ""福建"", ""北京""]",已检索,,补齐法院全文与结案状态
2018 西安 公交 持刀 6月22日 10人 判决,[2018],"[""陕西"", ""重庆"", ""广东"", ""河北""]",已检索,,公交、校园、纵火、驾车候选核验
2018 重庆 幼儿园 刘小玲 14人 判决,[2018],"[""陕西"", ""重庆"", ""广东"", ""河北""]",已检索,,公交、校园、纵火、驾车候选核验
2018 英德 刘纯露 执行死刑 动机,[2018],"[""陕西"", ""重庆"", ""广东"", ""河北""]",已检索,,公交、校园、纵火、驾车候选核验
2018 唐山 六月六日 王志伟 7人 判决,[2018],"[""陕西"", ""重庆"", ""广东"", ""河北""]",已检索,,公交、校园、纵火、驾车候选核验
2018 唐山 6月6日 开车 冲撞 7死 李,[2018],"[""河北"", ""重庆"", ""浙江"", ""四川""]",已检索,,线索逐案交叉核验
2018 重庆 巴南 幼儿园 持刀 14名 学生 刘 39,[2018],"[""河北"", ""重庆"", ""浙江"", ""四川""]",已检索,,线索逐案交叉核验
2018 杭州 11月 随机 砍人 39,[2018],"[""河北"", ""重庆"", ""浙江"", ""四川""]",已检索,,线索逐案交叉核验
2018 成都 盐市口 越野车 冲撞 周 62岁,[2018],"[""河北"", ""重庆"", ""浙江"", ""四川""]",已检索,,线索逐案交叉核验
2018 唐山 驾车 冲撞 7人 死亡,"[2018, 2019, 2020]","[""全国""]",已检索,,补漏检索含中小规模事件及非持械方式
2018 杭州 女子 随机 砍伤 路人,"[2018, 2019, 2020]","[""全国""]",已检索,,补漏检索含中小规模事件及非持械方式
2018 随机 伤人 郑州 深圳 武汉 合肥,"[2018, 2019, 2020]","[""全国""]",已检索,,补漏检索含中小规模事件及非持械方式
2019 2020 随机 伤人 纵火 爆炸,"[2018, 2019, 2020]","[""全国""]",已检索,,补漏检索含中小规模事件及非持械方式
2019 北京 宣师一附小 维修人员 手锤 通报,"[2019, 2020]","[""北京"", ""河北"", ""云南"", ""贵州""]",已检索,,校园与公交候选；法院后续
2019 唐山 崔振江 17人 判决,"[2019, 2020]","[""北京"", ""河北"", ""云南"", ""贵州""]",已检索,,校园与公交候选；法院后续
2019 开远 孔 氢氧化钠 54 判决,"[2019, 2020]","[""北京"", ""河北"", ""云南"", ""贵州""]",已检索,,校园与公交候选；法院后续
2020 安顺 公交 坠湖 21 15 张包钢,"[2019, 2020]","[""北京"", ""河北"", ""云南"", ""贵州""]",已检索,,校园与公交候选；法院后续
崔振江 2019 光华道 17 学生,"[2019, 2020]","[""河北"", ""江西"", ""辽宁"", ""广西""]",已检索,,事件事实及司法后续
2019 南昌 红谷滩 万小宝 执行死刑,"[2019, 2020]","[""河北"", ""江西"", ""辽宁"", ""广西""]",已检索,,事件事实及司法后续
2020 开原 杨某峰 7人 判决,"[2019, 2020]","[""河北"", ""江西"", ""辽宁"", ""广西""]",已检索,,事件事实及司法后续
2020 广西 苍梧 李小文 41人 死刑,"[2019, 2020]","[""河北"", ""江西"", ""辽宁"", ""广西""]",已检索,,事件事实及司法后续
2019 福州 红江路 侯某锋 1死19伤 通报,[2019],"[""福建"", ""广东"", ""广西"", ""湖南""]",已检索,,补漏候选事实、随机性、后续
2019 东莞 虎门 怀德 持刀 1死8伤,[2019],"[""福建"", ""广东"", ""广西"", ""湖南""]",已检索,,补漏候选事实、随机性、后续
2019 南宁 安吉大道 1月11日 持刀 5人,[2019],"[""福建"", ""广东"", ""广西"", ""湖南""]",已检索,,补漏候选事实、随机性、后续
2019 湖南 宁远 郑艳军 2死2伤,[2019],"[""福建"", ""广东"", ""广西"", ""湖南""]",已检索,,补漏候选事实、随机性、后续
"""2019"" ""南宁"" ""安吉大道"" ""持刀""","[2018, 2019]","[""广西"", ""浙江"", ""江苏""]",已检索,,中小规模案件定向补漏
"""2018"" ""杭州"" ""11月12日"" ""持刀""","[2018, 2019]","[""广西"", ""浙江"", ""江苏""]",已检索,,中小规模案件定向补漏
"""2018"" ""镇江"" ""8月21日"" ""伤人""","[2018, 2019]","[""广西"", ""浙江"", ""江苏""]",已检索,,中小规模案件定向补漏
南宁 安吉大道 砍伤 5人 2019 1月,[2019],"[""广西"", ""重庆"", ""北京"", ""上海""]",已检索,,广义随机袭击线索核验
2019 重庆 南岸 7月31日 随机 杀人,[2019],"[""广西"", ""重庆"", ""北京"", ""上海""]",已检索,,广义随机袭击线索核验
2019 北京 马家堡 孙某 工程车 2死7伤,[2019],"[""广西"", ""重庆"", ""北京"", ""上海""]",已检索,,广义随机袭击线索核验
2019 上海 新闸路 西康路 12月19日 持刀,[2019],"[""广西"", ""重庆"", ""北京"", ""上海""]",已检索,,广义随机袭击线索核验
2019 番禺 地铁 8月28日 持刀 3人,"[2019, 2020]","[""广东"", ""天津"", ""上海""]",已检索,,街道与交通节点候选及后续核验
2020 广州 番禺 王某 9月21日 2死3伤,"[2019, 2020]","[""广东"", ""天津"", ""上海""]",已检索,,街道与交通节点候选及后续核验
2020 天津 8月12日 刘某某 路人 死刑,"[2019, 2020]","[""广东"", ""天津"", ""上海""]",已检索,,街道与交通节点候选及后续核验
2020 上海 建国西路 沈某 10人 6月17日,"[2019, 2020]","[""广东"", ""天津"", ""上海""]",已检索,,街道与交通节点候选及后续核验
2020 福建 仙游 枫亭 张某 3死7伤 6月4日,[2020],"[""福建"", ""湖南"", ""陕西"", ""辽宁""]",已检索,,候选后续核验
2020 湖南 桑植 学生 9月7日 持刀,[2020],"[""福建"", ""湖南"", ""陕西"", ""辽宁""]",已检索,,候选后续核验
2020 凤翔 张涛 判处 死刑 2死1伤,[2020],"[""福建"", ""湖南"", ""陕西"", ""辽宁""]",已检索,,候选后续核验
2020 开原 杨峰 执行死刑 7死,[2020],"[""福建"", ""湖南"", ""陕西"", ""辽宁""]",已检索,,候选后续核验
李小文 故意杀人 二审 2020 12月30日 41,"[2018, 2019, 2020]","[""广西"", ""辽宁"", ""河北""]",已检索,,仍缺官方正文之候选
开原 2020 12月28日 杨某峰 随机 警方,"[2018, 2019, 2020]","[""广西"", ""辽宁"", ""河北""]",已检索,,仍缺官方正文之候选
2019 唐山 光华道 小学 17人 中国新闻网,"[2018, 2019, 2020]","[""广西"", ""辽宁"", ""河北""]",已检索,,仍缺官方正文之候选
2018 南宁 昆仑大道 4月16日 1死3伤,"[2018, 2019, 2020]","[""广西"", ""辽宁"", ""河北""]",已检索,,仍缺官方正文之候选
"""河北唐山发生一起伤害学生案件""","[2019, 2020]","[""河北"", ""辽宁"", ""广西"", ""福建""]",已检索,,最终口径/司法后续；同名结果不直接合并
"""开原"" ""随机捅刺""","[2019, 2020]","[""河北"", ""辽宁"", ""广西"", ""福建""]",已检索,,最终口径/司法后续；同名结果不直接合并
"""广西李小文"" ""执行死刑""","[2019, 2020]","[""河北"", ""辽宁"", ""广西"", ""福建""]",已检索,,最终口径/司法后续；同名结果不直接合并
"""2019"" ""侯某锋"" ""死亡""","[2019, 2020]","[""河北"", ""辽宁"", ""广西"", ""福建""]",已检索,,最终口径/司法后续；同名结果不直接合并
"""2018"" ""随机"" ""伤人"" -site:reddit.com -site:laqingdan.org","[2018, 2019, 2020]","[""全国""]",已检索,,非预设名单再检索
"""2019"" ""随机"" ""伤人"" -site:reddit.com -site:laqingdan.org","[2018, 2019, 2020]","[""全国""]",已检索,,非预设名单再检索
"""2020"" ""随机"" ""伤人"" -site:reddit.com -site:laqingdan.org","[2018, 2019, 2020]","[""全国""]",已检索,,非预设名单再检索
2018 报复社会 持刀 行人 法院,"[2018, 2019, 2020]","[""全国""]",已检索,,司法判决措辞及多方式补漏
2019 报复社会 持刀 行人 法院,"[2018, 2019, 2020]","[""全国""]",已检索,,司法判决措辞及多方式补漏
2020 报复社会 持刀 行人 法院,"[2018, 2019, 2020]","[""全国""]",已检索,,司法判决措辞及多方式补漏
2018 2019 2020 报复社会 纵火 公交 爆炸,"[2018, 2019, 2020]","[""全国""]",已检索,,司法判决措辞及多方式补漏
2019 枣阳 太平 崔立冬 7死 7伤 妻子 女儿,"[2018, 2019, 2020]","[""全国""]",已检索,,补查地方案件与裁判后续。
厦门中院 一审 两起 故意杀人 彭某 2020 4 10,"[2018, 2019, 2020]","[""全国""]",已检索,,补查地方案件与裁判后续。
2018 隆回 罗良武 1死6伤 通报,"[2018, 2019, 2020]","[""全国""]",已检索,,补查地方案件与裁判后续。
2019 唐山 丰润 崔振江 学生 判决 17,"[2018, 2019, 2020]","[""全国""]",已检索,,补查地方案件与裁判后续。
湖北枣阳 突发案件续报 查明嫌疑人身份 妥善处置善后 2019,"[2018, 2019, 2020]","[""全国""]",已检索,,边界与后续核实。
"""罗良武"" ""2018""","[2018, 2019, 2020]","[""全国""]",已检索,,边界与后续核实。
"""崔振江"" ""法院""","[2018, 2019, 2020]","[""全国""]",已检索,,边界与后续核实。
"""2019"" ""深圳"" ""癫痫"" ""3死""","[2018, 2019, 2020]","[""全国""]",已检索,,边界与后续核实。
北京 西单大悦城 朱纪业 2019 6 13 一审,"[2018, 2020]","[""全国""]",已检索,,寻找可访问正文或后续。
安顺 7月12日 公安 通报 张某钢 21 15,"[2018, 2020]","[""全国""]",已检索,,寻找可访问正文或后续。
成都 盐市口 姚某 2018 5月13日 3人,"[2018, 2020]","[""全国""]",已检索,,寻找可访问正文或后续。
2018 隆回 桃洪 7月5日 持刀,"[2018, 2020]","[""全国""]",已检索,,寻找可访问正文或后续。
2018 9 12 西山壹号院 廖某 两人 驾车 判决,"[2018, 2019]","[""全国""]",已检索,,检索已发现线索的官方来源。
2018 11 12 上城 陌生女子 持刀 赵维达,"[2018, 2019]","[""全国""]",已检索,,检索已发现线索的官方来源。
2019 3 14 唐山 伤害 学生 已被控制 光华道,"[2018, 2019]","[""全国""]",已检索,,检索已发现线索的官方来源。
邱日辉 执行死刑 2019 8 1 法制网,"[2018, 2019]","[""全国""]",已检索,,检索已发现线索的官方来源。
朝阳医院 崔振国 2021 2月2日 死缓 陶勇 三人,"[2018, 2019, 2020]","[""全国""]",已检索,,补核来源与模糊线索。
安顺 公安 7月12日 21 15 2020 site:cctv.com,"[2018, 2019, 2020]","[""全国""]",已检索,,补核来源与模糊线索。
南宁 2018 4 16 大乌村 韦 抓获,"[2018, 2019, 2020]","[""全国""]",已检索,,补核来源与模糊线索。
2019 2 21 吉安 八中 砍人 官方,"[2018, 2019, 2020]","[""全国""]",已检索,,补核来源与模糊线索。
2019 吉安 郭开滨 公安 11人,"[2018, 2019]","[""全国""]",已检索,,官方初报与排除事件检索。
2019 唐山 丰润 伤害学生 案件 通报 3月14日,"[2018, 2019]","[""全国""]",已检索,,官方初报与排除事件检索。
2018 11月12日 赵维达 陌生女子,"[2018, 2019]","[""全国""]",已检索,,官方初报与排除事件检索。
重庆 万州 公交 坠江 15人 调查 2018 11月2日,"[2018, 2019]","[""全国""]",已检索,,官方初报与排除事件检索。
2019 2月5日 白银 郭某 8死7伤 警方,"[2018, 2019]","[""全国""]",已检索,,补漏和排除核实。
2018 隆回 7月5日 一死 六伤 警方,"[2018, 2019]","[""全国""]",已检索,,补漏和排除核实。
2018 11 12 杭州 女子 商务楼 持刀,"[2018, 2019]","[""全国""]",已检索,,补漏和排除核实。
2019 南宁 安吉大道 1月11日 5人 伤,"[2018, 2019]","[""全国""]",已检索,,补漏和排除核实。
龙岩 邱日辉 居委会 干部 2018 12月26日 公安,"[2018, 2019]","[""全国""]",已检索,,核对随机性及工具细节。
恩施 于华 2019 持刀 学生 杀害,"[2018, 2019]","[""全国""]",已检索,,核对随机性及工具细节。
唐山 丰润 光华道 2019 3 14 site:guancha.cn,"[2018, 2019]","[""全国""]",已检索,,核对随机性及工具细节。
2018 10月10日 891路 公交 榔头 女孩 劫持 樊,"[2018, 2019]","[""重庆"", ""湖北""]",已检索,,跟进交叉检索发现的边界候选。
2019 天门 华泰中学 陈某 捅伤 8名 同学 判决,"[2018, 2019]","[""重庆"", ""湖北""]",已检索,,跟进交叉检索发现的边界候选。
重庆一公交司机勇斗行凶歹徒救女孩 2018；李某 锦龙路 2018 警方,[2018],"[""重庆""]",已检索,1,澎湃搜索索引误配到2020年历史文章；弃用错配URL，另核警方通报转载及重庆晨报记者现场稿。
上城年鉴2019 2018年11月12日 赵维达 持刀 陌生女子,[2018],"[""浙江""]",待核,1,搜索命中杭州上城区政府年鉴PDF；URL https://www.hzsc.gov.cn/module/download/downfile.jsp?classid=0&filename=905f346d19c8469a9a991640e703ac05.pdf 多次正文下载超时，未作为已核实事件入表。
2019-01-11 南宁 高新区 安吉大道 持刀 5人,[2019],"[""广西""]",待核,1,汇编有条目，独立检索未找到足以核实的可靠正文，不纳入已核实事件。
2019-08-28 广州番禺 持刀 三人 郑某,[2019],"[""广东""]",已检索,1,汇编错置案发年份；原事件为2021-08-28，已交B组核对，不在本组重复。
公开来源HTTP正文访问恢复,"[2018, 2019, 2020]","[""全国""]",已检索,,人民网部分HTTPS域名证书失配，改公开HTTP读取；最高检、山东法院、澎湃、搜狐和新浪部分web打开失败，使用公开HTML读取成功。
官方通报之外的来源发现：CDT无差别杀人、拉清单恶性伤害案件、维基校园袭击案列表,"[2018, 2019, 2020]","[""全国""]",已检索,,仅用为候选发现入口；事件逐案回查正文。检出汇编伤亡、日期、省份等错误，未把汇编等同事实来源。
2021 中国 随机伤人 无差别 持刀 事件,[2021],"[""全国""]",已检索,,发现大连、安庆、昆明、北流、南阳、郴州、任丘等线索后逐案回查；不能据汇编标题直接纳入。
2022 中国 随机伤人 持刀 驾车 事件,[2022],"[""全国""]",已检索,,发现瑞金、安福、上海威海路、东莞、舞阳等并核实。
2023 中国 无差别 随机伤人 事件,[2023],"[""全国""]",已检索,,发现广州、山科大、兴县、长春、罗平等，逐案区分核心和待核。
2021 2022 2023 中国 校园 袭击 案件,"[2021, 2022, 2023]","[""全国""]",已检索,,校园袭击汇编只用作线索，回查昆明、北流、安福、廉江等官方和媒体。
2021 2022 2023 持刀 驾车 纵火 爆炸 公交 报复社会,"[2021, 2022, 2023]","[""全国""]",已检索,,多轮场景补漏；多名伤亡与随机性的证据门槛分别判断。
大连 2021 5月22日 刘东 判决 执行死刑,[2021],"[""辽宁""]",已检索,,法院执行报道确认5死8伤，替代初报；2023-04-07执行。
安庆 7死13伤 吴亮 2021 11月15日 宣判,[2021],"[""安徽""]",已检索,,宣判日及最终伤亡核实，2022-02-15执行。
广州 2023 温庆运 二审 执行死刑 伤亡,[2023],"[""广东""]",已检索,,判决采访与执行通报明确6死，伤者称20余；司法伤情评估29人不等同精确受伤者数。
上海 瑞金 侯晓飞 判决 2023,[2022],"[""上海""]",已检索,,完整一审通报核实15伤，其中6重伤；0死亡。
"""侯晓飞"" ""执行死刑""",[2022],"[""上海""]",已检索,,未检出可核实执行或二审结果；不可将死刑判决写成执行。
"""浙医一院"" ""卢某"" ""判"" ""2021""",[2021],"[""浙江""]",已检索,,检出警方情况和既往2014年案件，未检出2021本案公开裁判。
南京 2021 5月29日 吉某 判决 死刑 胖哥,[2021],"[""江苏""]",已检索,,2025媒体公布最高法裁定，确认7名受害者、3司法重伤；修正年龄并补一审二审核准。
"""吉某"" ""2025"" ""执行死刑"" ""南京""",[2021],"[""江苏""]",已检索,,仅找到核准死刑，尚未找到执行证明。
北流 2021 幼儿园 曾某 判决,[2021],"[""广西""]",已检索,,仅检出官方初步司法精神鉴定与2死16伤通报，无可核实后续裁判。
昆明 2021 1月22日 王某 劫持 伤亡,[2021],"[""云南""]",已检索,,警方1死7伤、嫌疑人击毙；汇编2死说法没有可靠后续来源。
"""昆明"" ""1月22日"" ""7人"" ""6人""；""昆明"" ""2021"" ""2人死亡"" ""劫持""",[2021],"[""云南""]",已检索,,对照官网转载，2名受害者死亡仅见网传，不采纳。
2021 南阳 杨某禄 66 棍棒 判决,[2021],"[""河南""]",已检索,,警方确认因生活失意报复社会14伤；未检出裁判。
2021 郴州 白露塘 学生 5人 伤人,[2021],"[""湖南""]",已检索,,生活报现场采访确认事件；确切最终伤亡未获得官方材料，留空。
2021 任丘 华北油田 采一中学 持刀,[2021],"[""河北""]",已检索,,极目采访教育部门及医院确认事件，伤亡人数和随机性不足。
2021 成都 华阳 伏龙小区 持刀 4伤,[2021],"[""四川""]",已检索,,警方称与母亲争吵后伤害他人，关系未明，pending。
2021 东莞 清溪 李某 持刀 6伤,[2021],"[""广东""]",已检索,,找到平安清溪通报，动机关系未披露。
2021 临洮 洮阳镇 2死1伤 张某某,[2021],"[""甘肃""]",已检索,,县政府通报加财新采访；三名女孩遇袭，随机性仍不能充分确认。
广州 番禺 清河中路 郑某 43 8月28日,[2021],"[""广东""]",已检索,,核实案发2021-08-28；部分2019汇编错年。
2021 河津 东关 商务酒店 持刀 3人,[2021],"[""山西""]",已检索,,警方明确三名劝阻群众受伤，expanded。
2021 上海 博山路 刘某 26岁 判决,[2021],"[""上海""]",已检索,,官方通报和现场采访，未检出后续裁判；死者数量无最终确认。
2021 长沙 望城 工厂 持刀 3人死亡 警方 通报,[2021],"[""湖南""]",已检索,,工友争执后的定向伤害，排除随机核心。
广州 番禺 爆炸案 5死5伤 新华网 2021-03-23,[2021],"[""广东""]",已检索,,回查警方完整转载，5死亡含嫌疑人，受害者死亡4人；随机性待核。
2022 沈阳 232 公交 爆炸 原因,[2022],"[""辽宁""]",已检索,,原因未确认，1死42伤保留pending。
2022 福建 南靖 货车 撞人 3死9伤,[2022],"[""福建""]",已检索,,警方通报未确认故意性，pending。
"""2022"" ""邯郸"" ""超量"" ""4人""",[2022],"[""河北""]",已检索,,官方称超量服药，4死10伤；刑拘罪名不能直接作为随机袭击证据。
2022 岷县 4月 7人 孩子 伤害,[2022],"[""甘肃""]",已检索,,官方日期4/14、同院住户争吵；非4/1幼儿园案，关系不足保守待核。
2022 东莞 东城 万达 6月2日 持刀,[2022],"[""广东""]",已检索,,警方证实6伤，随机说法主要网述，pending。
2022 上海 7月4日 威海路 持刀 6人,[2022],"[""上海""]",已检索,,警方确认与原单位纠纷，财新独立调查称随机攻击进出员工；core群体中的不特定个体。
2022 沐川 李强 持枪 3死2伤,[2022],"[""四川""]",已检索,,警方及财新亲属采访确认受害者为同一家族，excluded。
2022 舞阳 7月28日 撞人 28伤 刑事,[2022],"[""河南""]",已检索,,官方为交通肇事逃逸，未找到足以证实故意随机袭击的裁判。
安福 幼儿园 刘小辉 2022 车祸 死亡,[2022],"[""江西""]",已检索,,警方后续确认逃亡车祸死亡，受害者修订4死5伤。
"""林伊豪"" ""记者"" ""2026""；""曾某彬"" ""法院"" ""2026""",[2022],"[""福建""]",已检索,,找到新晚报完整判决报道，随意选择对象、1死亡；2025按案发17岁重审无期。
"""2022年8月8日"" ""郸城"" ""伤""",[2022],"[""河南""]",已检索,,人民网完整警方通报，2伤，关系不明。
"""吴英杰"" ""何某"" ""2023""",[2023],"[""重庆""]",已检索,,找到封面采访与重庆日报人物报道，明确警方认定地铁随机伤害，1伤。
"""2023"" ""邯郸"" ""3月31日"" ""撞人"" ""爆炸""",[2023],"[""河北""]",已检索,,顶端采访应急部门确认事件，否认爆炸物，伤亡动机未核实。
2023 重庆 建新西路 淦某 菜刀 4路人,[2023],"[""重庆""]",已检索,,完整警方通报，4路人伤，core。
2023 平顶山 4月8日 梁某 7人 3人,[2023],"[""河南""]",已检索,,伤亡重叠口径和目标关系皆存在空白，pending、伤者数留空。
"""山东科技大学"" ""付某"" ""12月26日"" ""死刑""",[2023],"[""山东""]",已检索,,获取紫牛新闻起诉与判决内容；1死6伤，一审死刑，未检出上诉结果。
"""付圣峰"" ""2023"" ""死刑""",[2023],"[""山东""]",已检索,,找到一审转载；未发现额外二审或执行结果。
"""2023"" ""中山"" ""铲车"" ""5月12""",[2023],"[""广东""]",已检索,,警方4伤，没有故意袭击结论，pending。
2023 兴县 郭某亮 7死11伤 判决,[2023],"[""山西""]",已检索,,找到县政府与央视事实，未检出后续判决。
2023 贵阳 盐务街 百草巷 剪刀,[2023],"[""贵州""]",已检索,,官方确认数名路过行人受伤，未给确切数。
2023 南部 桂博路 雍某 8人 持刀,[2023],"[""四川""]",已检索,,警方8伤，关系未明；木棒阻止报道不足确认所有伤者身份。
2023 天津 山西路 孙某 剪刀,[2023],"[""天津""]",已检索,,警方单人受害事件，随机性不足，pending。
2023 长沙 6月6日 兰某 滨河路 9人,[2023],"[""湖南""]",已检索,,警方撞人逃逸确认，故意随机袭击结论未找到。
2023 秦皇岛 建国路 持刀 6月16日,[2023],"[""河北""]",已检索,,警方采访确认控制嫌疑人，人数及起因未知。
长春 2023 高空抛物 6月17 6月22 判决 执行,[2023],"[""吉林""]",已检索,,最高检转载法治日报逐人事实1死2伤，按两个日期拆分；界面执行报道简写1死1伤不用于覆盖法院逐人事实。
"""临高"" ""6月30日"" ""2023"" ""持刀""",[2023],"[""海南""]",已检索,,警方只称伤者均无生命危险，人数随机性未知。
廉江 2023 吴某杰 幼儿园 判决 死刑,[2023],"[""广东""]",已检索,,仅找到警方及教育部门确认6死1伤，随机性及后续裁判未核实。
罗平 2023 陈某赢 判决,[2023],"[""云南""]",已检索,,警方先伤母后逃窜伤8人，总2死7伤；未检出后续裁判。
"""枣阳"" ""8月17日"" ""2023"" ""4人""",[2023],"[""湖北""]",已检索,,湖北经视目击采访4伤；独立官方或第二采访来源未检出。
"""深圳"" ""2023年11月9日"" ""唐某"" ""18时""",[2023],"[""广东""]",已检索,,官方明确18时而非汇编20时；1死3伤，未披露随机性。
2023 成都 新都 同福路 12月24日 持刀,[2023],"[""四川""]",已检索,,官方没给伤者人数，未采信汇编5伤。
"""2023"" ""青岛"" ""李沧"" ""9月23日"" ""持刀""",[2023],"[""山东""]",待核,,只命中无来源汇编的2伤说法，未形成事件入库。
2023 重庆 4月8日 公园 持刀 1死3伤,[2023],"[""重庆""]",待核,,汇编线索未找到可靠原始通报；可能日期混淆，未入事件表。
2023 长沙 5月6日 幼儿园 2死14伤,[2023],"[""湖南""]",待核,,汇编线索未找到可靠原始报道，不与另一个母女交通事故合并。
"""2021"" ""福州"" ""随机"" ""伤人""",[2021],"[""福建""]",已检索,,未检出可新增可靠事件，检索主要噪声为随机试验等。
"""2022"" ""公交"" ""纵火"" ""刑""；""2021"" ""2022"" ""2023"" ""公交车纵火""","[2021, 2022, 2023]","[""全国""]",已检索,,检出旧年公交纵火和小说，不以网页更新时间当案发年份。
"""2021"" ""随机伤人"" ""法院""；""2022"" ""随机伤人"" ""法院""；""2023"" ""随机伤人"" ""法院""","[2021, 2022, 2023]","[""全国""]",已检索,,多数结果为境外案件或不相关判决；不纳入中国大陆样本。
正文访问：搜狐青岛判决转载、人民日报若干HTTPS、最高检长春转载、凤凰清溪等,"[2021, 2022, 2023]","[""全国""]",访问失败,,web.open多次Cache miss或SSL错误；随后对同一公开页面用普通HTTP读取并解析正文，成功者用于核实；青岛改用新浪紫牛全文。
星岛2026福建案 https://www.stheadline.com/zh-hans/realtime-china/3560896/,[2022],"[""福建""]",访问失败,,该入口访问失败；找到新晚报2026-04-07完整判决报道，已核实替代来源。
2024 随机伤人 持刀 驾车 事件 通报 汇总,"[2024, 2025, 2026]","[""全国""]",已检索,,全国宽泛发现检索；后续逐案打开核验。
2025 随机伤人 持刀 驾车 事件 警方 通报,"[2024, 2025, 2026]","[""全国""]",已检索,,全国宽泛发现检索；后续逐案打开核验。
2026 随机伤人 持刀 驾车 事件 警方 通报,"[2024, 2025, 2026]","[""全国""]",已检索,,全国宽泛发现检索；后续逐案打开核验。
2024 报复社会 袭击 案件 判决 2025,"[2024, 2025, 2026]","[""全国""]",已检索,,全国宽泛发现检索；后续逐案打开核验。
2025 中国 持刀 伤人 警方通报,"[2025, 2026]","[""全国""]",已检索,,中英文近期发现检索。
2026 中国 持刀 伤人 警方通报,"[2025, 2026]","[""全国""]",已检索,,中英文近期发现检索。
2025 China stabbing attack car rammed crowds police,"[2025, 2026]","[""全国""]",已检索,,中英文近期发现检索。
2026 China stabbing attack car rammed crowds police,"[2025, 2026]","[""全国""]",已检索,,中英文近期发现检索。
樊维秋 判决 35 45 2024 12 27,"[2024, 2025, 2026]","[""广东"", ""江苏"", ""湖南"", ""上海""]",已检索,,案件判决与伤亡修订检索。
徐加金 2024 12 17 判决 动机,"[2024, 2025, 2026]","[""广东"", ""江苏"", ""湖南"", ""上海""]",已检索,,案件判决与伤亡修订检索。
黄文 常德 2024 12 23 判决 30,"[2024, 2025, 2026]","[""广东"", ""江苏"", ""湖南"", ""上海""]",已检索,,案件判决与伤亡修订检索。
上海 林卫虎 2024 9 30 判决,"[2024, 2025, 2026]","[""广东"", ""江苏"", ""湖南"", ""上海""]",已检索,,案件判决与伤亡修订检索。
珠海 樊维秋 执行死刑 35 43 2025 1 20,"[2024, 2025, 2026]","[""广东"", ""江苏"", ""山东"", ""浙江""]",已检索,,官方案情及法院后续检索。
宜兴 2024 11 16 徐某金 考试 实习报酬,"[2024, 2025, 2026]","[""广东"", ""江苏"", ""山东"", ""浙江""]",已检索,,官方案情及法院后续检索。
德州 2024 3 1 王某涛 判决,"[2024, 2025, 2026]","[""广东"", ""江苏"", ""山东"", ""浙江""]",已检索,,官方案情及法院后续检索。
台州职业技术学院 张某某 2024 3 19 判决 故意,"[2024, 2025, 2026]","[""广东"", ""江苏"", ""山东"", ""浙江""]",已检索,,官方案情及法院后续检索。
樊维秋 被执行死刑 site:news.cn,"[2024, 2025, 2026]","[""广东"", ""江苏"", ""山东"", ""浙江""]",已检索,,查找原始警情与裁判后续；同名判决不直接匹配。
宜兴 无锡 工艺 2024 11 16 警情通报 实习报酬 site:thepaper.cn,"[2024, 2025, 2026]","[""广东"", ""江苏"", ""山东"", ""浙江""]",已检索,,查找原始警情与裁判后续；同名判决不直接匹配。
德州 2024 3 1 警情通报 2 6 site:news.cn,"[2024, 2025, 2026]","[""广东"", ""江苏"", ""山东"", ""浙江""]",已检索,,查找原始警情与裁判后续；同名判决不直接匹配。
台州职业技术学院 张凯翔 危害公共安全 判决,"[2024, 2025, 2026]","[""广东"", ""江苏"", ""山东"", ""浙江""]",已检索,,查找原始警情与裁判后续；同名判决不直接匹配。
镇雄 医院 李伟 2024 5 7 判决 原因,"[2024, 2025, 2026]","[""云南"", ""江西"", ""湖南""]",已检索,,逐案动机、对象与后续核查。
贵溪 潘某某 2024 5 20 判决 动机,"[2024, 2025, 2026]","[""云南"", ""江西"", ""湖南""]",已检索,,逐案动机、对象与后续核查。
郴州 石榴湾 黄某朋 2024 5 20 通报,"[2024, 2025, 2026]","[""云南"", ""江西"", ""湖南""]",已检索,,逐案动机、对象与后续核查。
祁东 三友小学 2024 3 4 嫌疑人 通报,"[2024, 2025, 2026]","[""云南"", ""江西"", ""湖南""]",已检索,,逐案动机、对象与后续核查。
"""镇雄"" ""无差别"" ""2024"" 医院","[2024, 2025, 2026]","[""云南"", ""湖南"", ""浙江""]",已检索,,补充随机性及完整通报依据。
"""三友小学"" ""3月4日"" 2024","[2024, 2025, 2026]","[""云南"", ""湖南"", ""浙江""]",已检索,,补充随机性及完整通报依据。
"""苏仙"" ""黄某朋"" ""2024""","[2024, 2025, 2026]","[""云南"", ""湖南"", ""浙江""]",已检索,,补充随机性及完整通报依据。
"""台州职业技术学院"" ""3人死亡"" ""16人"" ""公安""","[2024, 2025, 2026]","[""云南"", ""湖南"", ""浙江""]",已检索,,补充随机性及完整通报依据。
"2024 ""北山公园"" ""崔某"" 通报","[2024, 2025, 2026]","[""吉林"", ""上海"", ""江苏"", ""广东"", ""云南""]",已检索,,案件事实、对象关系及裁判检索。
"2024 ""合川路"" ""持刀"" 通报","[2024, 2025, 2026]","[""吉林"", ""上海"", ""江苏"", ""广东"", ""云南""]",已检索,,案件事实、对象关系及裁判检索。
"2025 ""周加胜"" ""钟长春"" 判决 执行","[2024, 2025, 2026]","[""吉林"", ""上海"", ""江苏"", ""广东"", ""云南""]",已检索,,案件事实、对象关系及裁判检索。
"""2024"" ""镇雄"" ""随机"" ""澎湃""","[2024, 2025, 2026]","[""吉林"", ""上海"", ""江苏"", ""广东"", ""云南""]",已检索,,案件事实、对象关系及裁判检索。
"""吉林市警方通报北山公园伤人案件""","[2024, 2025, 2026]","[""吉林"", ""上海"", ""江苏"", ""广东""]",已检索,,原通报及执行死刑后续检索。
"""上海地铁合川路站54岁男子持刀伤3人""","[2024, 2025, 2026]","[""吉林"", ""上海"", ""江苏"", ""广东""]",已检索,,原通报及执行死刑后续检索。
"""周加胜"" ""执行死刑""","[2024, 2025, 2026]","[""吉林"", ""上海"", ""江苏"", ""广东""]",已检索,,原通报及执行死刑后续检索。
"""钟长春"" ""执行死刑""","[2024, 2025, 2026]","[""吉林"", ""上海"", ""江苏"", ""广东""]",已检索,,原通报及执行死刑后续检索。
Suzhou Shenzhen Japanese attacks executed April 2025 Zhou Zhong Reuters,"[2024, 2025]","[""江苏"", ""广东"", ""吉林"", ""湖南""]",已检索,,使用外事官方资料补充涉及外籍受害者案件后续。
site:mofa.go.jp 蘇州 深圳 死刑 2025,"[2024, 2025]","[""江苏"", ""广东"", ""吉林"", ""湖南""]",已检索,,使用外事官方资料补充涉及外籍受害者案件后续。
"""北山公园"" ""2024-06-11"" site:cctv.com","[2024, 2025]","[""江苏"", ""广东"", ""吉林"", ""湖南""]",已检索,,使用外事官方资料补充涉及外籍受害者案件后续。
"""祁东"" ""三友小学"" ""顶端""","[2024, 2025]","[""江苏"", ""广东"", ""吉林"", ""湖南""]",已检索,,使用外事官方资料补充涉及外籍受害者案件后续。
北山公园 刺伤 五人 央视,[2024],"[""吉林"", ""湖南"", ""江苏"", ""广东""]",已检索,,通报正文补查。
苏仙 公园 3死2伤 2024 央视,[2024],"[""吉林"", ""湖南"", ""江苏"", ""广东""]",已检索,,通报正文补查。
苏州 日本母子 [校车工作人员姓名略] 6月24日 通报,[2024],"[""吉林"", ""湖南"", ""江苏"", ""广东""]",已检索,,通报正文补查。
深圳 日本人学校 男童 2024 9 19 通报,[2024],"[""吉林"", ""湖南"", ""江苏"", ""广东""]",已检索,,通报正文补查。
吉林 北山 公园 刺伤 通报 2024,[2024],"[""全国""]",已检索,,逐案补查。
郴州 苏仙 公园 黄某朋 2024,[2024],"[""全国""]",已检索,,逐案补查。
苏州 6月24日 [校车工作人员姓名略] 通报 2024,[2024],"[""全国""]",已检索,,逐案补查。
广州 天河 10月8日 60岁 北京 10月28日 50岁 2024 持刀,[2024],"[""全国""]",已检索,,逐案补查。
北京 海淀 10月28日 50岁 持刀 2024,[2024],"[""北京"", ""四川"", ""湖南"", ""广东""]",已检索,,逐案核实伤亡和非定向袭击特征。
成都 2024 12月10日 曲某某 剪刀 3人,[2024],"[""北京"", ""四川"", ""湖南"", ""广东""]",已检索,,逐案核实伤亡和非定向袭击特征。
长沙 2024 7月27日 粟某某 8人 死亡,[2024],"[""北京"", ""四川"", ""湖南"", ""广东""]",已检索,,逐案核实伤亡和非定向袭击特征。
中山 2024 8月13日 黄某 失业 撞人 8人,[2024],"[""北京"", ""四川"", ""湖南"", ""广东""]",已检索,,逐案核实伤亡和非定向袭击特征。
2025 持刀 随机 伤人 警方 通报,"[2025, 2026]","[""全国""]",已检索,,近期跨场景检索，网络传言仅列线索。
2026 持刀 随机 伤人 警方 通报,"[2025, 2026]","[""全国""]",已检索,,近期跨场景检索，网络传言仅列线索。
2025 纵火 公交 爆炸 报复社会 案件,"[2025, 2026]","[""全国""]",已检索,,近期跨场景检索，网络传言仅列线索。
2026 驾车 冲撞 行人 警方 通报,"[2025, 2026]","[""全国""]",已检索,,近期跨场景检索，网络传言仅列线索。
2026 房山 大韩继 大集 铲车 撞人 3月29,"[2025, 2026]","[""北京"", ""辽宁"", ""浙江"", ""重庆""]",已检索,,集中核对近年社会传播较广的撞人及持刀线索。
2026 沈阳 太原街 4月4日 砍人,"[2025, 2026]","[""北京"", ""辽宁"", ""浙江"", ""重庆""]",已检索,,集中核对近年社会传播较广的撞人及持刀线索。
2025 金华 苏孟 小学 4月22日 通报,"[2025, 2026]","[""北京"", ""辽宁"", ""浙江"", ""重庆""]",已检索,,集中核对近年社会传播较广的撞人及持刀线索。
2025 重庆 铜梁 6月14日 撞人 通报,"[2025, 2026]","[""北京"", ""辽宁"", ""浙江"", ""重庆""]",已检索,,集中核对近年社会传播较广的撞人及持刀线索。
2025 武汉大学 6月4日 朱某 持刀 通报,[2025],[],已检索,,定向核查案件及警方通报；检索结果仅作线索，正文另行打开。
2025 耒阳 8月3日 段某 2死3伤 通报,[2025],[],已检索,,定向核查案件及警方通报；检索结果仅作线索，正文另行打开。
2025 天津医院 4月28日 简某 警方 通报,[2025],[],已检索,,定向核查案件及警方通报；检索结果仅作线索，正文另行打开。
2025 十堰 10月22日 重庆路小学 驾车 通报,[2025],[],已检索,,定向核查案件及警方通报；检索结果仅作线索，正文另行打开。
2025 重庆 巴南 熊某 6月14日 鸣笛 纠纷 通报,"[2025, 2026]",[],已检索,,补查官方通报、受害关系及媒体采访。
2025 10月24日 十堰 陈某 危险方法 警情通报,"[2025, 2026]",[],已检索,,补查官方通报、受害关系及媒体采访。
2025 武汉大学 持刀 随机 食堂 学生 记者,"[2025, 2026]",[],已检索,,补查官方通报、受害关系及媒体采访。
上海 环球金融中心 银平 5月19日 日本人 刺 2025 2026,"[2025, 2026]",[],已检索,,补查官方通报、受害关系及媒体采访。
site:mfa.gov.cn 2026年5月20日 郭嘉昆 上海 精神,"[2025, 2026]",[],已检索,,定向核查新增线索。
2026 3月31日 武汉 青松路 伤人 通报,"[2025, 2026]",[],已检索,,定向核查新增线索。
2026 7月13日 杭州 甜品 金某 警方,"[2025, 2026]",[],已检索,,定向核查新增线索。
2025 金华 苏孟 小学 4月22日 scmp,"[2025, 2026]",[],已检索,,定向核查新增线索。
"""2026年5月20日"" ""精神障碍"" ""外交部""","[2025, 2026]",[],已检索,,定向核查通报与媒体原始报道。
"""Jinhua"" ""school"" ""April 2025"" ""car""","[2025, 2026]",[],已检索,,定向核查通报与媒体原始报道。
2025 5月15日 北京 健安西路 四人 通报,"[2025, 2026]",[],已检索,,定向核查通报与媒体原始报道。
2026 3月29日 房山 铲车 路透 法新,"[2025, 2026]",[],已检索,,定向核查通报与媒体原始报道。
2025 6月26日 密云 韩某某 35岁 争吵 学生 通报,"[2024, 2025]",[],已检索,,定向核查地区补漏及传言与官方差异。
2025 10月6日 泉港 永嘉天地 持刀 通报,"[2024, 2025]",[],已检索,,定向核查地区补漏及传言与官方差异。
2024 4月13日 吉安 持刀 2人 伤 警方,"[2024, 2025]",[],已检索,,定向核查地区补漏及传言与官方差异。
2024 10月23日 青岛 水泥罐车 醉酒 警方,"[2024, 2025]",[],已检索,,定向核查地区补漏及传言与官方差异。
2024 纵火 公交车 报复社会 放火 判决,"[2024, 2025, 2026]",[],已检索,,纵火和公交场景补漏；区分案发年与宣判年。
2025 纵火 公交车 报复社会 放火 判决,"[2024, 2025, 2026]",[],已检索,,纵火和公交场景补漏；区分案发年与宣判年。
2026 纵火 公交车 报复社会 放火 判决,"[2024, 2025, 2026]",[],已检索,,纵火和公交场景补漏；区分案发年与宣判年。
2026 柳州 5月2日 峻岭 伤人 4死,"[2024, 2025, 2026]",[],已检索,,纵火和公交场景补漏；区分案发年与宣判年。
2024 7月27日 长沙 月湖 8死 粟某 判决,"[2024, 2026]",[],已检索,,补漏并查后续。
2024 广东 封开 4月26日 持刀 开车 2人 通报,"[2024, 2026]",[],已检索,,补漏并查后续。
2024 油麻 中学 持刀 7月4日 通报,"[2024, 2026]",[],已检索,,补漏并查后续。
2026 5月3日 平阳 昆阳 撞人 通报,"[2024, 2026]",[],已检索,,补漏并查后续。
"site:mofa.go.jp ""2025年1月24日"" ""蘇州"" ""深セン""","[2024, 2025, 2026]",[],已检索,,后续判决执行与最终伤亡复核。
"site:mofa.go.jp ""2025年4月18日"" ""蘇州"" ""死刑""","[2024, 2025, 2026]",[],已检索,,后续判决执行与最终伤亡复核。
2024 镇雄 李某娜医院 卢某斌 判决 死刑,"[2024, 2025, 2026]",[],已检索,,后续判决执行与最终伤亡复核。
2024 贵溪 潘某 展 某 明德 小学 判决 死刑,"[2024, 2025, 2026]",[],已检索,,后续判决执行与最终伤亡复核。
2026 西宁 8月19日 街头 持刀 伤人,"[2024, 2025, 2026]",[],已检索,,宽口径补漏；未见同案可靠来源则留待核。
2026 汕头 8月19日 持刀 伤人,"[2024, 2025, 2026]",[],已检索,,宽口径补漏；未见同案可靠来源则留待核。
2025 杭州 报复社会 放火 任某 四处,"[2024, 2025, 2026]",[],已检索,,宽口径补漏；未见同案可靠来源则留待核。
2024 随意 伤人 路人 判刑 2025 2026,"[2024, 2025, 2026]",[],已检索,,宽口径补漏；未见同案可靠来源则留待核。
"""任某"" ""四"" ""纵火"" ""2025"" 新津","[2024, 2025, 2026]",[],已检索,,后续判决与纵火补漏。
"""蘇州"" ""死刑執行"" site:mofa.go.jp","[2024, 2025, 2026]",[],已检索,,后续判决与纵火补漏。
"""深セン"" ""死刑判決"" ""令和7年1月"" site:mofa.go.jp","[2024, 2025, 2026]",[],已检索,,后续判决与纵火补漏。
2026 5月1日 成都 李某某 1死11伤 逃逸 通报,"[2024, 2025, 2026]",[],已检索,,高传播事故或爆炸线索核实，防止将交通事故等同随机袭击。
2025 7月21日 昆明 刘某 2死9伤 警方 通报,"[2024, 2025, 2026]",[],已检索,,高传播事故或爆炸线索核实，防止将交通事故等同随机袭击。
2024 9月3日 东平 校车 11死13伤 通报,"[2024, 2025, 2026]",[],已检索,,高传播事故或爆炸线索核实，防止将交通事故等同随机袭击。
2025 1月26日 沈阳 大东 副食品 爆炸 官方,"[2024, 2025, 2026]",[],已检索,,高传播事故或爆炸线索核实，防止将交通事故等同随机袭击。
苏州 校车 持刀 周加胜 2025 1月23日 判决,"[2024, 2025]",[],已检索,,判决/事故性质收尾核对。
深圳 日本 男童 钟长春 2025 1月24日 引人 关注 判决,"[2024, 2025]",[],已检索,,判决/事故性质收尾核对。
昆明 7月20日 李某某 49岁 交通肇事逃逸 2025 通报,"[2024, 2025]",[],已检索,,判决/事故性质收尾核对。
https://www.sdgbxh.sdu.edu.cn/info/1018/3677.htm,"[2024, 2025, 2026]",[],访问失败,,台州职业技术学院3·19事故保卫案例；多次超时，仅检索摘要，未据摘要升级分类。
https://mnewstv.com/article.php?id=40904,"[2024, 2025, 2026]",[],访问失败,,跳转系统维护页；汕头、西宁改查原始媒体来源。
https://www.ctdsb.net/c1476_202608/2834621.html,"[2024, 2025, 2026]",[],访问失败,,西宁报道正文两次超时，已取得华声在线转载红星正文，未把极目搜索摘要当第二独立正文。
https://www.jl.nanchongpeace.gov.cn/ajzj/20250514/2971597.html,"[2024, 2025, 2026]",[],访问失败,,抓取失败，换南充长安网同稿正文成功。
https://news.cnr.cn/native/gd/kx/20250615/t20250615_527211866.shtml,"[2024, 2025, 2026]",[],访问失败,,Unicode解码失败，换四川在线完整警方通报。
https://news.cnr.cn/kuaixun/20260503/t20260503_527608591.shtml,"[2024, 2025, 2026]",[],访问失败,,Unicode解码失败，换中国江苏网完整警方通报。
https://hn.people.com.cn/n2/2024/0727/c336521-40925663.html,"[2024, 2025, 2026]",[],访问失败,,超时，换央广网长沙月湖案完整通报。
https://sc.people.com.cn/n2/2026/0501/c345509-41569755.html,"[2024, 2025, 2026]",[],访问失败,,502，换界面新闻成都通报正文。
https://news.cnr.cn/local/dftj/20250721/t20250721_527274945.shtml,"[2024, 2025, 2026]",[],访问失败,,Unicode解码失败，换云南网昆明通报。
https://yn.people.com.cn/n2/2025/0721/c361322-41297752.html,"[2024, 2025, 2026]",[],访问失败,,超时，换云南网昆明通报。
https://news.cnhubei.com/content/2025-07/21/content_19352135.html,"[2024, 2025, 2026]",[],访问失败,,正文抓取未成功，换云南网。
https://global.hk01.com/article/60335629,"[2024, 2025, 2026]",[],访问失败,,访问失败，改www.hk01.com文章成功。
https://www.chinanews.com/sh/2024/07-27/10258593.shtml,"[2024, 2025, 2026]",[],访问失败,,长沙月湖案访问失败；央广网替代。
https://www.infzm.com/contents/271110?source=131,"[2024, 2025, 2026]",[],访问失败,,镇雄医院调查报道访问失败；无法追加其中个人经历细节。
https://www.japantimes.co.jp/news/2025/01/24/japan/crime-legal/chinese-man-japan-boy-stabbing-case/,"[2024, 2025, 2026]",[],访问失败,,访问失败；改用联合早报驻场报道与FNN引用日方判决说明。
线索待核：莒县洛河镇宅科村2024-02-10杀人网传,[2024],"[""山东""]",待核,,仅汇编/社交线索，未核实发生规模及是否超出特定对象。
线索待核：沈阳铁西2024-03-19车辆冲撞、4-24持刀、7-4街头伤人,[2024],"[""辽宁""]",待核,,事件日期及具体被害关系仍需官方原文核对，防混同多起事件。
线索待核：桂平油麻一中2024-07-04持刀线索,[2024],"[""广西""]",待核,,定向搜索主要命中网络汇编，无可靠正文与正式通报。
线索待核：长沙2024-07-21五一广场车辆碰撞、宜章8-25持刀,[2024],"[""湖南""]",待核,,从汇编发现，缺逐案官方原文核实。
线索待核：深圳2024-08-02吉祥地铁站车辆碰撞、佛山8-3商场持刀,[2024],"[""广东""]",待核,,汇编候选，尚无可审计随机性证据。
线索待核：渠县2024-08-17土溪镇车辆碰撞,[2024],"[""四川""]",待核,,汇编线索，需确认交通事故或故意。
线索待核：苏州2024-09-11平江路持刀、泗洪9-19泗州学校车辆碰撞,[2024],"[""江苏""]",待核,,汇编候选，未取得可靠逐案正文。
线索待核：景德镇学院2024-10-24车辆碰撞,[2024],"[""江西""]",待核,,汇编候选，需确认故意及伤亡。
线索待核：宝丰第四小学2024-12-19车辆碰撞,[2024],"[""河南""]",待核,,汇编候选，未取得可靠逐案正文。
线索待核：利辛2025-01-27刘安桥车辆碰撞,[2025],"[""安徽""]",待核,,社交汇编线索，伤亡及故意性未核。
线索待核：南京六合程桥2025-01-31持刀线索,[2025],"[""江苏""]",待核,,社交汇编线索，伤亡及被害关系未核。
线索待核：诸暨大唐大润发2025-03-23持刀,[2025],"[""浙江""]",待核,,社交汇编线索，未纳确认事件。
线索待核：石家庄益东商场2025-04-03爆炸线索,[2025],"[""河北""]",待核,,爆炸原因及人为性未核。
线索待核：武汉江夏2025-04-25面馆持刀,[2025],"[""湖北""]",待核,,社交汇编线索，未核实是否定向雇佣纠纷。
线索待核：温州平阳2026-05-03车辆冲撞,[2026],"[""浙江""]",待核,,定向搜索见网传，故意与逃逸说法冲突，伤亡未经核实。
线索待核：深圳2026-03-26两起伤人、广州地铁2026-04-30喷液线索,[2026],"[""广东""]",待核,,均从汇编或网媒关联报道发现，缺直接可信确认。
线索待核：两江2026-03-22车辆碰撞,[2026],"[""重庆""]",待核,,汇编候选，未取得可靠正文。
北京 随机伤人 砍人,2018–2026（宽泛地区补漏，无搜索引擎日期限制）,"[""北京""]",已检索,,2026-09-16执行。与分年及既有清单交叉检索互补；无检出不表示实际零发生。
天津 无差别 袭击 伤人,2018–2026（宽泛地区补漏，无搜索引擎日期限制）,"[""天津""]",已检索,,2026-09-16执行。与分年及既有清单交叉检索互补；无检出不表示实际零发生。
河北 报复社会 驾车 伤人,2018–2026（宽泛地区补漏，无搜索引擎日期限制）,"[""河北""]",已检索,,2026-09-16执行。与分年及既有清单交叉检索互补；无检出不表示实际零发生。
山西 随机伤人,2018–2026（宽泛地区补漏，无搜索引擎日期限制）,"[""山西""]",已检索,,2026-09-16执行。与分年及既有清单交叉检索互补；无检出不表示实际零发生。
内蒙古 持刀 伤人 随机,2018–2026（宽泛地区补漏，无搜索引擎日期限制）,"[""内蒙古""]",已检索,,2026-09-16执行。与分年及既有清单交叉检索互补；无检出不表示实际零发生。
辽宁 无差别 伤人 袭击,2018–2026（宽泛地区补漏，无搜索引擎日期限制）,"[""辽宁""]",已检索,,2026-09-16执行。与分年及既有清单交叉检索互补；无检出不表示实际零发生。
吉林 随机 伤人 警方,2018–2026（宽泛地区补漏，无搜索引擎日期限制）,"[""吉林""]",已检索,,2026-09-16执行。与分年及既有清单交叉检索互补；无检出不表示实际零发生。
黑龙江 随机伤人,2018–2026（宽泛地区补漏，无搜索引擎日期限制）,"[""黑龙江""]",已检索,,2026-09-16执行。与分年及既有清单交叉检索互补；无检出不表示实际零发生。
上海 随机伤人,2018–2026（宽泛地区补漏，无搜索引擎日期限制）,"[""上海""]",已检索,,2026-09-16执行。与分年及既有清单交叉检索互补；无检出不表示实际零发生。
江苏 随机伤人,2018–2026（宽泛地区补漏，无搜索引擎日期限制）,"[""江苏""]",已检索,,2026-09-16执行。与分年及既有清单交叉检索互补；无检出不表示实际零发生。
浙江 随机伤人,2018–2026（宽泛地区补漏，无搜索引擎日期限制）,"[""浙江""]",已检索,,2026-09-16执行。与分年及既有清单交叉检索互补；无检出不表示实际零发生。
安徽 随机伤人,2018–2026（宽泛地区补漏，无搜索引擎日期限制）,"[""安徽""]",已检索,,2026-09-16执行。与分年及既有清单交叉检索互补；无检出不表示实际零发生。
"福建 ""持刀"" ""随机""",2018–2026（宽泛地区补漏，无搜索引擎日期限制）,"[""福建""]",已检索,,2026-09-16执行。与分年及既有清单交叉检索互补；无检出不表示实际零发生。
"江西 ""持刀"" ""随机""",2018–2026（宽泛地区补漏，无搜索引擎日期限制）,"[""江西""]",已检索,,2026-09-16执行。与分年及既有清单交叉检索互补；无检出不表示实际零发生。
"山东 ""驾车"" ""报复社会""",2018–2026（宽泛地区补漏，无搜索引擎日期限制）,"[""山东""]",已检索,,2026-09-16执行。与分年及既有清单交叉检索互补；无检出不表示实际零发生。
"河南 ""随机伤人""",2018–2026（宽泛地区补漏，无搜索引擎日期限制）,"[""河南""]",已检索,,2026-09-16执行。与分年及既有清单交叉检索互补；无检出不表示实际零发生。
"湖北 ""随机伤人""",2018–2026（宽泛地区补漏，无搜索引擎日期限制）,"[""湖北""]",已检索,,2026-09-16执行。与分年及既有清单交叉检索互补；无检出不表示实际零发生。
"湖南 ""随机伤人""",2018–2026（宽泛地区补漏，无搜索引擎日期限制）,"[""湖南""]",已检索,,2026-09-16执行。与分年及既有清单交叉检索互补；无检出不表示实际零发生。
"广东 ""随机伤人""",2018–2026（宽泛地区补漏，无搜索引擎日期限制）,"[""广东""]",已检索,,2026-09-16执行。与分年及既有清单交叉检索互补；无检出不表示实际零发生。
"广西 ""随机伤人""",2018–2026（宽泛地区补漏，无搜索引擎日期限制）,"[""广西""]",已检索,,2026-09-16执行。与分年及既有清单交叉检索互补；无检出不表示实际零发生。
"海南 ""随机伤人""",2018–2026（宽泛地区补漏，无搜索引擎日期限制）,"[""海南""]",已检索,,2026-09-16执行。与分年及既有清单交叉检索互补；无检出不表示实际零发生。
"重庆 ""随机伤人""",2018–2026（宽泛地区补漏，无搜索引擎日期限制）,"[""重庆""]",已检索,,2026-09-16执行。与分年及既有清单交叉检索互补；无检出不表示实际零发生。
"四川 ""随机伤人""",2018–2026（宽泛地区补漏，无搜索引擎日期限制）,"[""四川""]",已检索,,2026-09-16执行。与分年及既有清单交叉检索互补；无检出不表示实际零发生。
"贵州 ""随机伤人""",2018–2026（宽泛地区补漏，无搜索引擎日期限制）,"[""贵州""]",已检索,,2026-09-16执行。与分年及既有清单交叉检索互补；无检出不表示实际零发生。
"云南 ""无差别"" ""伤人""",2018–2026（宽泛地区补漏，无搜索引擎日期限制）,"[""云南""]",已检索,,2026-09-16执行。与分年及既有清单交叉检索互补；无检出不表示实际零发生。
"西藏 ""持刀伤人""",2018–2026（宽泛地区补漏，无搜索引擎日期限制）,"[""西藏""]",已检索,,2026-09-16执行。与分年及既有清单交叉检索互补；无检出不表示实际零发生。
"陕西 ""随机"" ""伤人""",2018–2026（宽泛地区补漏，无搜索引擎日期限制）,"[""陕西""]",已检索,,2026-09-16执行。与分年及既有清单交叉检索互补；无检出不表示实际零发生。
"甘肃 ""无差别"" ""伤人""",2018–2026（宽泛地区补漏，无搜索引擎日期限制）,"[""甘肃""]",已检索,,2026-09-16执行。与分年及既有清单交叉检索互补；无检出不表示实际零发生。
"青海 ""持刀"" ""随机""",2018–2026（宽泛地区补漏，无搜索引擎日期限制）,"[""青海""]",已检索,,2026-09-16执行。与分年及既有清单交叉检索互补；无检出不表示实际零发生。
"宁夏 ""随机伤人""",2018–2026（宽泛地区补漏，无搜索引擎日期限制）,"[""宁夏""]",已检索,,2026-09-16执行。与分年及既有清单交叉检索互补；无检出不表示实际零发生。
"新疆 ""随机伤人""",2018–2026（宽泛地区补漏，无搜索引擎日期限制）,"[""新疆""]",已检索,,2026-09-16执行。与分年及既有清单交叉检索互补；无检出不表示实际零发生。
2018 2019 2020 中国 境内 恐怖袭击 事件,2018 2019 2020,"[""中国大陆""]",已检索,,2026-09-16补查有组织恐怖袭击。检出多为境外袭击中国公民、区间外案件或将个体袭击泛称恐怖主义，未检出满足组织性认定且在研究范围的可核实新增事件。
2021 2022 2023 中国大陆 恐怖袭击 事件,2021 2022 2023,"[""中国大陆""]",已检索,,2026-09-16补查有组织恐怖袭击。检出多为境外袭击中国公民、区间外案件或将个体袭击泛称恐怖主义，未检出满足组织性认定且在研究范围的可核实新增事件。
2024 2025 2026 中国大陆 恐怖袭击 事件,2024 2025 2026,"[""中国大陆""]",已检索,,2026-09-16补查有组织恐怖袭击。检出多为境外袭击中国公民、区间外案件或将个体袭击泛称恐怖主义，未检出满足组织性认定且在研究范围的可核实新增事件。
https://www.court.gov.cn/zixun/xiangqing/505401.html,[2026],"[""全国""]",web正文部分可读；Python证书校验失败；系统curl保留证书校验成功,,2026补查最终复核：逐项复核昆明、深圳、嘉禾、湖州、白沙；发现锡林浩特与曲沃遗漏并转入分季补查。
https://www.spp.gov.cn/spp/zdgz/202603/t20260330_725001.shtml,[2026],"[""全国""]",web访问失败,,2026补查最终复核：第一季度官方材料root复读失败，保留研究员成功HTTP访问与转载核验记录。
https://finance.sina.com.cn/jjxw/2026-08-20/doc-ininxkrz8884709.shtml,[2026],"[""全国""]",正文已访问,,2026补查最终复核：复核西宁先伤摊主、后伤劝架者的目击者采访引用及新黄河独立采访，扩大类依据成立。
https://finance.sina.com.cn/wm/2026-05-01/doc-inhwkpte5570692.shtml,[2026],"[""全国""]",正文已访问,,2026补查最终复核：复核广州地铁辣椒水：潇湘晨报和荔枝分别采访亲历者，派出所人员确认抓获；未将症状当精确伤者数。
"site:x.com/whyyoutouzhele ""2026"" ""1月"" ""砍""",[2026],"[""全国""]",已检索,,直接X索引稀疏，改用公开镜像与Telegram
"site:x.com/whyyoutouzhele ""2026"" ""2月"" ""撞""",[2026],"[""全国""]",已检索,,命中4月144案汇总镜像
"site:x.com/whyyoutouzhele ""2026"" ""3月"" ""砍""",[2026],"[""全国""]",已检索,,命中汇总及后续帖子
2026 1月 2月 3月 持刀 伤人 李老师不是你老师,[2026],"[""全国""]",已检索,13,12项汇总中一项含深圳两地，全部逐案核查
2026 1月19日 中山 港口 覃某 货车 警情通报,[2026],"[""全国""]",已检索,1,中山网仅图；新黄河完整通报转载可核
2026 1月27日 太和 口腔癌 持刀 夫妻,[2026],"[""全国""]",已检索,1,同期报道与原帖证1月26日，未找到官方通报
2026 1月31日 银川 朝阳巷 持刀,[2026],"[""全国""]",已检索,1,检得警方完整通报，定向纠纷排除
2026 2月3日 万丰海岸城 伤人 警方,[2026],"[""全国""]",已检索,1,未检出警方正文，仅社媒线索
"""1月27日"" ""太和"" ""持刀""",[2026],"[""全国""]",已检索,1,NTD正文采用网传视频非独立采集
"""2月3日"" ""万丰海岸城"" ""持刀""",[2026],"[""全国""]",已检索,0,未检得独立确认
"""2月21日"" ""开封"" ""持刀"" ""2026""",[2026],"[""全国""]",已检索,0,未检得同案官方信息
"""2月12日"" ""德润龙庭"" ""2026""",[2026],"[""全国""]",已检索,0,未检得处罚决定或独立报道
万丰海岸城 捅人 2026,[2026],"[""全国""]",已检索,0,结果多为无关商业信息
德润龙庭 开车 撞人 2026,[2026],"[""全国""]",已检索,0,未检得独立核实
开封 2026 2月21 捅人,[2026],"[""全国""]",已检索,1,命中2月6日毕桥村另案自媒体，定向同学纠纷线索，仅记录不混同
whyyoutouzhele 太和 2026 口腔癌,[2026],"[""全国""]",已检索,0,通用搜索未得原帖，Telegram定词补得
"""2026"" ""3月22日"" ""横琴"" 伤人",[2026],"[""全国""]",已检索,1,警方日期为3月20日，报道日不能替代案发日
"""2026"" ""3月22日"" ""观音桥"" 撞人",[2026],"[""全国""]",已检索,1,找到疑似发病事故说法，后回溯封面完整通报
"""2026"" ""3月31日"" ""世嘉铭座""",[2026],"[""全国""]",已检索,1,只检得网络转发，没有官方或独立现场采集
"""2026"" ""3月26日"" ""龙城"" 持刀",[2026],"[""全国""]",已检索,2,两地时间、身份说法不同，罗湖后得官方救助事迹，龙岗仍待核
"""观音桥"" ""3月22日"" ""警方"" 2026",[2026],"[""全国""]",已检索,1,初查疑似病发
"""世嘉铭座"" ""2026"" 持刀",[2026],"[""全国""]",已检索,0,无新增可靠正文
"""万丰海岸城"" ""持刀""",[2026],"[""全国""]",已检索,0,多为猎奇转载未采用
"""德润龙庭"" ""撞""",[2026],"[""全国""]",已检索,0,未得官方处罚材料
"""2026年第一季度见义勇为勇士榜"" ""持刀""",[2026],"[""全国""]",已检索,5,检得原站及完整转载，按实际案发年挑选
"""2026年1月"" ""持刀"" ""路人""",[2026],"[""全国""]",已检索,1,香港屯门1月15日事件不在大陆范围；另有泰国事件，不纳
"""2026年2月"" ""随机"" ""伤人""",[2026],"[""全国""]",已检索,0,未获额外可靠确认
"""2026年3月"" ""纵火"" ""报复""",[2026],"[""全国""]",已检索,1,营口案3月为判决日，未作为2026案发新增
"""中山"" ""1月19日"" ""覃某"" 2026",[2026],"[""全国""]",已检索,1,完整通报已核
"""观音桥"" ""2026"" ""突发疾病"" 通报",[2026],"[""全国""]",已检索,1,采用完整警方引文，不用自媒体额外断言
"""横琴"" ""3月20日"" ""抢劫"" 2026",[2026],"[""全国""]",已检索,1,日期核正
"""邓根仔"" ""女学生"" ""随机""",[2026],"[""全国""]",已检索,1,官方仅支持学生和救助者遭袭，不采信网传学生死伤
重庆 观音桥 3月22日 33岁 3名 行人 通报,[2026],"[""全国""]",已检索,1,封面现场走访与通报全文
深圳 邓根仔 3月26 女学生 凶手,[2026],"[""全国""]",已检索,1,二次报道存在性别扩写，回到最高法原文
南昌 万象城 2026 1月10 伤人 通报,[2026],"[""全国""]",已检索,1,警方1伤及商场救助过程
昆明 五华 1月15日 2026 持刀 李云亚,[2026],"[""全国""]",已检索,1,官方明确无故袭击路人
"""2026年1月"" ""纵火"" 中国",[2026],"[""全国""]",已检索,1,从化工厂1月6日事故报告排除人为纵火；不纳袭击
"""2026年2月"" ""爆炸"" ""报复""",[2026],"[""全国""]",已检索,1,刘某强报复女主播为2025年案，2026年处罚/报道，非新增2026事件
"""2026年3月"" ""持刀伤人"" 警情",[2026],"[""全国""]",已检索,,回收武汉等线索
"""2026年2月"" ""持刀伤人"" 警情",[2026],"[""全国""]",已检索,0,未获额外大陆可靠个案
"""2026年1月"" ""驾车"" ""冲撞"" 人群",[2026],"[""全国""]",已检索,1,美国洛杉矶集会事件属境外，排除
"""2026年2月"" ""驾车"" ""冲撞"" 人群",[2026],"[""全国""]",已检索,0,未检得额外可信大陆事件
"""2026年3月"" ""校园"" ""持刀""",[2026],"[""全国""]",已检索,1,重庆朝阳中学冲突报道；泉州为演练、嘉义为境外
"""2026年2月"" ""医院"" ""持刀""",[2026],"[""全国""]",已检索,0,未检得额外可信大陆个案
武汉 青松路 3月31日 2026 随机 目击者,[2026],"[""全国""]",已检索,1,新增连续目标变化影像描述；同源不重复计数
北京 大韩继 3月29 2026 铲车 新京报 官方,[2026],"[""全国""]",已检索,1,未检出可核官方确认；维基/社媒互引不能升级
2026 2月2 江苏 喷火器 烧死 真相,[2026],"[""全国""]",已检索,1,HK01/UDN可读，具体案情仍网传
2026 2月21 开封 捅人 警方,[2026],"[""全国""]",已检索,0,无独立通报补充
2026 3月11 武汉 火锅店 广场舞 持刀 警方,[2026],"[""全国""]",已检索,1,单一采访稿被多方转载，待核
2026 1月11 沈阳 刘伟 女孩 持刀 南顺城,[2026],"[""全国""]",已检索,1,官方事迹确认无关救人者受伤
2026 1月27 李川 凤鸣山 段某 女子 认识,[2026],"[""全国""]",已检索,1,文明办明确陌生关系
2026 2月15 巧家 持刀 追砍 群众 单文培,[2026],"[""全国""]",已检索,1,第一季度榜确认持续追砍社区群众
"""2026年1月"" ""持刀"" ""小学"" 中国",[2026],"[""全国""]",已检索,1,兴国良村小学案发2025年11月28日；2026为投诉回复日期
"""2026年2月"" ""持刀"" ""幼儿园"" 中国",[2026],"[""全国""]",已检索,0,未检出额外可靠大陆事件
"""2026年3月"" ""爆炸"" ""故意"" 中国",[2026],"[""全国""]",已检索,1,郴州勇鑫烟花实际2025年11月30日；乐山金口河村爆炸系谣言
"""2026年1月"" ""医院"" ""随机"" 伤人",[2026],"[""全国""]",已检索,0,未检得额外可靠大陆事件
Telegram公开搜索 https://t.me/s/lilaoshibushinilaoshi?before=35534&q=万丰,[2026],"[""全国""]",已检索,,实际HTTP读取匹配文字与原status链接；结果可能漏检（如万丰无结果而海岸城命中），无结果不等于无事件。未下载媒体。
Telegram公开搜索 https://t.me/s/lilaoshibushinilaoshi?before=35534&q=海岸城,[2026],"[""全国""]",已检索,,实际HTTP读取匹配文字与原status链接；结果可能漏检（如万丰无结果而海岸城命中），无结果不等于无事件。未下载媒体。
Telegram公开搜索 https://t.me/s/lilaoshibushinilaoshi?before=35534&q=德润龙庭,[2026],"[""全国""]",已检索,,实际HTTP读取匹配文字与原status链接；结果可能漏检（如万丰无结果而海岸城命中），无结果不等于无事件。未下载媒体。
Telegram公开搜索 https://t.me/s/lilaoshibushinilaoshi?before=35534&q=开封,[2026],"[""全国""]",已检索,,实际HTTP读取匹配文字与原status链接；结果可能漏检（如万丰无结果而海岸城命中），无结果不等于无事件。未下载媒体。
Telegram公开搜索 https://t.me/s/lilaoshibushinilaoshi?before=35534&q=太和,[2026],"[""全国""]",已检索,,实际HTTP读取匹配文字与原status链接；结果可能漏检（如万丰无结果而海岸城命中），无结果不等于无事件。未下载媒体。
Telegram公开搜索 https://t.me/s/lilaoshibushinilaoshi?before=35534&q=世嘉铭座,[2026],"[""全国""]",已检索,,实际HTTP读取匹配文字与原status链接；结果可能漏检（如万丰无结果而海岸城命中），无结果不等于无事件。未下载媒体。
Telegram公开搜索 https://t.me/s/lilaoshibushinilaoshi?before=35534&q=港口镇,[2026],"[""全国""]",已检索,,实际HTTP读取匹配文字与原status链接；结果可能漏检（如万丰无结果而海岸城命中），无结果不等于无事件。未下载媒体。
Telegram公开搜索 https://t.me/s/lilaoshibushinilaoshi?before=35534&q=观音桥,[2026],"[""全国""]",已检索,,实际HTTP读取匹配文字与原status链接；结果可能漏检（如万丰无结果而海岸城命中），无结果不等于无事件。未下载媒体。
Telegram公开搜索 https://t.me/s/lilaoshibushinilaoshi?before=35534&q=龙城,[2026],"[""全国""]",已检索,,实际HTTP读取匹配文字与原status链接；结果可能漏检（如万丰无结果而海岸城命中），无结果不等于无事件。未下载媒体。
Telegram公开搜索 https://t.me/s/lilaoshibushinilaoshi?before=35534&q=东门,[2026],"[""全国""]",已检索,,实际HTTP读取匹配文字与原status链接；结果可能漏检（如万丰无结果而海岸城命中），无结果不等于无事件。未下载媒体。
Telegram公开搜索 https://t.me/s/lilaoshibushinilaoshi?before=35534&q=银川,[2026],"[""全国""]",已检索,,实际HTTP读取匹配文字与原status链接；结果可能漏检（如万丰无结果而海岸城命中），无结果不等于无事件。未下载媒体。
Telegram公开搜索 https://t.me/s/lilaoshibushinilaoshi?before=35534&q=横琴,[2026],"[""全国""]",已检索,,实际HTTP读取匹配文字与原status链接；结果可能漏检（如万丰无结果而海岸城命中），无结果不等于无事件。未下载媒体。
Telegram公开搜索 https://t.me/s/lilaoshibushinilaoshi?before=35534&q=青松路,[2026],"[""全国""]",已检索,,实际HTTP读取匹配文字与原status链接；结果可能漏检（如万丰无结果而海岸城命中），无结果不等于无事件。未下载媒体。
Telegram公开搜索 https://t.me/s/lilaoshibushinilaoshi?before=35534&q=大韩继,[2026],"[""全国""]",已检索,,实际HTTP读取匹配文字与原status链接；结果可能漏检（如万丰无结果而海岸城命中），无结果不等于无事件。未下载媒体。
Telegram公开搜索 https://t.me/s/lilaoshibushinilaoshi?before=35534&q=放火,[2026],"[""全国""]",已检索,,实际HTTP读取匹配文字与原status链接；结果可能漏检（如万丰无结果而海岸城命中），无结果不等于无事件。未下载媒体。
Telegram公开搜索 https://t.me/s/lilaoshibushinilaoshi?before=35534&q=爆炸,[2026],"[""全国""]",已检索,,实际HTTP读取匹配文字与原status链接；结果可能漏检（如万丰无结果而海岸城命中），无结果不等于无事件。未下载媒体。
Telegram公开搜索 https://t.me/s/lilaoshibushinilaoshi?before=35534&q=纵火,[2026],"[""全国""]",已检索,,实际HTTP读取匹配文字与原status链接；结果可能漏检（如万丰无结果而海岸城命中），无结果不等于无事件。未下载媒体。
Telegram公开搜索 https://t.me/s/lilaoshibushinilaoshi?before=35534&q=口腔癌,[2026],"[""全国""]",已检索,,实际HTTP读取匹配文字与原status链接；结果可能漏检（如万丰无结果而海岸城命中），无结果不等于无事件。未下载媒体。
Telegram公开搜索 https://t.me/s/lilaoshibushinilaoshi?before=35534&q=鸭舌帽,[2026],"[""全国""]",已检索,,实际HTTP读取匹配文字与原status链接；结果可能漏检（如万丰无结果而海岸城命中），无结果不等于无事件。未下载媒体。
Telegram公开搜索 https://t.me/s/lilaoshibushinilaoshi?before=35534&q=龙岗,[2026],"[""全国""]",已检索,,实际HTTP读取匹配文字与原status链接；结果可能漏检（如万丰无结果而海岸城命中），无结果不等于无事件。未下载媒体。
Telegram公开搜索 https://t.me/s/lilaoshibushinilaoshi?before=35534&q=砍人,[2026],"[""全国""]",已检索,,实际HTTP读取匹配文字与原status链接；结果可能漏检（如万丰无结果而海岸城命中），无结果不等于无事件。未下载媒体。
Telegram公开搜索 https://t.me/s/lilaoshibushinilaoshi?before=35534&q=持刀,[2026],"[""全国""]",已检索,,实际HTTP读取匹配文字与原status链接；结果可能漏检（如万丰无结果而海岸城命中），无结果不等于无事件。未下载媒体。
Telegram公开搜索 https://t.me/s/lilaoshibushinilaoshi?before=35534&q=冲撞,[2026],"[""全国""]",已检索,,实际HTTP读取匹配文字与原status链接；结果可能漏检（如万丰无结果而海岸城命中），无结果不等于无事件。未下载媒体。
打开 https://x.com/whyyoutouzhele/status/2039625155404509246,[2026],"[""全国""]",访问失败,,X原站访问失败；Instalker完整文字可读；Telegram 35533同源摘录可读
打开 https://x.com/whyyoutouzhele/status/2013240567606464850,[2026],"[""全国""]",访问失败,,X仅登录外壳；Telegram文字可读
打开 https://x.com/whyyoutouzhele/status/2016096346025939186,[2026],"[""全国""]",访问失败,,X原站403；Telegram公开页文字与原帖链接可读
打开 https://x.com/whyyoutouzhele/status/2017756836741468453,[2026],"[""全国""]",访问失败,,X cache miss；Telegram文字可读
打开 https://x.com/whyyoutouzhele/status/2018738337733914646,[2026],"[""全国""]",访问失败,,X原站403；Telegram公开页文字与原帖链接可读
打开 https://x.com/whyyoutouzhele/status/2021957529614659891,[2026],"[""全国""]",访问失败,,X返回0行空页；Telegram后续帖中原帖引用文字可读
打开 https://x.com/whyyoutouzhele/status/2025057897718124649,[2026],"[""全国""]",访问失败,,X仅登录外壳；Telegram文字可读
打开 https://x.com/whyyoutouzhele/status/2035510951944819083,[2026],"[""全国""]",访问失败,,X原站403；Telegram公开页文字与原帖链接可读
打开 https://x.com/whyyoutouzhele/status/2035710493772382393,[2026],"[""全国""]",访问失败,,X仅登录外壳；Telegram文字可读
打开 https://x.com/whyyoutouzhele/status/2037212487309742093,[2026],"[""全国""]",访问失败,,X原站403；Telegram公开页文字与原帖链接可读
打开 https://x.com/whyyoutouzhele/status/2037239673907535998,[2026],"[""全国""]",访问失败,,X原站403；Telegram公开页文字与原帖链接可读
打开 https://x.com/whyyoutouzhele/status/2038959494865313931,[2026],"[""全国""]",访问失败,,X原站403；Telegram公开页文字与原帖链接可读
打开 https://x.com/whyyoutouzhele/status/2038169287744229772,[2026],"[""全国""]",访问失败,,X原站403；Telegram公开页文字与原帖链接可读
打开 https://x.com/whyyoutouzhele/status/2039111132950962182,[2026],"[""全国""]",访问失败,,X原站403；Telegram公开页文字与原帖链接可读
打开 https://www.spp.gov.cn/spp/zdgz/202603/t20260330_725001.shtml,[2026],"[""全国""]",已检索,5,web 403；直接HTTP 200可见原文，已成功核对
打开 https://www.wenming.cn/sbhr_pd/20260608/79715ed72bbf46df9c31f9262032df01/c.html,[2026],"[""全国""]",已检索,1,web重定向循环；直接HTTP 200正文成功
打开 https://www.secretchina.com/news/gb/2026/04/09/1096914.html,[2026],"[""全国""]",已检索,1,检索文本曾可读；直开Cache miss，HTTP回退SSL连接失败。只作未核网络转述，非独立采访。
复读 https://www.thepaper.cn/newsDetail_forward_32373915,[2026],"[""全国""]",已检索,1,正文可读；标题明确安保险被推下扶梯，正文主要为商场奖励通报，素材综合网络；未确证扩大事实，南昌仍待核。
"""南昌万象城"" ""保安"" ""推"" ""2026""",[2026],"[""全国""]",已检索,1,检得既有澎湃及自媒体转载，没有检得新增独立现场采集。
"""巧家"" ""2026年2月15日"" ""行凶""",[2026],"[""全国""]",已检索,1,检得中央政法委事迹同源转载，没有额外独立信息。
"""邱家屿社区"" ""持刀"" ""2026""",[2026],"[""全国""]",已检索,1,同上，仅增加同源转载索引，不重复算证据。
复读 https://www.spp.gov.cn/spp/zdgz/202603/t20260330_725001.shtml,[2026],"[""全国""]",已检索,5,web访问403，HTTP200原文可读；逐条再核沈阳、南昌、中山教培、重庆凤鸣山、巧家日期及过程。
复读 https://udn.com/news/story/7335/9309282,[2026],"[""全国""]",已检索,1,正文可读。2月2日兼为网络流传日及匿名知情者所称案发日，独立日期证据仍缺。
复扫中央政法委第二季度见义勇为榜全文中的2026年1—3月条目,[2026],"[""内蒙古""]",已检索,1,根任务提供同一官方页面已取得HTML；复扫公交、持刀、攻击、火灾及爆炸段落。除既有昆明、海南、罗湖、上海，新增锡林浩特公交1条；其余Q1救助事迹未出现主动伤人证据，不把普通火灾与落水当袭击。
"""锡林浩特"" ""2026年3月26日"" ""公交""",[2026],"[""内蒙古""]",已检索,1,检得锡林郭勒发改委信用网站同源转载；无新增警方调查或医学资料。
"""敖千恒"" ""攻击"" 公交 2026",[2026],"[""内蒙古""]",已检索,1,仅检得表彰稿同源内容，不能增加独立证据数量。
打开 https://fgw.xlgl.gov.cn/credit/news/Ny4sNDA,[2026],"[""内蒙古""]",访问失败,1,搜索返回同源官方转载文本，直开Cache miss；事件采用已核读的最高法刊载中央政法委榜单原文，不将此转载另计来源。
"""whyyoutouzhele"" ""2026"" ""4月"" ""伤人""",[2026],"[""全国""]",已检索,,2026年第二季度定向检索；命中结果逐条核对。
"""whyyoutouzhele"" ""2026"" ""5月"" ""伤人""",[2026],"[""全国""]",已检索,,2026年第二季度定向检索；命中结果逐条核对。
"""whyyoutouzhele"" ""2026"" ""6月"" ""伤人""",[2026],"[""全国""]",已检索,,2026年第二季度定向检索；命中结果逐条核对。
"""2026"" ""4月"" ""随机"" ""持刀""",[2026],"[""全国""]",已检索,,2026年第二季度定向检索；命中结果逐条核对。
"""whyyoutouzhele"" ""4月"" ""2026"" ""撞人""",[2026],"[""全国""]",已检索,,关键词补漏；须区分旧案重发和实际案发日。
"""whyyoutouzhele"" ""5月"" ""2026"" ""砍人""",[2026],"[""全国""]",已检索,,关键词补漏；须区分旧案重发和实际案发日。
"""whyyoutouzhele"" ""6月"" ""2026"" ""撞人""",[2026],"[""全国""]",已检索,,关键词补漏；须区分旧案重发和实际案发日。
"""2026"" ""6月"" ""随机砍人""",[2026],"[""全国""]",已检索,,关键词补漏；须区分旧案重发和实际案发日。
"""2026年4月"" ""持刀伤人"" 通报",[2026],"[""全国""]",已检索,,警方/媒体通报检索。
"""2026年5月"" ""持刀伤人"" 通报",[2026],"[""全国""]",已检索,,警方/媒体通报检索。
"""2026年6月"" ""持刀伤人"" 通报",[2026],"[""全国""]",已检索,,警方/媒体通报检索。
"""2026"" ""重庆理工"" ""6月5""",[2026],"[""全国""]",已检索,,警方/媒体通报检索。
"""2026"" ""4月"" ""纵火"" ""报复""",[2026],"[""全国""]",已检索,,纵火、爆炸、驾车及车展线索补漏。
"""2026"" ""5月"" ""爆炸"" ""男子""",[2026],"[""全国""]",已检索,,纵火、爆炸、驾车及车展线索补漏。
"""2026"" ""6月"" ""汽车"" ""冲撞""",[2026],"[""全国""]",已检索,,纵火、爆炸、驾车及车展线索补漏。
"""2026"" ""无锡"" ""程儿"" ""警方""",[2026],"[""全国""]",已检索,,纵火、爆炸、驾车及车展线索补漏。
无锡 6月19日 车展 程儿 持刀 2026,[2026],"[""全国""]",已检索,,候选逐案追索。
滕州 6月28日 和馨园 砍人 2026,[2026],"[""全国""]",已检索,,候选逐案追索。
博罗 中园 4月22日 持刀 2026,[2026],"[""全国""]",已检索,,候选逐案追索。
广州 地铁 4月30日 2026 不明液体,[2026],"[""全国""]",已检索,,候选逐案追索。
广州地铁 辣椒水 2026 九派新闻,[2026],"[""全国""]",已检索,,原始采访来源与X继续补漏。
广州地铁 辣椒水 2026 荔枝新闻,[2026],"[""全国""]",已检索,,原始采访来源与X继续补漏。
"""2026"" ""4月"" ""袭击"" ""whyyoutouzhele""",[2026],"[""全国""]",已检索,,原始采访来源与X继续补漏。
"""2026"" ""5月"" ""袭击"" ""whyyoutouzhele""",[2026],"[""全国""]",已检索,,原始采访来源与X继续补漏。
"""2026"" ""6月"" ""纵火"" 中国",[2026],"[""全国""]",已检索,,按月份和手段补漏；多数命中境外/旧案，不能据报道日期纳入。
"""2026"" ""5月"" ""纵火"" 中国",[2026],"[""全国""]",已检索,,按月份和手段补漏；多数命中境外/旧案，不能据报道日期纳入。
"""2026"" ""4月"" ""爆炸"" ""报复社会""",[2026],"[""全国""]",已检索,,按月份和手段补漏；多数命中境外/旧案，不能据报道日期纳入。
"""2026"" ""6月"" ""爆炸"" ""报复社会""",[2026],"[""全国""]",已检索,,按月份和手段补漏；多数命中境外/旧案，不能据报道日期纳入。
"""2026"" ""6月"" ""随州"" ""大润发"" 撞人",[2026],"[""全国""]",已检索,,爆炸纵火驾车候选回溯通报。
"""2026"" ""6月"" ""漯河"" ""撞人""",[2026],"[""全国""]",已检索,,爆炸纵火驾车候选回溯通报。
"""2026"" ""6月11日"" ""兴安"" 爆炸 通报",[2026],"[""全国""]",已检索,,爆炸纵火驾车候选回溯通报。
"""2026"" ""4月17日"" ""临沂"" ""纵火""",[2026],"[""全国""]",已检索,,爆炸纵火驾车候选回溯通报。
"""2026"" ""6月5日"" ""重庆理工大学"" 警方",[2026],"[""全国""]",已检索,,动机、受害关系、官方后续与X原帖追溯。
"""2026"" ""5月19日"" ""环球金融中心"" ""日本人""",[2026],"[""全国""]",已检索,,动机、受害关系、官方后续与X原帖追溯。
"""2026"" ""宏达国际车业"" ""纵火"" ""纠纷""",[2026],"[""全国""]",已检索,,动机、受害关系、官方后续与X原帖追溯。
"""whyyoutouzhele"" ""广州地铁"" ""4月30日""",[2026],"[""全国""]",已检索,,动机、受害关系、官方后续与X原帖追溯。
"""2026"" ""4月13日"" ""衢州"" ""路虎""",[2026],"[""全国""]",已检索,,论坛漏案候选追溯，保留故意性待核或事故排除。
"""2026"" ""4月19日"" ""南安"" ""撞""",[2026],"[""全国""]",已检索,,论坛漏案候选追溯，保留故意性待核或事故排除。
"""2026"" ""4月7日"" ""儋州"" ""奔驰""",[2026],"[""全国""]",已检索,,论坛漏案候选追溯，保留故意性待核或事故排除。
"""2026"" ""4月17日"" ""临沂"" ""面粉厂""",[2026],"[""全国""]",已检索,,论坛漏案候选追溯，保留故意性待核或事故排除。
"""2026"" ""郸城县"" ""女孩"" ""砍伤""",[2026],"[""全国""]",已检索,,按月关键词继续补漏。
"""whyyoutouzhele"" ""2026"" ""6月"" ""杀人""",[2026],"[""全国""]",已检索,,按月关键词继续补漏。
"""whyyoutouzhele"" ""2026"" ""5月"" ""杀人""",[2026],"[""全国""]",已检索,,按月关键词继续补漏。
"""whyyoutouzhele"" ""2026"" ""4月"" ""纵火""",[2026],"[""全国""]",已检索,,按月关键词继续补漏。
"""郸城"" ""2026"" ""砍伤两名""",[2026],"[""全国""]",已检索,,校园/街头及六月车辆线索补漏核对。
"""滕州"" ""2026年6月28日""",[2026],"[""全国""]",已检索,,校园/街头及六月车辆线索补漏核对。
"""2026"" ""随州"" ""冲撞行人""",[2026],"[""全国""]",已检索,,校园/街头及六月车辆线索补漏核对。
"""2026"" ""漯河"" ""连环车祸""",[2026],"[""全国""]",已检索,,校园/街头及六月车辆线索补漏核对。
2026 4月 5月 6月 学校 持刀 袭击 路人,[2026],"[""全国""]",已检索,,按校园、医疗、公交和商业群体场景补漏；结果以案发日核对。
2026 4月 5月 6月 医院 随机 伤人,[2026],"[""全国""]",已检索,,按校园、医疗、公交和商业群体场景补漏；结果以案发日核对。
2026 4月 5月 6月 公交 纵火 爆炸,[2026],"[""全国""]",已检索,,按校园、医疗、公交和商业群体场景补漏；结果以案发日核对。
2026 4月 5月 6月 商场 超市 随机 砍人,[2026],"[""全国""]",已检索,,按校园、医疗、公交和商业群体场景补漏；结果以案发日核对。
"""2026"" ""4月13日"" ""奉化"" ""火灾"" 通报",[2026],"[""全国""]",已检索,,官方确认与纵火候选核验。
"""2026"" ""4月17日"" ""临沂"" ""火灾""",[2026],"[""全国""]",已检索,,官方确认与纵火候选核验。
"""2026"" ""嘉禾"" ""曾凡林""",[2026],"[""全国""]",已检索,,官方确认与纵火候选核验。
"""2026"" ""张伟"" ""金某"" ""曾某"" 湖州",[2026],"[""全国""]",已检索,,官方确认与纵火候选核验。
衢州 2026 4月14日 余某某 2人受伤,[2026],"[""全国""]",已检索,,伤亡通报正文与后续分类复核。
南安市 水头镇 2026 4月19日 南方,[2026],"[""全国""]",已检索,,伤亡通报正文与后续分类复核。
嘉禾 曾凡林 2026 4月11日 精神,[2026],"[""全国""]",已检索,,伤亡通报正文与后续分类复核。
广州 地铁 辣椒水 2026 调查 结果,[2026],"[""全国""]",已检索,,伤亡通报正文与后续分类复核。
衢州 4月13日 余某某 2026 警情通报 百汇路,[2026],"[""全国""]",已检索,,逐案补查官方正文、原始社媒与相反证据。
2026 4月19日 南安 水头 2死1伤 警方 南方,[2026],"[""全国""]",已检索,,逐案补查官方正文、原始社媒与相反证据。
泰安 2026 4月29日 副市长 爆炸 造谣,[2026],"[""全国""]",已检索,,逐案补查官方正文、原始社媒与相反证据。
site:x.com/whyyoutouzhele/status/ 2026 广州 辣椒水,[2026],"[""全国""]",已检索,,逐案补查官方正文、原始社媒与相反证据。
"site.twstalker.com/whyyoutouzhele ""2026"" ""4月"" 砍人",[2026],"[""全国""]",已检索,,对X镜像及CDT定向补查；按结果正文案发日期审查，不将聚合页面标题年份等同案发年份。
"site.sotwe.com/whyyoutouzhele ""5月"" ""2026"" 撞人",[2026],"[""全国""]",已检索,,对X镜像及CDT定向补查；按结果正文案发日期审查，不将聚合页面标题年份等同案发年份。
"site.chinadigitaltimes.net ""2026"" ""6月"" ""持刀"" 李老师",[2026],"[""全国""]",已检索,,对X镜像及CDT定向补查；按结果正文案发日期审查，不将聚合页面标题年份等同案发年份。
"site.twstalker.com/whyyoutouzhele ""6月"" ""2026"" 纵火",[2026],"[""全国""]",已检索,,对X镜像及CDT定向补查；按结果正文案发日期审查，不将聚合页面标题年份等同案发年份。
天津 津南 正营路 瞬新广场 2026 6月26日 持刀,[2026],"[""全国""]",已检索,,新增镜像线索及相反现场证据补查。
北京 中信大厦 2026 6月26日 飞机 撞击 通报,[2026],"[""全国""]",已检索,,新增镜像线索及相反现场证据补查。
成都 2026 5月1日 司机 尖刀 目击者 调查 后续,[2026],"[""全国""]",已检索,,新增镜像线索及相反现场证据补查。
"""北京朝阳"" ""2026"" ""7月2日"" ""航空器""",[2026],"[""北京"", ""安徽""]",已检索,,末轮核查北京调查结论与寿县幼儿园网帖。
"""寿县"" ""6月27日"" ""2026"" ""京师""",[2026],"[""北京"", ""安徽""]",已检索,,末轮核查北京调查结论与寿县幼儿园网帖。
2026 6月27日 寿县 衡安 国际城 京师 幼儿园 伤人,[2026],"[""安徽"", ""天津""]",已检索,0,未查得对应官方通报或独立媒体报道；仅社媒线索保留。
2026 6月26日 天津 瞬新 广场 持刀,[2026],"[""安徽"", ""天津""]",已检索,0,未查得对应官方通报或独立媒体报道；仅社媒线索保留。
https://x.com/whyyoutouzhele/status/2068635036157644991,[2026],"[""全国""]",访问失败,,无锡原X帖打开为空白；X-Sou仅搜索摘要可见，镜像正文打开失败，不能据此确认发生。
https://x.com/whyyoutouzhele/status/2040449312027480228,[2026],"[""全国""]",访问失败,,沈阳原X帖由媒体嵌入链接提取；原站未返回可读正文，保留可访问转载。
https://x.com/whyyoutouzhele/status/2050186973680463941,[2026],"[""全国""]",访问失败,,成都原X帖403；品葱讨论页搜索摘要可见，正文失败。后续取得中央社影像分析与大纪元原始采访，不将此与X镜像重复当独立来源。
https://x.com/whyyoutouzhele/status/2070839570053095833,[2026],"[""全国""]",访问失败,,天津原X帖0行空白；公开Telegram频道HTML取得对应文本、原URL与帖子链接。
https://x.com/whyyoutouzhele/status/2070491014016520660,[2026],"[""全国""]",访问失败,,北京飞机撞楼原X帖0行空白，Telegram镜像可读；事件另有官方通报可靠转载。
https://twstalker.com/whyyoutouzhele,[2026],"[""全国""]",已检索,,主页可读但检索结果主要为8月动态，未恢复完整4—6月档案；特定无锡详情页面未取得正文。
https://chinadigitaltimes.net/chinese/chronicle-of-major-events,[2026],"[""全国""]",已检索,,大事记全文已打开，4—6月条目多为其他社会议题；没有新增可独立证实的目标事件。
"site.sotwe.com/whyyoutouzhele ""5月"" ""2026"" 撞人",[2026],"[""全国""]",已检索,,未检出可直接核验的Sotwe正文；宽泛返回成都等相关转载，不把无结果误写成不存在事件。
https://www.guancha.cn/politics/2026_04_14_813610.shtml,[2026],"[""全国""]",已检索,,Web正文连续超时；公开HTML后续成功读取警方完整文字，确认2人伤而非论坛所传死亡。
https://www.sohu.com/a/1011659164_100116740,[2026],"[""全国""]",已检索,,Web正文超时；公开HTML读取到南方+记者向当地部门核实2死1伤、逆行及原因调查中的原文。
https://www.court.gov.cn/zixun/xiangqing/505401.html,[2026],"[""全国""]",已检索,,逐项校对官方名单中的案发年份：嘉禾4/11、湖州4/2纳入核心/扩展；曲沃供电职工4/7追捕盗窃车辆碰撞列待核，需区分危险逃逸和主动攻击；珠海4/12协助抓逃犯仅逃跑挣扎、未见主动袭人，排除。部分获奖案例实际发生2025年或更早，不按获奖日期新增。
"""2026"" ""郸城县"" ""女孩"" ""砍伤""",[2026],"[""全国""]",已检索,,打开相关材料发现具体案发日为2022年8月10日，属旧案重现，未加入2026。
Instalker 李老师 2026年 献忠 事件 汇总,[2026],"[""全国""]",待核,,已检查所命中聚合页：标题和多年份列表混合，上海惠南4/1、南昌4/4、温州4/7、深圳4/10、洛阳4/11位于往年部分，不凭搜索摘要邻接到2026。聚合144等计数不作为全国或本库事件总数。
https://www.mem.gov.cn/xw/yjyw/202605/t20260508_602865.shtml,[2026],"[""全国""]",已检索,,5月4日浏阳烟花厂爆炸材料指生产安全事故，未见主动袭击；未新建随机伤人事件。
https://www.reddit.com/r/LOOK_CHINA/comments/1uhnk2g/,[2026],"[""全国""]",访问失败,,检索标题保存6月27日寿县幼儿园待核线索；正文不可读，定向检索未查得原始记录，不补造伤亡。
2026年7月 持刀 砍人 随机 袭击 通报,[2026],"[""全国""]",已检索,,本轮实际网页检索，范围限定2026-07-01至2026-09-16；命中经日期、地点、同案去重后对应new_events或event_updates。未命中不代表不存在；未将外地／往年／同源转发累加。
2026年8月 持刀 砍人 随机 袭击 通报,[2026],"[""全国""]",已检索,,本轮实际网页检索，范围限定2026-07-01至2026-09-16；命中经日期、地点、同案去重后对应new_events或event_updates。未命中不代表不存在；未将外地／往年／同源转发累加。
2026年9月 持刀 砍人 随机 袭击 通报,[2026],"[""全国""]",已检索,,本轮实际网页检索，范围限定2026-07-01至2026-09-16；命中经日期、地点、同案去重后对应new_events或event_updates。未命中不代表不存在；未将外地／往年／同源转发累加。
"site:x.com/whyyoutouzhele ""2026"" (""持刀"" OR ""撞人"" OR ""纵火"")",[2026],"[""全国""]",已检索,,本轮实际网页检索，范围限定2026-07-01至2026-09-16；命中经日期、地点、同案去重后对应new_events或event_updates。未命中不代表不存在；未将外地／往年／同源转发累加。
"""2026"" ""7月"" ""撞人""",[2026],"[""全国""]",已检索,,本轮实际网页检索，范围限定2026-07-01至2026-09-16；命中经日期、地点、同案去重后对应new_events或event_updates。未命中不代表不存在；未将外地／往年／同源转发累加。
"""2026"" ""8月"" ""撞人""",[2026],"[""全国""]",已检索,,本轮实际网页检索，范围限定2026-07-01至2026-09-16；命中经日期、地点、同案去重后对应new_events或event_updates。未命中不代表不存在；未将外地／往年／同源转发累加。
"""2026"" ""9月"" ""撞人""",[2026],"[""全国""]",已检索,,本轮实际网页检索，范围限定2026-07-01至2026-09-16；命中经日期、地点、同案去重后对应new_events或event_updates。未命中不代表不存在；未将外地／往年／同源转发累加。
"""2026"" ""7月"" (""纵火"" OR ""爆炸"") ""警方""",[2026],"[""全国""]",已检索,,本轮实际网页检索，范围限定2026-07-01至2026-09-16；命中经日期、地点、同案去重后对应new_events或event_updates。未命中不代表不存在；未将外地／往年／同源转发累加。
"""2026年7月"" ""持刀伤人"" -台湾 -台北 -台南",[2026],"[""全国""]",已检索,,本轮实际网页检索，范围限定2026-07-01至2026-09-16；命中经日期、地点、同案去重后对应new_events或event_updates。未命中不代表不存在；未将外地／往年／同源转发累加。
"""2026年8月"" ""持刀伤人"" -台湾 -台北 -台南",[2026],"[""全国""]",已检索,,本轮实际网页检索，范围限定2026-07-01至2026-09-16；命中经日期、地点、同案去重后对应new_events或event_updates。未命中不代表不存在；未将外地／往年／同源转发累加。
"""2026年9月"" ""持刀伤人"" -广州 -台湾 -台北 -台南",[2026],"[""全国""]",已检索,,本轮实际网页检索，范围限定2026-07-01至2026-09-16；命中经日期、地点、同案去重后对应new_events或event_updates。未命中不代表不存在；未将外地／往年／同源转发累加。
"site:twstalker.com/whyyoutouzhele ""2026"" ""砍人""",[2026],"[""全国""]",已检索,,本轮实际网页检索，范围限定2026-07-01至2026-09-16；命中经日期、地点、同案去重后对应new_events或event_updates。未命中不代表不存在；未将外地／往年／同源转发累加。
"""2026"" ""9月4日"" ""锦旗"" 医生",[2026],"[""全国""]",已检索,,本轮实际网页检索，范围限定2026-07-01至2026-09-16；命中经日期、地点、同案去重后对应new_events或event_updates。未命中不代表不存在；未将外地／往年／同源转发累加。
"""2026"" ""7月"" ""无差别"" 中国",[2026],"[""全国""]",已检索,,本轮实际网页检索，范围限定2026-07-01至2026-09-16；命中经日期、地点、同案去重后对应new_events或event_updates。未命中不代表不存在；未将外地／往年／同源转发累加。
"""2026"" ""8月"" ""无差别"" 中国",[2026],"[""全国""]",已检索,,本轮实际网页检索，范围限定2026-07-01至2026-09-16；命中经日期、地点、同案去重后对应new_events或event_updates。未命中不代表不存在；未将外地／往年／同源转发累加。
"""2026"" ""9月"" (""纵火"" OR ""爆炸"") ""中国""",[2026],"[""全国""]",已检索,,本轮实际网页检索，范围限定2026-07-01至2026-09-16；命中经日期、地点、同案去重后对应new_events或event_updates。未命中不代表不存在；未将外地／往年／同源转发累加。
"""贵州"" ""锦旗"" ""现代快报"" ""2026""",[2026],"[""全国""]",已检索,,本轮实际网页检索，范围限定2026-07-01至2026-09-16；命中经日期、地点、同案去重后对应new_events或event_updates。未命中不代表不存在；未将外地／往年／同源转发累加。
"""贵州"" ""胡某某"" ""9月6日"" ""2026""",[2026],"[""全国""]",已检索,,本轮实际网页检索，范围限定2026-07-01至2026-09-16；命中经日期、地点、同案去重后对应new_events或event_updates。未命中不代表不存在；未将外地／往年／同源转发累加。
"site:twstalker.com ""whyyoutouzhele"" ""7月"" ""持刀""",[2026],"[""全国""]",已检索,,本轮实际网页检索，范围限定2026-07-01至2026-09-16；命中经日期、地点、同案去重后对应new_events或event_updates。未命中不代表不存在；未将外地／往年／同源转发累加。
"site:twstalker.com ""whyyoutouzhele"" ""8月"" ""持刀""",[2026],"[""全国""]",已检索,,本轮实际网页检索，范围限定2026-07-01至2026-09-16；命中经日期、地点、同案去重后对应new_events或event_updates。未命中不代表不存在；未将外地／往年／同源转发累加。
"site:x.com/whyyoutouzhele ""7月"" ""2026"" ""伤人""",[2026],"[""全国""]",已检索,,本轮实际网页检索，范围限定2026-07-01至2026-09-16；命中经日期、地点、同案去重后对应new_events或event_updates。未命中不代表不存在；未将外地／往年／同源转发累加。
"site:x.com/whyyoutouzhele ""8月"" ""2026"" ""袭击""",[2026],"[""全国""]",已检索,,本轮实际网页检索，范围限定2026-07-01至2026-09-16；命中经日期、地点、同案去重后对应new_events或event_updates。未命中不代表不存在；未将外地／往年／同源转发累加。
"site:twstalker.com ""whyyoutouzhele"" ""9月"" ""持刀伤人事件""",[2026],"[""全国""]",已检索,,本轮实际网页检索，范围限定2026-07-01至2026-09-16；命中经日期、地点、同案去重后对应new_events或event_updates。未命中不代表不存在；未将外地／往年／同源转发累加。
"""2026"" ""7月"" ""砍人"" ""中国""",[2026],"[""全国""]",已检索,,本轮实际网页检索，范围限定2026-07-01至2026-09-16；命中经日期、地点、同案去重后对应new_events或event_updates。未命中不代表不存在；未将外地／往年／同源转发累加。
"""2026"" ""第三季度"" ""见义勇为"" ""持刀""",[2026],"[""全国""]",已检索,,本轮实际网页检索，范围限定2026-07-01至2026-09-16；命中经日期、地点、同案去重后对应new_events或event_updates。未命中不代表不存在；未将外地／往年／同源转发累加。
"""2026"" ""于荣先"" ""歹徒""",[2026],"[""全国""]",已检索,,本轮实际网页检索，范围限定2026-07-01至2026-09-16；命中经日期、地点、同案去重后对应new_events或event_updates。未命中不代表不存在；未将外地／往年／同源转发累加。
"""2026"" ""7月"" ""纵火"" ""报复""",[2026],"[""全国""]",已检索,,本轮实际网页检索，范围限定2026-07-01至2026-09-16；命中经日期、地点、同案去重后对应new_events或event_updates。未命中不代表不存在；未将外地／往年／同源转发累加。
"""2026"" ""8月"" ""纵火"" ""报复""",[2026],"[""全国""]",已检索,,本轮实际网页检索，范围限定2026-07-01至2026-09-16；命中经日期、地点、同案去重后对应new_events或event_updates。未命中不代表不存在；未将外地／往年／同源转发累加。
"""2026"" ""于荣先"" ""划伤""",[2026],"[""全国""]",已检索,,本轮实际网页检索，范围限定2026-07-01至2026-09-16；命中经日期、地点、同案去重后对应new_events或event_updates。未命中不代表不存在；未将外地／往年／同源转发累加。
"""2026"" ""7月17日"" ""平江"" ""纵火""",[2026],"[""全国""]",已检索,,本轮实际网页检索，范围限定2026-07-01至2026-09-16；命中经日期、地点、同案去重后对应new_events或event_updates。未命中不代表不存在；未将外地／往年／同源转发累加。
"""2026"" ""西平"" ""7月30日"" ""通报""",[2026],"[""全国""]",已检索,,本轮实际网页检索，范围限定2026-07-01至2026-09-16；命中经日期、地点、同案去重后对应new_events或event_updates。未命中不代表不存在；未将外地／往年／同源转发累加。
"""2026"" ""9月"" ""定兴"" ""外卖员"" ""砍刀""",[2026],"[""全国""]",已检索,,本轮实际网页检索，范围限定2026-07-01至2026-09-16；命中经日期、地点、同案去重后对应new_events或event_updates。未命中不代表不存在；未将外地／往年／同源转发累加。
"""于荣先"" ""青海政法""",[2026],"[""全国""]",已检索,,本轮实际网页检索，范围限定2026-07-01至2026-09-16；命中经日期、地点、同案去重后对应new_events或event_updates。未命中不代表不存在；未将外地／往年／同源转发累加。
"""于荣先"" ""摊主""",[2026],"[""全国""]",已检索,,本轮实际网页检索，范围限定2026-07-01至2026-09-16；命中经日期、地点、同案去重后对应new_events或event_updates。未命中不代表不存在；未将外地／往年／同源转发累加。
"""2026"" ""9月"" ""爆炸"" ""泄愤""",[2026],"[""全国""]",已检索,,本轮实际网页检索，范围限定2026-07-01至2026-09-16；命中经日期、地点、同案去重后对应new_events或event_updates。未命中不代表不存在；未将外地／往年／同源转发累加。
"""2026"" ""8月"" ""爆炸"" ""报复""",[2026],"[""全国""]",已检索,,本轮实际网页检索，范围限定2026-07-01至2026-09-16；命中经日期、地点、同案去重后对应new_events或event_updates。未命中不代表不存在；未将外地／往年／同源转发累加。
"""于荣先"" site:qh.chinanews.com.cn",[2026],"[""全国""]",已检索,,本轮实际网页检索，范围限定2026-07-01至2026-09-16；命中经日期、地点、同案去重后对应new_events或event_updates。未命中不代表不存在；未将外地／往年／同源转发累加。
"""于荣先"" site:qhnews.com",[2026],"[""全国""]",已检索,,本轮实际网页检索，范围限定2026-07-01至2026-09-16；命中经日期、地点、同案去重后对应new_events或event_updates。未命中不代表不存在；未将外地／往年／同源转发累加。
"""于荣先"" site:news.cn",[2026],"[""全国""]",已检索,,本轮实际网页检索，范围限定2026-07-01至2026-09-16；命中经日期、地点、同案去重后对应new_events或event_updates。未命中不代表不存在；未将外地／往年／同源转发累加。
"""于荣先"" ""北小街""",[2026],"[""全国""]",已检索,,本轮实际网页检索，范围限定2026-07-01至2026-09-16；命中经日期、地点、同案去重后对应new_events或event_updates。未命中不代表不存在；未将外地／往年／同源转发累加。
"""2026"" ""7月"" ""献忠"" -site:reddit.com",[2026],"[""全国""]",已检索,,本轮实际网页检索，范围限定2026-07-01至2026-09-16；命中经日期、地点、同案去重后对应new_events或event_updates。未命中不代表不存在；未将外地／往年／同源转发累加。
"""2026"" ""8月"" ""献忠"" -site:reddit.com",[2026],"[""全国""]",已检索,,本轮实际网页检索，范围限定2026-07-01至2026-09-16；命中经日期、地点、同案去重后对应new_events或event_updates。未命中不代表不存在；未将外地／往年／同源转发累加。
"""2026"" ""9月"" ""献忠"" -广州 -site:reddit.com",[2026],"[""全国""]",已检索,,本轮实际网页检索，范围限定2026-07-01至2026-09-16；命中经日期、地点、同案去重后对应new_events或event_updates。未命中不代表不存在；未将外地／往年／同源转发累加。
"""2026"" ""玉林"" ""8月20日"" ""伤害""",[2026],"[""全国""]",已检索,,本轮实际网页检索，范围限定2026-07-01至2026-09-16；命中经日期、地点、同案去重后对应new_events或event_updates。未命中不代表不存在；未将外地／往年／同源转发累加。
"""2026"" ""晋江"" ""鞋厂"" ""纵火""",[2026],"[""全国""]",已检索,,本轮实际网页检索，范围限定2026-07-01至2026-09-16；命中经日期、地点、同案去重后对应new_events或event_updates。未命中不代表不存在；未将外地／往年／同源转发累加。
"""2026"" ""8月"" ""报复社会""",[2026],"[""全国""]",已检索,,本轮实际网页检索，范围限定2026-07-01至2026-09-16；命中经日期、地点、同案去重后对应new_events或event_updates。未命中不代表不存在；未将外地／往年／同源转发累加。
"""2026"" ""7月"" ""报复社会""",[2026],"[""全国""]",已检索,,本轮实际网页检索，范围限定2026-07-01至2026-09-16；命中经日期、地点、同案去重后对应new_events或event_updates。未命中不代表不存在；未将外地／往年／同源转发累加。
"""2026"" ""9月"" ""报复社会"" -广州",[2026],"[""全国""]",已检索,,本轮实际网页检索，范围限定2026-07-01至2026-09-16；命中经日期、地点、同案去重后对应new_events或event_updates。未命中不代表不存在；未将外地／往年／同源转发累加。
"""2026"" ""锦屏"" ""8月17日"" ""通报""",[2026],"[""全国""]",已检索,,本轮实际网页检索，范围限定2026-07-01至2026-09-16；命中经日期、地点、同案去重后对应new_events或event_updates。未命中不代表不存在；未将外地／往年／同源转发累加。
"""2026"" ""辉腾鞋业"" ""火灾"" ""通报""",[2026],"[""全国""]",已检索,,本轮实际网页检索，范围限定2026-07-01至2026-09-16；命中经日期、地点、同案去重后对应new_events或event_updates。未命中不代表不存在；未将外地／往年／同源转发累加。
"""2026"" ""7月16日"" ""晋江"" ""火灾""",[2026],"[""全国""]",已检索,,本轮实际网页检索，范围限定2026-07-01至2026-09-16；命中经日期、地点、同案去重后对应new_events或event_updates。未命中不代表不存在；未将外地／往年／同源转发累加。
"""2026"" ""西平县"" ""7·30""",[2026],"[""全国""]",已检索,,本轮实际网页检索，范围限定2026-07-01至2026-09-16；命中经日期、地点、同案去重后对应new_events或event_updates。未命中不代表不存在；未将外地／往年／同源转发累加。
"""2026"" ""锦屏"" ""刘某"" ""失控""",[2026],"[""全国""]",已检索,,本轮实际网页检索，范围限定2026-07-01至2026-09-16；命中经日期、地点、同案去重后对应new_events或event_updates。未命中不代表不存在；未将外地／往年／同源转发累加。
"""2026"" ""7月15日"" ""莆田"" ""纵火""",[2026],"[""全国""]",已检索,,本轮实际网页检索，范围限定2026-07-01至2026-09-16；命中经日期、地点、同案去重后对应new_events或event_updates。未命中不代表不存在；未将外地／往年／同源转发累加。
"""2026"" ""玉州"" ""8月21日"" ""警情通报""",[2026],"[""全国""]",已检索,,本轮实际网页检索，范围限定2026-07-01至2026-09-16；命中经日期、地点、同案去重后对应new_events或event_updates。未命中不代表不存在；未将外地／往年／同源转发累加。
"""2026"" ""杭州"" ""7月13日"" ""甜品店""",[2026],"[""全国""]",已检索,,本轮实际网页检索，范围限定2026-07-01至2026-09-16；命中经日期、地点、同案去重后对应new_events或event_updates。未命中不代表不存在；未将外地／往年／同源转发累加。
"""莆田"" ""7月15日"" ""纵火"" ""新京报""",[2026],"[""全国""]",已检索,,本轮实际网页检索，范围限定2026-07-01至2026-09-16；命中经日期、地点、同案去重后对应new_events或event_updates。未命中不代表不存在；未将外地／往年／同源转发累加。
"""锦屏"" ""8月17日"" ""事故"" ""2026""",[2026],"[""全国""]",已检索,,本轮实际网页检索，范围限定2026-07-01至2026-09-16；命中经日期、地点、同案去重后对应new_events或event_updates。未命中不代表不存在；未将外地／往年／同源转发累加。
"""2026"" ""7月"" ""校园"" ""持刀""",[2026],"[""全国""]",已检索,,本轮实际网页检索，范围限定2026-07-01至2026-09-16；命中经日期、地点、同案去重后对应new_events或event_updates。未命中不代表不存在；未将外地／往年／同源转发累加。
"""2026"" ""8月"" ""学校"" ""持刀""",[2026],"[""全国""]",已检索,,本轮实际网页检索，范围限定2026-07-01至2026-09-16；命中经日期、地点、同案去重后对应new_events或event_updates。未命中不代表不存在；未将外地／往年／同源转发累加。
"""2026"" ""7月15日"" ""莆田"" ""人为纵火""",[2026],"[""全国""]",已检索,,本轮实际网页检索，范围限定2026-07-01至2026-09-16；命中经日期、地点、同案去重后对应new_events或event_updates。未命中不代表不存在；未将外地／往年／同源转发累加。
"""2026"" ""锦屏"" ""8月17日"" ""车辆失控""",[2026],"[""全国""]",已检索,,本轮实际网页检索，范围限定2026-07-01至2026-09-16；命中经日期、地点、同案去重后对应new_events或event_updates。未命中不代表不存在；未将外地／往年／同源转发累加。
"""2026"" ""9月8日"" ""合肥"" ""纵火""",[2026],"[""全国""]",已检索,,本轮实际网页检索，范围限定2026-07-01至2026-09-16；命中经日期、地点、同案去重后对应new_events或event_updates。未命中不代表不存在；未将外地／往年／同源转发累加。
"""2026"" ""7月14日"" ""古雷"" ""拾荒"" ""原因""",[2026],"[""全国""]",已检索,,本轮实际网页检索，范围限定2026-07-01至2026-09-16；命中经日期、地点、同案去重后对应new_events或event_updates。未命中不代表不存在；未将外地／往年／同源转发累加。
"""2026"" ""莆田"" ""烟花"" ""新京报"" ""7月15日""",[2026],"[""全国""]",已检索,,本轮实际网页检索，范围限定2026-07-01至2026-09-16；命中经日期、地点、同案去重后对应new_events或event_updates。未命中不代表不存在；未将外地／往年／同源转发累加。
"""2026"" ""古雷"" ""洪某"" ""张某"" ""纠纷""",[2026],"[""全国""]",已检索,,本轮实际网页检索，范围限定2026-07-01至2026-09-16；命中经日期、地点、同案去重后对应new_events或event_updates。未命中不代表不存在；未将外地／往年／同源转发累加。
"""2026"" ""9月8日"" ""蚌埠"" ""高华"" ""火灾""",[2026],"[""全国""]",已检索,,本轮实际网页检索，范围限定2026-07-01至2026-09-16；命中经日期、地点、同案去重后对应new_events或event_updates。未命中不代表不存在；未将外地／往年／同源转发累加。
"""2026"" ""7月26日"" ""玉屏山"" ""纵火""",[2026],"[""全国""]",已检索,,本轮实际网页检索，范围限定2026-07-01至2026-09-16；命中经日期、地点、同案去重后对应new_events或event_updates。未命中不代表不存在；未将外地／往年／同源转发累加。
"site:x.com/whyyoutouzhele/status/ ""2026"" ""7月27日""",[2026],"[""全国""]",已检索,,本轮实际网页检索，范围限定2026-07-01至2026-09-16；命中经日期、地点、同案去重后对应new_events或event_updates。未命中不代表不存在；未将外地／往年／同源转发累加。
"site:twstalker.com/whyyoutouzhele ""7月"" ""砍""",[2026],"[""全国""]",已检索,,本轮实际网页检索，范围限定2026-07-01至2026-09-16；命中经日期、地点、同案去重后对应new_events或event_updates。未命中不代表不存在；未将外地／往年／同源转发累加。
"site:twstalker.com/whyyoutouzhele ""8月"" ""撞""",[2026],"[""全国""]",已检索,,本轮实际网页检索，范围限定2026-07-01至2026-09-16；命中经日期、地点、同案去重后对应new_events或event_updates。未命中不代表不存在；未将外地／往年／同源转发累加。
"site:sotwe.com ""whyyoutouzhele"" ""9月14日""",[2026],"[""全国""]",已检索,,本轮实际网页检索，范围限定2026-07-01至2026-09-16；命中经日期、地点、同案去重后对应new_events或event_updates。未命中不代表不存在；未将外地／往年／同源转发累加。
"""2026"" ""8月2日"" ""青岛"" ""仓库"" ""火灾""",[2026],"[""全国""]",已检索,,本轮实际网页检索，范围限定2026-07-01至2026-09-16；命中经日期、地点、同案去重后对应new_events或event_updates。未命中不代表不存在；未将外地／往年／同源转发累加。
"""2026"" ""9月8日"" ""合肥"" ""乌鲁木齐路""",[2026],"[""全国""]",已检索,,本轮实际网页检索，范围限定2026-07-01至2026-09-16；命中经日期、地点、同案去重后对应new_events或event_updates。未命中不代表不存在；未将外地／往年／同源转发累加。
"""2026"" ""玉屏山"" ""7月26日"" ""通报""",[2026],"[""全国""]",已检索,,本轮实际网页检索，范围限定2026-07-01至2026-09-16；命中经日期、地点、同案去重后对应new_events或event_updates。未命中不代表不存在；未将外地／往年／同源转发累加。
"""于荣先"" ""劝阻"" ""划伤""",[2026],"[""全国""]",已检索,,本轮实际网页检索，范围限定2026-07-01至2026-09-16；命中经日期、地点、同案去重后对应new_events或event_updates。未命中不代表不存在；未将外地／往年／同源转发累加。
"""2026"" ""7月26日"" ""玉屏山"" site:news.cctv.cn",[2026],"[""全国""]",已检索,,本轮实际网页检索，范围限定2026-07-01至2026-09-16；命中经日期、地点、同案去重后对应new_events或event_updates。未命中不代表不存在；未将外地／往年／同源转发累加。
"""2026"" ""7月"" ""爆炸"" ""持刀"" ""见义勇为""",[2026],"[""全国""]",已检索,,本轮实际网页检索，范围限定2026-07-01至2026-09-16；命中经日期、地点、同案去重后对应new_events或event_updates。未命中不代表不存在；未将外地／往年／同源转发累加。
"""2026"" ""8月"" ""学校"" ""行凶""",[2026],"[""全国""]",已检索,,本轮实际网页检索，范围限定2026-07-01至2026-09-16；命中经日期、地点、同案去重后对应new_events或event_updates。未命中不代表不存在；未将外地／往年／同源转发累加。
"""2026"" ""9月"" ""医院"" ""随机"" -广州 -site:reddit.com",[2026],"[""全国""]",已检索,,本轮实际网页检索，范围限定2026-07-01至2026-09-16；命中经日期、地点、同案去重后对应new_events或event_updates。未命中不代表不存在；未将外地／往年／同源转发累加。
"""2026年"" ""玉屏山"" ""14时30分""",[2026],"[""全国""]",已检索,,本轮实际网页检索，范围限定2026-07-01至2026-09-16；命中经日期、地点、同案去重后对应new_events或event_updates。未命中不代表不存在；未将外地／往年／同源转发累加。
"""2026"" ""烟花爆竹仓库"" ""灵川镇"" ""纵火""",[2026],"[""全国""]",已检索,,本轮实际网页检索，范围限定2026-07-01至2026-09-16；命中经日期、地点、同案去重后对应new_events或event_updates。未命中不代表不存在；未将外地／往年／同源转发累加。
"""2026"" ""茂名"" ""8月19日"" ""警方"" ""伤人""",[2026],"[""全国""]",已检索,,本轮实际网页检索，范围限定2026-07-01至2026-09-16；命中经日期、地点、同案去重后对应new_events或event_updates。未命中不代表不存在；未将外地／往年／同源转发累加。
"""2026"" ""厦门"" ""7月11日"" ""警方""",[2026],"[""全国""]",已检索,,本轮实际网页检索，范围限定2026-07-01至2026-09-16；命中经日期、地点、同案去重后对应new_events或event_updates。未命中不代表不存在；未将外地／往年／同源转发累加。
"""福建莆田"" ""烟花爆竹"" ""2026-07-15"" ""纵火"" -site:sohu.com",[2026],"[""全国""]",已检索,,本轮实际网页检索，范围限定2026-07-01至2026-09-16；命中经日期、地点、同案去重后对应new_events或event_updates。未命中不代表不存在；未将外地／往年／同源转发累加。
"""玉林"" ""2026"" ""8月20日"" ""新唐人""",[2026],"[""全国""]",已检索,,本轮实际网页检索，范围限定2026-07-01至2026-09-16；命中经日期、地点、同案去重后对应new_events或event_updates。未命中不代表不存在；未将外地／往年／同源转发累加。
"""玉屏山"" ""2026-07-26"" ""通报""",[2026],"[""全国""]",已检索,,本轮实际网页检索，范围限定2026-07-01至2026-09-16；命中经日期、地点、同案去重后对应new_events或event_updates。未命中不代表不存在；未将外地／往年／同源转发累加。
"""玉屏山"" ""2026"" ""火情通报""",[2026],"[""全国""]",已检索,,本轮实际网页检索，范围限定2026-07-01至2026-09-16；命中经日期、地点、同案去重后对应new_events或event_updates。未命中不代表不存在；未将外地／往年／同源转发累加。
"检索覆盖汇总（非单条查询）：""2026"" ""西宁"" ""于荣先"" ""摊主"" ""制止""",[2026],"[""全国""]",已检索,,本轮实际网页检索，范围限定2026-07-01至2026-09-16；命中经日期、地点、同案去重后对应new_events或event_updates。未命中不代表不存在；未将外地／往年／同源转发累加。
检索覆盖汇总（非单条查询）：广州9月14日大学城／小谷围／GOGO新天地／广东工业大学西区食堂，官方与X镜像追溯,[2026],"[""广东""]",已检索,1,确认与C024同案；公安原文、财新公开导语、Sotwe正文可见。HK01主要引网图，ruibao.news打开失败，Epoch记者稿通过镜像搜索见摘要但原文与镜像均未成功，不算已核实独立证据。
检索覆盖汇总（非单条查询）：X原帖检索及短链解析：t.co/f2ShrfgI6V、t.co/VMiz4obeGv、pic.twitter.com/DzeH5U8DlP,[2026],"[""广东"", ""江苏""]",访问失败,2,短链安全错误；文学城X日期链接返回Internal Error，无status ID。仅保留实际得到的链接，不用时间推算、伪造status URL。
检索覆盖汇总（非单条查询）：TwStalker／Sotwe／X读取及浏览器复核,[2026],"[""全国""]",已检索,,web工具可读www.sotwe.com/whyyoutouzhele及w.twstalker.com/whyyoutouzhele正文；TwStalker当前时间线不断变化。Python直接HTTP403；浏览器TwStalker停安全验证，没有尝试绕过。X三个已恢复status分别为空页或403。
检索覆盖汇总（非单条查询）：于荣先＋摊主／劝架／两人划伤／人民日报／青海政法／见义勇为,[2026],"[""青海""]",已检索,1,成功取得多源采访与警方转引；原C041更新expanded。青海新闻网030602062及030602063打开重定向循环，Sohu青科新闻超时，仅辅助检索，不以访问失败页独立定案。
检索覆盖汇总（非单条查询）：2026年第三季度见义勇为勇士榜／7月8月9月地方见义勇为持刀伤人,[2026],"[""全国""]",已检索,,检出7月9日发布的第二季度榜，其案发属Q2，未列Q3新案。未查得覆盖截至9月16日的完整第三季度全国榜；补查于荣先地方认定。
检索覆盖汇总（非单条查询）：厦门7月11日东浦路／汕头8月18日陈厝合／茂名8月19日电城海景明珠＋警方通报,[2026],"[""福建"", ""广东""]",待核,3,未查得可直接对应三案的官方或独立现场采访；搜索有泛化、旧闻及色情站结果，未将后者作为可靠佐证；三条线索均保留。
检索覆盖汇总（非单条查询）：莆田7月15日灵川烟花仓库＋新京报；洪雅7月26日玉屏山＋通报,[2026],"[""福建"", ""四川""]",访问失败,2,金羊网返回空正文，新京报搜狐号Cache miss；中国网中新网洪雅稿Internal Error。搜索缓存短稿可读，事件及来源明确标注缓存层次。
检索覆盖汇总（非单条查询）：2026年7月／8月／9月＋纵火／爆炸／报复社会／献忠，回查通报,[2026],"[""全国""]",已检索,,保留晋江两火灾、莆田、平江、洪雅、青岛、蚌埠、合肥等线索。消防／公司确认火灾不等于确认纵火；没有把伤亡或官方未披露原因作为蓄意证据。
检索覆盖汇总（非单条查询）：2026年7月／8月／9月＋校园／医院／商业区／地铁／驾车撞人,[2026],"[""全国""]",已检索,,群体场景补漏覆盖贵阳医院、广州商区、南京地铁、江苏青少年赛事及锦屏交通事故。泰国、菲律宾校园枪案不在中国大陆范围；检出的旧案判决不按新闻发布日期加到2026。
检索覆盖汇总（非单条查询）：9月发布的深圳工厂纵火审判、福建前男友爆炸案；7月重报郑州宏达车业纵火,[2026],"[""广东"", ""福建"", ""河南""]",已检索,,深圳厂房纵火审判新闻案发2025-10-12；福建前男友爆炸案案发2025-05，均非2026新事件。郑州宏达案发6月19日，线索已转给Q2研究，Q3不重复。
检索覆盖汇总（非单条查询）：李老师9月近期帖：滕州实验中学学生被打、南宁站跳轨、小米试驾事故,[2026],"[""山东"", ""广西""]",待核,,TwStalker搜索缓存出现滕州教师惩戒一学生暴力线索，但只写“近日”、未得到原始日期与通报，保留检索备注供跟进；南宁跳轨为自伤、试驾误踩为事故，不构成当前主动袭击公众样本。
检索覆盖汇总（非单条查询）：唐厝村火灾、于荣先、7月27日乒乓球赛及广州大学城X原帖回溯,[2026],"[""全国""]",已检索,,镜像、嵌入、同稿转载统一按来源链解释。部分帖只保留账号页面且无永久status，access_status明确不足；计数只用于检索覆盖，不是全国事件总量。
