id,url,title,publisher,published_date,accessed_date,type,independence_group,supports,key_facts,body_checked,provenance_note,access_status,replacement_support,note,original_url,published_date_basis
AS001,http://society.people.com.cn/n1/2019/0613/c1008-31135544.html,北京西单大悦城命案被告人一审被判死刑,新华社／人民网,2019-06-13,2026-09-16,法院,AS001,"[""A001""]",北京二中院查明朱纪业因个人不满，预谋后在西单大悦城攻击顾客和员工，造成1死14伤；2019年6月13日一审判处死刑。,True,,,,,,
AS002,https://www.sohu.com/a/228431719_253235,南宁一男子持刀砍人致1死3伤,广西新闻频道／黄河新闻网吕梁搜狐号,2018-04-16,2026-09-16,官方媒体,GXTV20180416,"[""A002""]",完整引述南宁兴宁警方通报1死3伤；记者及目击者称攻击路过母婴及两名阻止者。,True,,,,,,
AS003,https://www.jiemian.com/article/2059754.html,广西南宁男子当街持刀行凶 砍杀无辜路人致一死三伤,广西新闻频道／界面新闻,2018-04-17,2026-09-16,官方媒体,GXTV20180416,"[""A002""]",记者现场核查陌生人袭击母婴及劝阻群众，1死3伤；警方下午4时通报嫌疑人已受控。页面原发4月16日、更新4月17日。,True,,,,,,
AS004,https://appimg.modaily.cn/app/szb/pc/content/201912/25/content_18298.html,英德特大放火案罪犯伏法,澳门日报（中新社、中通社）,2019-12-25,2026-09-16,法院,AS004,"[""A003""]",最高法复核认定18死、1重伤2轻伤，2019年12月24日执行死刑；同篇回顾前期案件另列1轻微伤。由KTV内个人纠纷引发纵火。,True,,,,,,
AS005,https://www.guancha.cn/society/2018_09_27_473563.shtml,陕西米脂砍杀学生案罪犯赵泽伟被执行死刑,观察者网（陕西检察、榆林中院布告）,2018-09-27,2026-09-16,法院,AS005,"[""A004""]",榆林中院布告确认2018年4月27日袭击三中学生，9死12伤；2018年7月10日一审死刑，9月27日执行。,True,,,,,,
AS006,https://www.thepaper.cn/newsDetail_forward_2252877?commTag=true,陕西米脂致学生9死故意杀人案嫌犯赵泽伟一审被判死刑,澎湃新闻（陕西高院）,2018-07-10,2026-09-16,法院,AS006,"[""A004""]",法院认定工作生活不顺、怨恨旧同学，未找到旧同学后改为袭击放学学生；9死，4重伤7轻伤1轻微伤。,True,,,,,,
AS007,https://m.thepaper.cn/newsDetail_forward_2127886?commTag=true,成都再次通报致3人伤闹市车祸：六旬男涉危害公共安全被刑拘,封面新闻／澎湃新闻,2018-05-14,2026-09-16,公安,AS007,"[""A005""]",成都警方通报5月13日人民东路事件，62岁姚某某涉嫌危险方法危害公共安全，3名阻止者受伤且稳定。,True,,,,,,
AS008,https://news.sina.com.cn/c/2019-06-12/doc-ihvhiews8424729.shtml,致7死 河北唐山煤医道撞人案二审维持死刑原判,新京报／新浪（唐山中院、唐山检察院）,2019-06-12,2026-09-16,法院,AS008,"[""A006""]",刘某某2018年6月6日酒后驾车故意冲撞多名行人，7死10伤（2重3轻5轻微），2018年11月28日一审死刑，二审维持。,True,,,,,,
AS009,https://www.spp.gov.cn/spp/gxcxjxfdhmjcgzzwn/201901/t20190126_580457.shtml,西安“6·22公交杀人案”凶犯被判死刑,检察日报／最高人民检察院,2019-01-26,2026-09-16,检察院,AS009,"[""A007""]",法院认定辛海平自称公交车上遭恶意扎针染病，报复乘客和路人，4死7轻伤；1月25日一审死刑。,True,,,,,,
AS010,https://www.yantai.gov.cn/art/2018/6/25/art_44443_2893743.html,烟台市公安局“6.25”叉车伤人事件舆情处置情况,烟台市政府（市公安局）,2018-06-25,2026-09-16,公安,AS010,"[""A008""]",警方通报45岁王志华驾驶叉车在幸福中路冲撞行人，造成1死10余伤，制止无效后被开枪击毙。,True,,,,,,
AS011,https://www.fjdaily.com/app/content/2020-12/03/content_880973.html,上海浦北路杀害小学生案罪犯黄一川被执行死刑,福建日报（上海一中院）,2020-12-03,2026-09-16,法院,AS011,"[""A009""]",黄一川因工作生活不顺，为泄私愤在上海浦北路袭击无辜儿童及家长，2死2轻伤；2020年12月3日执行死刑。,True,,,,,,
AS012,https://www.chinanews.com/m/sh/2018/08-21/8606061.shtml,江苏镇江一男子持刀砍伤5人被抓获 伤者暂无生命危险,中国新闻网,2018-08-21,2026-09-16,公安,AS012,"[""A010""]",镇江润州警方：8月20日百盛家园南门附近，张某持菜刀伤害5名路人，被抓获；5人无生命危险。,True,,,,,,
AS013,https://www.jiemian.com/article/2834177.html,“路虎撞人致15死案”罪犯阳赞云今日被执行死刑,界面新闻（湖南高院）,2019-01-29,2026-09-16,法院,AS013,"[""A011""]",法院认定阳赞云在衡东洣江广场驾车撞击、下车持械攻击人群，15死43伤，2018年12月12日一审死刑，2019年1月29日执行。,True,,,,,,
AS014,https://news.sina.com.cn/c/2019-10-09/doc-iicezuev1016640.shtml,女子与丈夫吵架后为泄私愤连撞8车 一审获刑6年,新京报／新浪（海淀法院）,2019-10-09,2026-09-16,法院,AS014,"[""A012""]",2018年9月12日廖某因家庭争执，在海淀道路肆意冲撞停放及正常行驶车辆，2人受伤；一审有期徒刑6年。,True,,,,,,
AS015,https://m.thepaper.cn/newsDetail_forward_2567185,重庆一幼儿园幼儿做完早操后遭砍伤，警方：暂无人员死亡,澎湃新闻,2018-10-26,2026-09-16,公安,AS015,"[""A013""]",巴南公安负责人确认39岁刘某突然冲入幼儿早操结束后的人群持刀行凶，现场抓获，无死亡。,True,,,,,,
AS016,https://www.zaobao.com.sg/znews/greater-china/story20181027-902405,重庆幼儿园持刀伤人事件,联合早报,2018-10-27,2026-09-16,独立媒体,AS016,"[""A013""]",现场记者及官方信息报道14名幼儿受伤，部分伤势严重，袭击者39岁女性。,True,,,,,,
AS017,http://society.people.com.cn/n1/2018/1102/c1008-30378646.html,重庆万州公交车坠江原因公布：乘客与司机激烈争执互殴致车辆失控,人民日报客户端／人民网（调查通报）,2018-11-02,2026-09-16,公安,AS017,"[""A014""]",调查确认乘客与司机互殴导致公交车失控坠江，15名驾乘人员，已打捞13具遗体；无证据表明主动随机袭击其他乘客。,True,,,,,,
AS018,https://www.sohu.com/a/325744303_428290,辽宁葫芦岛“驾轿车撞学生致6死20伤”案一审宣判,央视网／搜狐,2019-07-09,2026-09-16,法院,AS018,"[""A015""]",葫芦岛中院对韩继华判死刑。2018年11月22日因经济、婚姻等不满，驾车冲撞学生队伍，6死20伤。,True,,,,,,
AS019,https://m.thepaper.cn/newsDetail_forward_9611626,四川夹江公交车爆炸案被告人死缓，曾因认为判轻要求立即执行死刑,环球时报／澎湃（川观新闻、裁判文书）,2020-10-18,2026-09-16,法院,AS019,"[""A016""]",2018年12月5日卢仕兵在夹江公交车上引爆爆炸物；法院列1重伤、8轻伤、7轻微伤及其他多人受伤。一审2019年11月15日死缓限制减刑，二审维持。,True,,,,,,
AS020,https://mil.sina.cn/2019-01-29/detail-ihqfskcp1570856.d.html,福建龙岩男子持刀杀人并劫持公交车撞人致8死25伤 一审获死刑,环球时报／新浪,2019-01-29,2026-09-16,法院,Longyan_court_20190128,"[""A017""]",龙岩中院2019年1月28日一审对邱日辉判死刑；2018年12月25日先持刀袭击，继而劫持公交车沿街冲撞，共8死25伤。,True,,,,,,
AS021,https://xinwen.bjd.com.cn/content/s5c34b096e4b03ea0f24ba7bf.html,西城区宣师一附小伤害学生事件新闻发布会,北京日报客户端（北京西城）,2019-01-08,2026-09-16,公安,AS021,"[""A018""]",发布会说明49岁劳务人员贾某因维修合同问题不满，在学校伤害20名学生，3人伤势较重，均无生命危险，现场控制。,True,,,,,,
AS022,https://www.thepaper.cn/newsDetail_forward_2854233,广东东莞虎门一男子持刀伤人致1死8伤，嫌疑人被抓获,澎湃新闻,2019-01-15,2026-09-16,公安,AS022,"[""A019""]",东莞虎门怀德社区1月14日覃某高持刀伤人，1死8伤；警方排除涉恐，嫌疑人被抓，动机在查。,True,,,,,,
AS023,https://m.cqcb.com/headline/2019-01-15/1381406.html,福州持刀伤人事件续报：1人死亡19人受伤,福州新闻网／上游新闻,2019-01-15,2026-09-16,公安,AS023,"[""A020""]",警方续报48岁侯某锋因与前妻及其男友纠纷，行凶后逃跑中伤害路人并抢电动车，1死19伤；后跳河下落不明。,True,,,,,,
AS024,https://www.peopleapp.com/column/30036589131-500001627515,江西吉安发生砍人案致11伤 嫌疑人已被控制,人民日报客户端（吉安公安）,2019-02-21,2026-09-16,公安,AS024,"[""A021""]",警方通报郭开滨33岁在韶山西路持刀伤人，11人受伤，包括学生及辅警，警方和群众控制嫌疑人。,True,,,,,,
AS025,https://www.rfa.org/cantonese/news/chop-02212019054320.html,江西中學外斬人11傷 警員途人合力制服疑精神病男子,自由亚洲电台,2019-02-21,2026-09-16,独立媒体,AS025,"[""A021""]",据警方及现场商户、目击者材料报道在吉安八中外袭击学生及途人，群众追赶数百米并制服。,True,,,,,,
AS026,https://www.secretchina.com/news/gb/2019/03/14/887394.html,唐山当街乱砍 疑犯双手染血 传17学童受伤,看中国,2019-03-14,2026-09-16,独立媒体,AS026,"[""A022""]",引述官方通报3月14日13时26分丰润光华道小学附近伤害学生、嫌疑人54岁崔振江被控制；17伤来自网传，非通报数字。,True,,,,,,
AS027,https://news.sina.com.cn/c/2019-03-22/doc-ihtxyzsk9594100.shtml,男子驾车冲撞路人致6死8伤续：伤者全力抢救中,新京报／新浪（枣阳市政府）,2019-03-22,2026-09-16,公安,AS027,"[""A023""]",市政府通报44岁餐馆店主崔立冬伤害妻女后驾车冲撞行人，6名受害人死亡、8伤，嫌疑人被击毙。,True,,,,,,
AS028,https://www.jiemian.com/article/3870778.html,裁判文书网公布湖南宁远一小学伤害案判决书，校长和门卫获刑,界面新闻,2020-01-13,2026-09-16,法院,AS028,"[""A024""]",援引校长门卫涉案裁判：2019年4月3日郑艳军袭击小学学生，2死2伤；精神分裂症现症期、限制刑事责任能力。多轮校园安防检查指出的问题未整改。,True,,,,,,
AS029,https://www.sdcourt.gov.cn/dykfqfy/397053/397093/6018718/index.html,厦门中院一审宣判两起故意杀人案,中国法院网／东营经济技术开发区法院,2020-04-17,2026-09-16,法院,AS029,"[""A025"", ""A043""]",厦门中院2020年4月10日分别判处彭某、王某死刑。彭某2019年4月30日随机袭击女子致1死1轻微伤；王某2018年3月20日袭击前女友和其姐姐致1死1轻伤。,True,,,,,,
AS030,https://jx.cnr.cn/2011jxfw/qysc/20200604/t20200604_525117107.shtml,死刑！南昌红谷滩杀人案二审公开宣判,央广网（江西高院）,2020-06-04,2026-09-16,法院,AS030,"[""A026""]",2019年5月24日万某弟在凤凰中大道尾随陌生女性并杀害其中一人；精神鉴定双相障碍缓解期、完全刑责；2020年6月4日二审维持死刑。,True,,,,,,
AS031,https://www.sohu.com/a/331744741_120107970,重庆18岁男子杀害无辜路人，受害者家属放弃民事赔偿望重判,澎湃新闻／搜狐城市重庆,2019-08-06,2026-09-16,公安,AS031,"[""A027""]",警方8月1日通报：7月31日18岁甘某找前女友未果，持刀刺死小区车库无关女子后逃跑，被抓获。,True,,,,,,
AS032,https://www.sohu.com/a/363216178_260616,湖北恩施致8名学生死亡案罪犯于华被执行死刑,澎湃新闻（中国硒都网）／搜狐,2019-12-27,2026-09-16,法院,AS032,"[""A028""]",恩施中院布告：2019年9月2日朝阳坡小学袭击致8死2伤；于华2019年11月4日一审死刑，未上诉，12月27日执行。,True,,,,,,
AS033,https://www.jfdaily.com/wx/detail.do?id=188132,云南开远一男子进入幼儿园喷洒腐蚀性液体，54名师生受伤,上观新闻（开远市委宣传部通报）,2019-11-12,2026-09-16,公安,AS033,"[""A029""]",2019年11月11日23岁孔某涵向东城幼儿园师生喷洒腐蚀性液体，51幼儿及3教师受伤；警方通报供述因成长及生活不顺报复社会。,True,,,,,,
AS034,https://www.guancha.cn/politics/2019_12_06_527626.shtml,北京马家堡一男子盗开车辆肇事，致2死7伤,观察者网（北京交警）,2019-12-06,2026-09-16,公安,AS034,"[""A030""]",警方通报57岁何某盗开工程救险车，在马家堡等路段撞击车辆行人，2死7伤，后被拦截控制。,True,,,,,,
AS035,https://news.sina.com.cn/s/2019-12-25/doc-iihnzahi9757035.shtml,疑上海警方开枪处置事件中误伤的路人 还在ICU,津云／新浪,2019-12-25,2026-09-16,独立媒体,AS035,"[""A031""]",津云现场调查12月15日静安持刀男子被警方开枪制服，2名路人受枪伤；未报道刀伤受害人，处置当晚无死亡。,True,,,,,,
AS036,https://www.sdcourt.gov.cn/ytmpqfy/389905/mtjj6355/6800127/index.html,北京朝阳医院伤医案一审宣判,山东法院网站（北京三中院判决报道）,2021-02-02,2026-09-16,法院,AS036,"[""A032""]",2020年1月20日崔振国因眼病治疗未达预期袭击医生，又砍伤3名阻拦者；1重伤1轻伤2轻微伤，一审死缓。,True,,,,,,
AS037,https://news.sina.com.cn/s/2020-05-20/doc-iirczymk2557141.shtml,河北滦平故意驾车伤人案嫌犯被批捕：厌世报复社会致2死7伤,澎湃新闻／新浪（滦平检察院）,2020-05-20,2026-09-16,检察院,AS037,"[""A033""]",检方指控30岁孙某甲2020年4月15日在滦平沿省道连续撞击行人，并下车持石攻击倒地者，2死7伤；5月14日批捕。,True,,,,,,
AS038,https://news.ifeng.com/c/82cRv8lrEUO,广西苍梧小学砍人案二审维持原判：凶手李小文被判死刑,凤凰网（广西高院）,2020-12-30,2026-09-16,法院,AS038,"[""A034""]",李小文因工作纠纷袭击同事，继而砍击学生及副校长，41人受伤（1重伤7轻伤一级23轻伤二级10轻微伤），二审维持死刑。,True,,,,,,
AS039,https://www.hkcd.com.hk/hkcdweb/content/2020/06/05/content_1196315.html,福建仙游发生持刀伤人案，造成3死7伤,香港商报（红星新闻）,2020-06-05,2026-09-16,独立媒体,AS039,"[""A035""]",仙游警方确认6月4日晚枫亭镇和平村伤人，3死7伤、35岁张某被抓；红星现场采访目击者称未争吵、见人即攻击。,True,,,,,,
AS040,https://news.sina.cn/gn/2020-06-18/detail-iirczymk7692553.d.html,上海警方通报徐汇持刀伤人事件,上观新闻／新浪（徐汇公安）,2020-06-18,2026-09-16,公安,AS040,"[""A036""]",6月17日39岁沈某驾驶车辆碰撞致3人伤，随后刀伤同行女友及5名路人、拳击伤1名路人，共10人送医，被控制。,True,,,,,,
AS041,https://news.sina.cn/2021-05-10/detail-ikmyaawc4500554.d.html,陕西凤翔致2死1伤重大刑事案件一审宣判：张涛被判处死刑,新京报／新浪（宝鸡中院）,2021-05-10,2026-09-16,法院,AS041,"[""A037""]",张涛2020年7月5日袭击无辜路人1死1轻伤，逃离后因车费争执杀害出租车司机；精神分裂症缓解期、完全刑责，一审死刑。,True,,,,,,
AS042,https://www.sohu.com/a/407393844_120121400,公交坠湖案通报：司机蓄意报复社会,搜狐转载观察者网及安顺公安,2020-07-13,2026-09-16,公安,AS042,"[""A038""]",安顺警方完整通报：2020年7月7日张某钢不满生活及承租公房拆除，针对不特定人群驾公交坠湖；21人死亡含司机，15人受伤。,True,,,,,,
AS043,https://www.sohu.com/a/458414968_120078003,在天津营口道持刀行凶男子被核准死刑！案情披露,搜狐（人民法院报等案件报道）,2021-03-31,2026-09-16,法院,AS043,"[""A039""]",刘某某因怀疑门锁被破坏，意图在闹市刺杀女性扩大影响，2020年8月12日先杀害一人后再次袭击另一人；后者法院案情称尚未形成伤情。,True,,,,,,
AS044,https://www.thepaper.cn/newsDetail_forward_12215761,湖南桑植砍杀四名学生案一审开庭，将择期宣判,澎湃新闻（张家界中院）,2021-04-15,2026-09-16,法院,AS044,"[""A040""]",检方指控仇龙科因家庭诉求未解决，欲杀学生引关注，2020年9月7日连续袭击3名学生并劫持再伤1人，共4重伤，现场被捕。,True,,,,,,
AS045,https://pf.rednet.cn/content/2021/11/04/10364565.html,湖南法院“我为群众办实事”典型案事例,红网（湖南法院司法救助报道）,2021-11-04,2026-09-16,法院,AS045,"[""A040""]",司法救助报道确认桑植案4名受害学生存活，2021年已进入二审阶段，未公布最终刑罚。,True,,,,,,
AS046,https://news.sina.cn/2020-09-21/detail-iivhvpwy8000320.d.html,广州警方：持刀伤人案2人伤重不治 嫌疑人王某自残死亡,澎湃新闻／新浪（广州番禺公安）,2020-09-21,2026-09-16,公安,AS046,"[""A041""]",钟村街骏兴路7时35分持刀伤人，5名受害人中2人不治、3人稳定；47岁王某在制服过程中自残死亡。,True,,,,,,
AS047,https://www.thepaper.cn/newsDetail_forward_10565775,辽宁男子持刀随机捅刺致7死7伤，官方通报来了,澎湃新闻（央视、当地公安）,2020-12-28,2026-09-16,公安,AS047,"[""A042""]",警方确认12月27日62岁杨某峰随机持刀刺伤路人，7死7伤（含1名民警）；称其家庭变故及长期独居引发怨恨。,True,,,,,,
AS048,https://news.sina.com.cn/o/2019-12-24/doc-iihnzahi9593615.shtml,男子驾车时突发癫痫致3死8伤案宣判：获刑13年,中国新闻网／新浪（深圳中院）,2019-12-24,2026-09-16,法院,AS048,"[""A044""]",法院查明刘正楠2019年5月16日癫痫发作、车辆失控致3死8伤；明知患病仍开车属间接故意，以危险方法危害公共安全罪判13年。,True,,,,,,
AS049,https://www.chinanews.com/sh/2018/07-05/8557662.shtml,湖南一男子砍伤7名民众致其中1名男童死亡 已被抓获,中国新闻网（隆回公安）,2018-07-05,2026-09-16,公安,AS049,"[""A045""]",警方通报罗某武40岁在南松村持刀伤害7人，1名男童死亡，其余6伤；有故意伤害前科，被抓获。,True,,,,,,
AS050,https://www.sohu.com/a/293707038_355158,甘肃8死7伤刑事案：村民称嫌犯为人跋扈，妻子此前离家出走！,北京青年报／半岛都市报搜狐号,2019-02-08,2026-09-16,公安,AS050,"[""A046""]",白银警方称2月5日会宁郭某某因怀疑妻子与他人不正当关系，入村民家行凶8死7伤；采访提示多户与疑似婚姻纠纷有关，关系未完整查明。,True,,,,,,
AS051,https://m.bjnews.com.cn/detail/155142001114263.html,河南一学生持刀致同学死伤 警方：因同学间矛盾,新京报,2019-03-01,2026-09-16,公安,AS051,"[""A047""]",平顶山警方称2月26日财经学校宋某因同学矛盾袭击特定同学，1死3伤；采访表明双方此前有冲突。,True,,,,,,
AS052,https://m.thepaper.cn/newsDetail_forward_3735899,高一男生早自习刺伤8名同学，学校老师：正在做精神鉴定,红星新闻／澎湃新闻,2019-06-21,2026-09-16,公安,AS052,"[""A048""]",天门警方通报高一16岁陈某在早自习刺伤8名同班学生，全部无生命危险；动机在查，教师所说精神问题未经确认。,True,,,,,,
AS053,https://www.spp.gov.cn/spp/dfjcdt/201810/t20181017_395560.shtml,重庆：提前介入一起恶性袭击学生案,检察日报／最高人民检察院,2018-10-17,2026-09-16,检察院,AS053,"[""A049""]",警方确认10月10日李某榔头伤害候车3名学生、1家长及制止的公交司机，共5伤无生命危险，50分钟后抓获。,True,,,,,,
AS054,https://www.thepaper.cn/newsDetail_forward_2636084,暖闻｜重庆一公交司机勇斗行凶歹徒救女孩，获评“热心市民”,澎湃新闻,2018-11-15,2026-09-16,公安,AS054,"[""A049""]",警方称44岁李某因家庭变故酒后泄愤袭击候车群众；司机营救被劫持女孩并使车辆无法启动，自己受伤。,True,,,,,,
AS055,https://news.china.com/socialgd/10000169/20190130/35121335.html,劫持公交案死刑：造成8人死25人伤 龙岩男子被判死刑,燕赵晚报／中华网,2019-01-30,2026-09-16,公安,Longyan_court_20190128,"[""A017""]",援引龙岩法院及公安调查：邱日辉与居委会干部有积怨，当日发生争执后杀人并劫持公交车撞人；一审死刑。,True,,,,,,
AS056,https://www.hk01.com/sns/article/370825,【血腥開學日】持刀闖校園 小學生捱斬8死2傷 兇徒疑曾挖女友眼,香港01,2019-09-03,2026-09-16,独立媒体,AS056,"[""A028""]",报道引述警方称男子持刀进入朝阳坡小学袭击学生，8死2伤；另有未核实前科与精神状态传言，本数据不采后者。,True,,,,,,
BS01,https://www.sohu.com/a/664013979_161795,已伏法的大连开宝马撞人致5死男子：因投资失败故意冲撞行人,南方都市报（搜狐转载）,2023-04-07,2026-09-16,官方媒体,大连中院刘东审理及执行通报,"[""B01""]",法院查明2021年5月22日因投资失败故意冲撞斑马线行人，5死8伤；2021年10月29日一审死刑，2023年4月7日执行。正文已打开。,,,,,,,
BS02,https://www.peopleapp.com/rmharticle/30026816059,安庆步行街持刀行凶致7死13伤 罪犯吴亮15日被执行死刑,央视新闻（环球时报人民号转载）,2022-02-17,2026-09-16,官方媒体,安庆中院吴亮执行布告,"[""B02""]",法院布告记载2021年6月5日连续捅刺20名无辜群众，7死13伤（5重伤）；25岁、无业。2022年2月15日执行死刑。正文已打开。,,,,,,,
BS03,https://www.thepaper.cn/newsDetail_forward_23055693,广州宝马撞人案判决书披露作案动机，被告人称案发前多次高速冲卡逃费,澎湃新闻,2023-05-12,2026-09-16,官方媒体,澎湃广州判决书独立采集,"[""B04""]",记者读取一审判决书并采访家属：2023年1月11日温庆运在天河连续驾车撞人，为发泄个人情绪；最终6死、20余人受伤。29份伤情描述含25名轻伤或轻微伤、3名不构成轻微伤、1名体表未见明显机械性损伤。正文已打开。,,,,,,,
BS04,https://www.thepaper.cn/newsDetail_forward_27088401,广州天河“1·11”驾车撞人案罪犯温庆运被执行死刑,澎湃新闻,2024-04-19,2026-09-16,官方媒体,广州中院温庆运执行通报,"[""B04""]",广州中院通报：温庆运于2024年4月19日执行死刑。正文已打开。,,,,,,,
BS05,https://www.xinhuanet.com/2021-04/30/c_1127394396.htm,广西北流通报幼儿园持刀行凶案：初步认定犯罪嫌疑人为精神分裂症患者,新华社,2021-04-30,2026-09-16,官方媒体,北流公安20210429,"[""B06""]",北流警方通报：4月28日新丰镇幼儿园持刀案，2死16伤；曾某被当场控制，司法鉴定初步认定精神分裂症。正文已打开。,,,,,,,
BS06,https://www.thepaper.cn/newsDetail_forward_10911592,1人死亡7人受伤，昆明通报劫持人质事件,澎湃号媒体（云南发布等通报转载）,2021-01-23,2026-09-16,官方媒体,昆明五华政府警方20210122,"[""B05""]",2021年1月22日云南师大实验中学门口持刀伤人及劫持案，王某侠男56岁，1死7伤；警方击毙嫌疑人、解救人质。正文已打开。,,,,,,,
BS07,https://www.guancha.cn/politics/2021_05_26_592016.shtml,南阳警方：66岁男子持棍行凶，致12名学生2名群众受伤,观察者网,2021-05-26,2026-09-16,独立媒体,南阳公安20210525,"[""B07""]",完整转载警方通报：5月25日68小学附近退休男子吴某某因生活失意报复社会持棍，12名学生及2名群众受伤、均无生命危险。正文已打开。,,,,,,,
BS08,https://news.sina.cn/sh/2021-05-28/detail-ikmxzfmm5247323.d.html,5名小学生上学途中被砍伤！行凶男被指精神有问题,生活报（新浪转载）,2021-05-28,2026-09-16,官方媒体,生活报郴州独立采访,"[""B08""]",记者采访医院、商户与宣传部门：5月28日白露塘镇地下通道5名返校学生被持刀袭击，伤亡仍不明；医护称至少1死，尚无正式确认。正文已打开。,,,,,,,
BS09,https://www.sohu.com/a/468254554_172952,河北一中学发生伤人事件，有学生受伤，嫌疑人被控制,极目新闻（搜狐转载）,2021-05-24,2026-09-16,官方媒体,极目任丘独立采访,"[""B09""]",记者向教育部门和医院核实华北油田采一中学校内发生伤人案、有学生受伤；人数和关系不明。正文已打开。,,,,,,,
BS10,https://news.sina.com.cn/o/2021-05-30/doc-ikmxzfmm5536260.shtml,警方通报南京驾车撞人并持刀捅人案细节,中国新闻社（新浪转载）,2021-05-30,2026-09-16,官方媒体,南京公安20210530,"[""B10""]",5月29日晚吉某某因感情纠纷撞伤前妻和其友人，同时撞伤路人，逃逸途中伤及路人和劝阻者；7名被害人、嫌疑人亦伤。正文已打开。,,,,,,,
BS11,https://m.thepaper.cn/newsDetail_forward_15729518,男子街头持刀伤人，9人送医！目击者：不认识的人，他拿刀就捅,巨野法院澎湃号转载齐鲁晚报（含浦东公安通报及商户采访）,2021-12-07,2026-09-16,官方媒体,浦东公安20211206及上海媒体采访汇编,"[""B11""]",警方通报刘某26岁持剪刀伤7名群众和2名警察，为外省市在册精神病人；目击者称从店内至沿街对陌生人连续行凶。正文已打开。,,官方账号转载不等于法院判决；发生/伤亡来自警情，陌生人连续攻击来自现场采访。,,,,,
BS12,https://mil.sina.cn/2023-10-27/detail-imzsptxq7188490.d.html,侯晓飞，死刑,环球时报转载上海二中院,2023-10-27,2026-09-16,法院,上海二中院20231027,"[""B03""]",法院认定投资失败、无力偿债后预谋报复社会；瑞金医院袭击致6人重伤、9人轻伤轻微伤，一审死刑。,,,,,,,
BS13,https://china.caixin.com/2021-01-23/101654861.html,警方通报“杭州爆燃事件”：嫌疑人曾患有偏执性精神障碍,财新,2021-01-23,2026-09-16,独立媒体,杭州公安20210123,"[""B12""]",警方披露39岁卢某因诊疗不满预谋，在医院引燃爆炸物并持刀伤害患者医护，四名他人和嫌疑人受伤。,,,,,,,
BS14,https://www.chinanews.com/sh/2021/04-18/9457400.shtml,四川天府新区通报持刀伤人事件：4名伤者暂无生命危险,中国新闻网,2021-04-18,2026-09-16,公安,天府新区公安20210417,"[""B13""]",警方称杨某与母亲争吵后持刀伤害4名他人。,,,,,,,
BS15,https://news.ifeng.com/c/87u97pdHf1d,广东东莞发生持刀伤人案，6人受伤,凤凰网转载平安清溪,2021-07-15,2026-09-16,公安,清溪公安20210715,"[""B14""]",警方确认清溪镇李某持刀致6名群众受伤，31岁无业，已抓获。,,,,,,,
BS16,https://m.bjnews.com.cn/detail/162927093314206.html,甘肃临洮县洮阳镇发生2死1伤刑事案件 犯罪嫌疑人已被刑拘,新京报转载临洮县政府,2021-08-18,2026-09-16,官方媒体,临洮政府20210818,"[""B15""]",县政府确认8月16日13时30分发生2死1伤刑案，张某某被刑拘。,,,,,,,
BS17,https://china.caixin.com/2021-08-18/101756899.html,甘肃临洮发生凶案致2死1伤 嫌疑人系镇政府工作人员,财新,2021-08-18,2026-09-16,独立媒体,财新临洮20210818,"[""B15""]",采访镇政府确认嫌疑人职员身份及抑郁说法，三名受害者为7、13、16岁女孩；引述家属去图书馆途中被袭。,,,,,,,
BS18,http://henan.china.com.cn/m/2021-08/29/content_41658061.html,广州番禺一男子持刀伤人致3人受伤，嫌疑人被警方开枪击伤,中国网转载新京报,2021-08-29,2026-09-16,公安,番禺公安20210828,"[""B16""]",番禺公安通报8月28日清河中路郑某43岁持水果刀伤3人，被警方开枪击伤控制。,,,,,,,
BS19,https://news.sina.cn/sh/2021-11-04/detail-iktzscyy3587157.d.html,山西河津一男子当街持刀伤3人被警方控制 有司机驾车撞击持刀者,北京青年报,2021-11-04,2026-09-16,公安,河津公安20211104,"[""B17""]",警方称赵某务工中争执，持菜刀致现场3名劝阻群众受伤。,,,,,,,
BS20,https://www.chinanews.com.cn/sh/2022/02-12/9674807.shtml,沈阳一公交车发生爆炸 已致1人死亡、2人重伤、40人轻伤,中国新闻网,2022-02-12,2026-09-16,公安,沈阳公安20220212,"[""B18""]",警方确认232路公交爆炸1死42伤，原因在查。,,,,,,,
BS21,https://m.thepaper.cn/newsDetail_forward_16694089,福建漳州一货车撞倒行人致3死9伤，司机已被控制,澎湃转载警方,2022-02-14,2026-09-16,公安,南靖公安20220214,"[""B19""]",南靖山城镇货车撞行人3死9伤，具体原因调查中。,,,,,,,
BS22,https://www.hunantoday.cn/news/xhn/202203/13900814.html,邯郸一男子驾车冲撞人群致4人死亡被刑拘，涉嫌超量服药,新湖南转载中央政法委长安剑,2022-03-22,2026-09-16,公安,邯郸公安20220321,"[""B20""]",警方称刘某北31岁长期服镇痛处方药，案发日超量服药；14名初始伤者中4人死亡。,,,,,,,
BS23,https://m.bjnews.com.cn/detail/165006491014284.html,甘肃岷县发生一起故意伤害案致7伤，其中5名为孩子,新京报转载岷县发布,2022-04-16,2026-09-16,公安,岷县发布20220416,"[""B21""]",59岁赵某因院门上锁误认邻居谩骂自己，争吵后伤害同院7人含5儿童。,,,,,,,
BS24,https://www.cna.com.tw/news/acn/202206020351.aspx,廣東東莞發生持刀傷人事件 釀6人受傷,中央社,2022-06-02,2026-09-16,独立媒体,东莞东城公安20220602,"[""B22""]",东城警方确认万达广场附近25岁湛某伤6人；随机伤人细节主要来自社媒视频描述。,,,,,,,
BS25,https://china.caixin.com/2022-07-05/101908062.html,上海男子持刀伤人致6人受伤 因与原单位纠纷,财新,2022-07-05,2026-09-16,独立媒体,财新上海20220705,"[""B23""]",警方称59岁高某与原单位纠纷交涉未果；财新获悉其在SMG办公地点随机攻击进出员工，6伤。,,,,,,,
BS26,https://china.caixin.com/2022-07-30/101920197.html,四川沐川涉嫌杀人警察尸体在山中被发现,财新,2022-07-30,2026-09-16,独立媒体,财新沐川20220730,"[""B24""]",警方确认36岁涉案警察尸体；财新家属与村民采访确认5名受害者为同一家庭及亲属。,,,,,,,
BS27,https://www.thepaper.cn/newsDetail_forward_19218504,河南舞阳交通事故致1死28伤，肇事司机已被控制,澎湃新闻,2022-07-28,2026-09-16,官方媒体,舞阳政府20220728,"[""B25""]",官方称张家港路交通肇事逃逸，1死28伤，司机刘某33岁被控制。,,,,,,,
BS28,https://jx.ifeng.com/c/8IJMUtHuk4x,江西安福幼儿园行凶嫌疑人逃跑途中因车祸身亡，另有两位教师遇害,凤凰网转载封面新闻,2022-08-10,2026-09-16,独立媒体,封面安福20220810,"[""B26""]",截至8月5日4死5伤，伤者无生命危险；嫌疑人逃跑时交通事故死亡。,,,,,,,
BS29,https://www.sohu.com/a/1006507291_338398,持刀随机杀害17岁少年，罪犯死刑改判无期，遇害者父亲：彼此无仇,新晚报,2026-04-07,2026-09-16,法院,莆田曾某彬判决报道20260407,"[""B27""]",报道逐项引用判决和鉴定：2022年8月2日莆田街头随意选择对象杀害1人；重审以未满18岁改判无期。,,,,,,,
BS30,https://www.sohu.com/a/699423212_120952561,Z世代 正青春｜吴英杰，英雄豪杰！徒手制伏持刀行凶者,封面新闻,2023-07-13,2026-09-16,独立媒体,封面吴英杰20230713,"[""B28""]",2023年3月19日重庆轨道一号线何某刺伤邻座女乘客；警方向记者称目的为随机伤害，伤者出院。,,,,,,,
BS31,https://epaper.cqrb.cn/cqrb/2023-12/14/009/cqrb20231214009.pdf,见义勇为青年吴英杰,重庆日报,2023-12-14,2026-09-16,官方媒体,重庆日报吴英杰20231214,"[""B28""]",人物事迹确认3月19日地铁持刀案，事后经查系发病随机伤害，吴英杰与乘客安保协力制止。,,,,,,,
BS32,https://www.ctdsb.net/c1476_202304/1704661.html,邯郸交通事故中肇事者向警方投掷爆炸物？应急管理局回应：不实,顶端新闻/极目新闻转载,2023-04-02,2026-09-16,独立媒体,顶端邯郸20230402,"[""B29""]",应急部门确认3月31日车辆碰撞事件和抓获，伤亡动机仍查，否认网传爆炸物。,,,,,,,
BS33,https://mil.news.sina.com.cn/2023-04-03/doc-imypaaar3376321.shtml,重庆警方通报男子持菜刀行凶致4名路人受伤,环球网转载江北公安,2023-04-03,2026-09-16,公安,重庆江北公安20230403,"[""B30""]",4月2日20:40，46岁淦某江北建新西路持菜刀伤4路人，群众制服；无生命危险。,,,,,,,
BS34,https://www.thepaper.cn/newsDetail_forward_22632762,平顶山一男子驾车冲撞女子，致7人受伤、3人经抢救无效死亡,澎湃转载平安平顶山,2023-04-09,2026-09-16,公安,平顶山公安20230409,"[""B31""]",47岁梁某与48岁女子因感情争执驾车冲撞，造成多人伤亡；关系及伤亡口径未进一步列明。,,,,,,,
BS35,https://news.sina.cn/sh/2023-11-30/detail-imzwmafq5131352.d.html?vt=4,山东科技大学学生行凶致1死6伤案开庭：凶手当庭翻供并拒绝赔偿受害者,紫牛新闻（上游/新浪转载）,2023-11-30,2026-09-16,检察院,紫牛山东科大20231130,"[""B32""]",记者获取起诉书：复学未果后预谋在校园周边袭击；向媒体预告，连续刺伤等车乘客、车内乘客与街边学生，1死6伤。,,,,,,,
BS36,https://news.southcn.com/node_cde6f9580c/ec0e0475f2.shtml,中山警方通报“男子开铲车在马路上连撞多人”：伤者均无生命危险,南方网,2023-05-12,2026-09-16,公安,中山大涌公安20230512,"[""B33""]",大涌警方称48岁惠某驾驶装载作业车碰撞多车，4伤，无生命危险，调查中。,,,,,,,
BS37,https://www.thepaper.cn/newsDetail_forward_23077557?commTag=true,山西兴县发生一起重大刑案致7死11伤，嫌疑人被抓获,央视新闻/澎湃转载,2023-05-14,2026-09-16,公安,兴县政府20230514,"[""B34""]",兴县政府披露：27岁郭某亮感情纠纷先伤害女方及家人，后驾车撞倒1名出警人员和13名行人，总7死11伤。,,,,,,,
BS38,https://www.guancha.cn/politics/2023_05_15_692336.shtml,贵阳警方通报男子持剪刀伤人：系精神障碍患者,观察者网转载云岩公安,2023-05-15,2026-09-16,公安,贵阳云岩公安20230515,"[""B35""]",5月14日40岁张某在盐务街百草巷刺伤路过数名行人，均无生命危险。,,,,,,,
BS39,https://www.thepaper.cn/newsDetail_forward_23132077,四川南部县公安通报一起持刀伤人事件：8人受伤，抓获嫌疑人,澎湃新闻,2023-05-18,2026-09-16,公安,南部公安20230518,"[""B36""]",21岁雍某桂博路持刀伤8人，均无生命危险，被抓获。,,,,,,,
BS40,https://www.jfdaily.com/wx/detail.do?id=615630,“男子当街持剪刀伤人”，天津警方通报,上观新闻转载平安和平,2023-05-24,2026-09-16,公安,天津和平公安20230523,"[""B37""]",5月23日53岁孙某在和平区山西路剪刀划伤一女性路人颈、手，群众控制，伤者无生命危险。,,,,,,,
BS41,https://news.sina.com.cn/s/2023-06-06/doc-imywkaxc4458009.shtml,长沙警方通报一面包车撞伤9人：驾驶人已被抓获,新浪转载警方及上游新闻,2023-06-06,2026-09-16,公安,长沙开福公安20230606,"[""B38""]",39岁兰某滨河路面包车撞9人后弃车逃逸，警方抓获，1人伤势较重。,,,,,,,
BS42,https://finance.sina.com.cn/tech/roll/2023-06-17/doc-imyxqzei8183571.shtml,秦皇岛街头男子持刀伤人，警方称嫌疑人已被控制,红星新闻,2023-06-17,2026-09-16,独立媒体,红星秦皇岛20230617,"[""B39""]",6月16日海港区建国路护城河附近伤人，民警向记者证实控制；网传人数未经核实。,,,,,,,
BS43,https://www.spp.gov.cn/zdgz/202312/t20231216_637049.shtml,办案检察官解析长春高空抛物致死案：被告人虽自首但不足以对其从轻处罚,最高检转载法治日报,2023-12-16,2026-09-16,检察院,法治日报长春20231216,"[""B40a"", ""B40b"", ""B41""]",法院认定6月17日向不特定行人投掷水桶与可乐致2人伤，6月22日投砖致1死；12月13日一审死刑。,,,,,,,
BS44,https://www.jiemian.com/article/11855265.html,长春高空抛物致死案被告人被核准死刑，受害人家属称要追究物业和警方责任,界面新闻,2024-10-21,2026-09-16,独立媒体,界面长春20241021,"[""B40a"", ""B40b"", ""B41""]",采访家属确认10月21日核准死刑并执行；披露司法鉴定无精神疾病、完全刑责。伤亡总数简写与法院逐人事实有差异，以后者为准。,,,,,,,
BS45,https://news.hainan.net/hainan/shixian/qx/lingao/2023/07/01/4750679.shtml,临高警方通报“持刀伤人案”：嫌疑人已被控制,海南在线转载临高警方,2023-07-01,2026-09-16,公安,临高公安20230630,"[""B42""]",6月30日20时临城镇二环路伤人，嫌疑人控制，伤者均无生命危险，人数未公布。,,,,,,,
BS46,https://china.caixin.com/2023-07-10/102074089.html,广东廉江一幼儿园发生伤害事件 已致6死1伤,财新,2023-07-10,2026-09-16,独立媒体,财新廉江20230710,"[""B43""]",警方通报25岁吴某杰横山镇6死1伤，财新采访教育部门确认发生幼儿园且有幼儿遇害。,,,,,,,
BS47,https://www.sznews.com/news/content/2023-08/08/content_30391821.htm,云南罗平发生持刀伤人案致2死7伤，嫌疑人被抓获,深圳新闻网转载警方,2023-08-08,2026-09-16,公安,罗平公安20230808,"[""B44""]",20岁陈某先在家刺母亲，再逃窜刺伤8人，共2死7伤。,,,,,,,
BS48,https://k.sina.com.cn/article_1644948230_m620beb06033010mso.html,男子沿街砍人被市民扔水桶阻止 目击者：有4人受伤，均为老人和女性,湖北经视/北京头条转载,2023-08-17,2026-09-16,独立媒体,湖北经视枣阳20230817,"[""B45""]",目击者称枣阳万象城附近男子沿街砍伤4人；商户泼水阻止；未检出独立官方后续。,,,,,,,
BS49,https://m.cnhubei.com/content/2023-12/24/content_17160212.html,成都新都警方通报一男子持刀伤人,荆楚网转载警方,2023-12-24,2026-09-16,公安,成都新都公安20231224,"[""B46""]",新都同福路21岁刘某持刀伤人，群众控制，伤者无生命危险；有精神病史。,,,,,,,
BS50,https://tt.jxnews.com.cn/news/2337118,“一男子在某广场附近持刀伤人”，深圳警方通报,大江网转载深圳龙华公安,2023-11-09,2026-09-16,公安,深圳龙华公安20231109,"[""B47""]",11月9日18时大浪广场附近37岁唐某持刀，1死3伤。,,,,,,,
BS51,https://www.hkcd.com/content_app/2021-12/29/content_1315025.html,湖南長沙望城區發生持刀砍人事件 致3死2傷,香港商报转载望城公安,2021-12-29,2026-09-16,公安,长沙望城公安20211229,"[""B48""]",23岁赵某与工友因琐事争执，后在车间出入口持刀刺工友，3死2伤。,,,,,,,
BS52,https://www.thepaper.cn/newsDetail_forward_15385084,死刑！安庆男子步行街持刀行凶致7死13伤案宣判,澎湃新闻,2021-11-15,2026-09-16,法院,安庆中院20211115,"[""B02""]",明确一审宣判日11月15日，吴亮当庭服判，7死13伤。,,,,,,,
BS53,https://news.sina.cn/sh/2023-12-26/detail-imzzkcmr9504467.d.html,山科大休学学生行凶案一审宣判 凶手获死刑当庭上诉：不会赔偿受害者家属,紫牛新闻/新浪转载,2023-12-26,2026-09-16,法院,紫牛山科大20231226,"[""B32""]",记者读取判决，法院认定报复学校、捅刺无辜群众1死6伤，判死刑；判决提及之前多次威胁学校。,,,,,,,
BS54,http://society.people.com.cn/n1/2022/0809/c1008-32498307.html,警方通报：郸城一男子持刀砍伤2人，已被刑拘,人民网,2022-08-09,2026-09-16,公安,郸城公安20220809,"[""B49""]",8月8日22:05世纪广场南21岁张某伤2人，22:08警方与群众控制，伤者稳定。,,,,,,,
BS55,https://www.nbd.com.cn/articles/2021-03-22/1665963.html,广州警方通报番禺爆炸案：5人当场死亡，包括嫌疑人，另有5人受伤,每日经济新闻转载番禺公安,2021-03-22,2026-09-16,公安,番禺公安20210322,"[""B50""]",59岁胡某携可燃爆物到明经村建筑内引燃；4名他人死亡、5伤，嫌疑人死亡。,,,,,,,
BS56,https://finance.sina.com.cn/wm/2025-08-19/doc-infmpuqz5930493.shtml?froms=ggmp,吉某（1980年生），被核准死刑！,南京晨报/新浪转载,2025-08-19,2026-09-16,法院,南京吉某最高法裁定,"[""B10""]",完整转述最高法裁定：7名受害人受伤，3重伤二级；2022-11-18一审、2024-05-08二审、2024-12-21核准死刑，2025-08-15文书公开。,,,,,,,
BS57,https://www.zaobao.com.sg/realtime/china/story20220806-1300335,江西幼儿园砍人案嫌疑人刘小辉车祸死亡,联合早报转载央视及安福公安,2022-08-06,2026-09-16,公安,安福公安20220805,"[""B26""]",警方确认刘小辉8月3日横穿高速逃亡遭车祸，8月4日伤重死亡；受害者两人现场死亡、另两人送医死亡。,,,,,,,
BS58,https://www.voachinese.com/a/suicide-bombing-in-Guangzhou-village-government-office-sets-off-concerns-for-social-disturbance-20210326/5829459.html,广州番禺一村委会遭自杀性爆炸 分析：社会矛盾激化的产物,美国之音,2021-03-26,2026-09-16,独立媒体,VOA番禺20210326,"[""B50""]",采访村委会附近人士确认爆炸；报道地点为明经村村委会，与警方4名受害者死亡、5伤相符；土地纠纷说法不作已证实动机。,,,,,,,
CS001,https://www.court.gov.cn/zixun/xiangqing/451251.html,樊维秋以危险方法危害公共安全案一审宣判,最高人民法院转载新华社,2024-12-27,2026-09-16,法院,zhuhai-court-20241227,"[""C001""]",法院认定因婚姻破裂、生活失意及不满财产分割，故意撞击锻炼人群；一审死刑。,,,,,,,
CS002,https://www.news.cn/legal/20250120/4480b6707c27415caf9011c420c35524/c.html,樊维秋被执行死刑,新华社,2025-01-20,2026-09-16,官方媒体,zhuhai-execution-20250120,"[""C001""]",经最高法核准，2025年1月20日执行死刑。,,,,,,,
CS003,https://www.thepaper.cn/newsDetail_forward_29324635,致35人死亡，43人受伤！珠海警方通报驾车冲撞市民重大恶性案件,澎湃号媒体转载珠海公安,2024-11-12,2026-09-16,公安,zhuhai-police-20241112,"[""C001""]",警方确认11月11日发生驾车冲撞市民恶性案件，35死43伤。文字正文已打开，通报完整细节为图片。,,,,,,,
CS004,https://news.cctv.cn/2025/01/20/ARTIRKFXD34m4R9THppujfJO250120.shtml,致8死17伤 无锡一学院持刀伤人案凶手徐加金被执行死刑,央视新闻,2025-01-20,2026-09-16,官方媒体,wuxi-execution-20250120,"[""C002""]",11月16日案致8死17伤；12月17日一审死刑；2025年1月20日执行。,,,,,,,
CS005,https://www.thepaper.cn/newsDetail_forward_29374300,徐某金回校发泄行凶，致8死17伤，警方通报,澎湃号媒体转载宜兴公安,2024-11-17,2026-09-16,公安,wuxi-police-20241116,"[""C002""]",嫌疑人男21岁，为2024届毕业生；警方初查称未获毕业证及不满实习报酬，返校发泄行凶。,,,,,,,
CS006,https://www.spp.gov.cn/zdgz/202412/t20241223_677165.shtml,湖南常德撞人案一审宣判 被告人黄文被判死缓,最高人民检察院转载新华社,2024-12-23,2026-09-16,法院,changde-court-20241223,"[""C003""]",11月19日黄文因投资亏损、家庭矛盾驾车冲撞不特定小学生等人群后持械攻击；30人受伤，含18名学生，判死缓。,,,,,,,
CS007,https://news.sina.com.cn/s/2024-10-01/doc-incqyxry4462222.shtml,上海松江警方：一男子超市内持刀伤人被当场抓获，3人抢救无效死亡,界面新闻（新浪转载）,2024-10-01,2026-09-16,公安,songjiang-police-20241001,"[""C004""]",9月30日松汇中路超市林某某37岁持刀伤18人，其中3人死亡；警方初查个人经济纠纷后来沪泄愤。,,,,,,,
CS008,https://www.news.cn/20240301/ee8b277f478c4a2fbfa81522cc7cada5/c.html,山东德州交通肇事已致2人死亡6人重伤,新华社,2024-03-01,2026-09-16,公安,dezhou-police-20240301,"[""C005""]",3月1日安居苑小区南侧道路车辆撞人，2死6重伤，驾驶人被抓；未披露故意性。,,,,,,,
CS009,https://www.lifeweek.com.cn/h5/article/detail.do?artId=222951,高校内开车撞人致3死16伤：撞向同学的大专学生,三联生活周刊,2024-03-30,2026-09-16,独立媒体,taizhou-lifeweek-20240330,"[""C006""]",采访学生及家属，确认校内冲撞致3死16伤；报道同学辨认的威胁聊天截图及学业背景，无法替代司法动机认定。,,,,,,,
CS010,https://www.xhby.net/content/s65f991e0e4b0a2749b86e065.html,浙江台州通报高校车辆冲撞事件：3死16伤,新华报业网转载台州公安,2024-03-19,2026-09-16,公安,taizhou-police-20240319,"[""C006""]",校内车辆撞人，学生驾驶家庭车辆，19人送医其中3人死亡；已控制并立案。,,,,,,,
CS011,https://ntrd.jsjc.gov.cn/zt/fzxw/202405/t20240514_1624128.shtml,云南镇雄警方通报医院持刀行凶案件：造成2死21伤,如东县检察院转载镇雄融媒,2024-05-14,2026-09-16,公安,zhenxiong-police-20240507,"[""C007""]",镇雄城南医院5月7日11:37发生持刀案，2死21伤，嫌犯为男性村民。,,,2026-09-16复核404,"[""CS012"", ""RCS001""]",保留原记录供审计；不再作为唯一可访问事实入口。,,
CS012,https://m.thepaper.cn/newsDetail_forward_27295726,官方人士称镇雄医院行凶者朋友圈动机信息不实,红星新闻（澎湃转载）,2024-05-08,2026-09-16,独立媒体,zhenxiong-redstar-20240508,"[""C007""]",警方续报40岁男子李某当日下午被抓；相关部门否认网传朋友圈动机。患者描述与袭击者对峙及追赶。,,,,,,,
CS013,https://www.thepaper.cn/newsDetail_forward_27445134,贵溪明德小学持刀伤人案警方通报,天津广播转载贵溪公安（澎湃号）,2024-05-20,2026-09-16,公安,guixi-police-20240520,"[""C008""]",45岁女子持水果刀伤人，2死4名直接伤者另6人躲闪擦伤。,,,,,,,
CS014,https://news.sina.com.cn/c/2024-05-21/doc-inavyuwi5410331.shtml,江西贵溪小学伤人案凶手系村中医护,南风窗（新浪转载）,2024-05-21,2026-09-16,独立媒体,guixi-nanfeng-20240521,"[""C008""]",采访家长、学生及居民，案发于小学低年级教室，涉及多名学生；未确认作案动机。,,,,,,,
CS015,https://chinadigitaltimes.net/chinese/705851.html,指尖新闻：湖南男子持刀在小学行凶,指尖新闻（中国数字时代存档）,2024-03-12,2026-09-16,独立媒体,qidong-zhijian-20240312,"[""C009""]",记者采访村民称3月4日三友小学两女生遭袭一死一伤；官方未正面公布详细案情。只有单一采集源。,,,,,,,
CS016,https://news.cnr.cn/dj/20240521/t20240521_526712688.shtml,湖南郴州一公园发生刑事案件，致3死2伤,央广网转载苏仙公安,2024-05-21,2026-09-16,公安,chenzhou-police-20240521,"[""C010""]",5月20日晚公园刑案3死2伤，黄某朋35岁被抓；未披露对象关系及作案方式。,,,,,,,
CS017,https://xinwen.bjd.com.cn/content/s666825b1e4b035c6ca5ea1ee.html,4名外籍人士和1名中国游客被刺伤，吉林警方通报,北京日报客户端转载吉林船营公安,2024-06-11,2026-09-16,公安,jilin-police-20240611,"[""C011""]",55岁男子走路与外籍游客碰撞后刺伤其及3同行者、1劝阻中国游客；当日被抓。,,,,,,,
CS018,https://www.guancha.cn/politics/2024_06_19_738469.shtml,上海地铁54岁男子持刀伤人，3人受伤,观察者网转载轨交公安,2024-06-19,2026-09-16,公安,shmetro-police-20240619,"[""C012""]",合川路地铁站内持刀伤3人，54岁男子沈某被抓；动机及关系未公布。,,,,,,,
CS019,https://www.jiangsu.gov.cn/art/2024/6/29/art_84324_11283716.html,苏州市认定校车工作人员见义勇为行为（原题姓名略）,江苏省政府转载新华日报,2024-06-29,2026-09-16,官方媒体,suzhou-huyouping-20240629,"[""C013""]",6月24日新地中心公交站日本母子及救人者受伤；救人者6月26日死亡；2日籍伤者存活。,,,,,,,
CS020,https://www.thepaper.cn/newsDetail_forward_28800862,深圳日本人学校被刺学生不幸去世，警方通报称嫌犯单人作案,深圳特区报（澎湃转载）,2024-09-20,2026-09-16,公安,shenzhen-police-20240920,"[""C014""]",9月18日10岁男童上学途中被44岁无固定职业男子刺伤，19日凌晨死亡；嫌犯当场被抓。,,,,,,,
CS021,https://www.mofa.go.jp/mofaj/press/kaiken/kaikenit_000001_00080.html,岩屋外务大臣会见记录（深圳案执行通报）,日本外务省,2025-04-22,2026-09-16,官方媒体,shenzhen-mofa-20250422,"[""C014""]",中方4月21日告知已执行死刑，但执行具体日期仍在确认，不能把通知日写成执行日。,,,,,,,
CS022,https://www.the-independent.com/asia/china/suzhou-stabbing-japan-school-bus-stop-death-sentence-b2735645.html,China executes man for fatal stabbing near Japanese school,The Independent,2025-04-18,2026-09-16,独立媒体,suzhou-independent-20250418,"[""C013""]",转述日方中方4月16日通知已执行苏州案死刑；同文深圳案庭审状态有滞后错误，需官方源复核。,,,,,,,
CS023,https://china.caixin.com/m/2024-10-08/102243146.html,刑释男子在广州一小学门口持刀伤人 伤者含两名小学生,财新,2024-10-09,2026-09-16,独立媒体,guangzhou-caixin-20241009,"[""C015""]",3名伤者含2名小学生；60岁嫌疑人当场制服。司法旧案证实曾因持刀攻击前女友获刑。,,,,,,,
CS024,https://news.cctv.cn/2024/10/28/ARTIaGmYW8QmzQqhgVIepwzP241028.shtml,北京海淀发生持刀伤人案件，5人受伤,央视网转载海淀公安,2024-10-28,2026-09-16,公安,beijing-police-20241028,"[""C016""]",5名路人包括3名未成年人受伤，50岁唐某某当场被控。,,,,,,,
CS025,https://china.caixin.com/m/2024-10-28/102250558.html,北京一小学放学时发生伤害事件 五人受伤含三名学生,财新,2024-10-29,2026-09-16,独立媒体,beijing-caixin-20241029,"[""C016""]",案发于中关村三小北校区门外，一名家长和棒球教练因阻止行凶受伤。,,,,,,,
CS026,https://www.ngzb.com.cn/news/2024/12/11/chengdu-xingju-yibei-xianyiren-qingwei-3ren-jingfang-shangren-ji.html,成都地铁站外男子持剪刀伤人，警方：3人轻微伤,南国早报,2024-12-11,2026-09-16,官方媒体,chengdu-ngzb-20241211,"[""C017""]",警方证实29岁曲某某持剪刀伤3人；目击者称对路过女子刺击，视频伤者称不认识袭击者。,,,,,,,
CS027,https://news.cnr.cn/native/gd/kx/20240813/t20240813_526850173.shtml,广东中山警方通报小汽车碰撞行人：8人受伤,央广网转载央视/横栏公安,2024-08-13,2026-09-16,公安,zhongshan-police-20240813,"[""C018""]",厨卫工厂内陈某胜29岁驾车撞伤8人，原因及对象关系未公布。,,,,,,,
CS028,https://news.cnr.cn/rebang/20250606/t20250606_527198591.shtml,警方通报武汉大学伤人事件：犯罪嫌疑人被当场控制,央广网/央视新闻,2025-06-06,2026-09-16,官方媒体,武汉洪山公安20250606,"[""C019""]",全文转述警方通报：6月4日武汉大学食堂，23岁朱某因学业不顺行凶，3伤；未披露被害关系。,,,,,,,
CS029,https://www.thepaper.cn/newsDetail_forward_31292390,故意伤害致2死3伤，段某超被抓获,澎湃号媒体,2025-08-03,2026-09-16,官方媒体,耒阳公安20250803及原媒体采访,"[""C020""]",通报2死3伤、31岁男性；记者采访目击者称男子从路口进入并进入麻将馆伤人。未确认与各被害者关系。,,,,,,,
CS030,https://hk.on.cc/cnt/news/20250501/bkn-20250501084137284-0501_00822_001_cn.html,天津医院6医护遇袭 两人死亡包括一医生,东网,2025-05-01,2026-09-16,独立媒体,东网天津医院20250501,"[""C021""]",报道称4月28日6名医护遇袭，2死1重伤，并称见到警方通报；本文无可回溯通报原件，动机与嫌疑人资料仍待核。,,,,,,,
CS031,https://china.caixin.com/2025-10-25/102375498.html,湖北十堰男子驾车撞人致一死多伤 事发两天后警方回应,财新,2025-10-25,2026-09-16,独立媒体,财新覃建行十堰20251025,"[""C022""]",记者核实事发重庆路小学附近路口，视频显示车冲向等候人群；通报危险方法危害公共安全1死4人伤较重及多人轻伤。,,,,,,,
CS032,https://news.ycwb.com/ikinvjktin/content_53752479.htm,湖北十堰警方通报：致1人遇难4人重伤，陈某被刑拘,羊城晚报/平安茅箭,2025-10-25,2026-09-16,官方媒体,十堰茅箭公安20251024,"[""C022""]",完整通报：10月22日事件，48岁陈某以危险方法危害公共安全；1死4人伤情较重，多人轻微伤，不能将伤者总数写成4。,,,,,,,
CS033,https://news.cnr.cn/native/gd/kx/20250530/t20250530_527190837.shtml,成都警方通报一起持刀伤人案件：2名伤者和嫌犯均无生命危险,央广网/央视网,2025-05-30,2026-09-16,官方媒体,成都锦江公安20250530,"[""C023""]",完整通报26岁陆某因感情纠纷刺伤前女友及其上前劝阻同事，后自伤颈；受害者2伤与嫌疑人自伤分开。,,,,,,,
CS034,https://news.cnr.cn/native/gd/kx/20260914/t20260914_527813785.shtml,广州警方通报男子持刀伤人事件,央广网/广州番禺公安,2026-09-14,2026-09-16,官方媒体,广州番禺公安20260914,"[""C024""]",小谷围街火锅店门口李某35岁持刀伤人；均无生命危险，未公布人数与动机。,,,,,,,
CS035,https://focus.scol.com.cn/zgsz/202506/83064620.html,男子鸣笛引路人不满，驾车强行驶离致1死4伤，重庆警方通报,四川在线/重庆巴南公安,2025-06-15,2026-09-16,官方媒体,重庆巴南公安20250615,"[""C025""]",完整通报：6月14日38岁熊某鸣笛与围车群众争执，强行离开伤及阻拦者1死4伤。,,,,,,,
CS036,https://www.cnr.cn/gd/dwqgc/20250515/t20250515_527170600.shtml,警方通报男子广州南站持刀伤人,央广网,2025-05-15,2026-09-16,官方媒体,广州铁路公安20250515,"[""C026""]",通报5月15日安检区外35岁男子李某某持水果刀伤1人，未说明被害关系。,,,,,,,
CS037,https://www.cnr.cn/hubei/jcgd/20260331/t20260331_527568472.shtml,武汉发生一起持刀伤人事件 警方通报,央广网,2026-03-31,2026-09-16,官方媒体,武汉江岸公安20260331,"[""C027""]",青松路吴某某44岁持水果刀伤4人，均无生命危险，未披露被害关系。,,,,,,,
CS038,https://zj.cnr.cn/zjyw/20260713/t20260713_527708145.shtml,浙江杭州警方通报一起持刀伤人警情,央广网,2026-07-13,2026-09-16,官方媒体,杭州钱塘公安20260713,"[""C028""]",钱塘54岁纺织厂员工金某某刺伤甜品店27岁店主，店主死亡；未披露关系与原因。,,,,,,,
CS039,https://www.nippon.com/hk/news/yjj2026051900961/,上海日系大楼内发生持刀伤人事件＝2名日本人受伤皆无生命危险,时事通信/Nippon.com,2026-05-20,2026-09-16,独立媒体,Jiji上海20260520,"[""C029""]",上海环球金融中心餐厅3人受伤，59岁男性被制服；警方称有精神病治疗史，附近店员转述现场经过。,,,,,,,
CS040,https://www.fmprc.gov.cn/fyrbt_673021/jzhsl_673025/202605/t20260520_11914508.shtml,2026年5月20日外交部发言人郭嘉昆主持例行记者会,外交部,2026-05-20,2026-09-16,官方媒体,外交部20260520,"[""C029""]",原文确认上海餐厅持刀案3伤、嫌犯被抓获、精神障碍患者；未说明随机性或针对国籍。,,,,,,,
CS041,https://www.thepaper.cn/newsDetail_forward_26990155,江西吉安警方：男子持刀划伤两名路人后逃匿，已被抓捕归案,澎湃新闻/吉州公安,2024-04-11,2026-09-16,官方媒体,吉州公安20240410,"[""C030""]",通报4月10日翠岭路38岁余某伤2名路人，均无生命危险。,,,,,,,
CS042,https://www.thepaper.cn/newsDetail_forward_31046919,一男子驾驶小客车与行人发生碰撞，北京密云警方发布通报,澎湃新闻/平安密云,2025-06-26,2026-09-16,官方媒体,北京密云公安20250626,"[""C031""]",35岁韩某某驾车操作不当撞行人；人数未公布。,,,,,,,
CS043,https://www.thepaper.cn/newsDetail_forward_30822710,北京警方：海淀小客车刮碰行人事故致4人受伤，肇事司机被查获,澎湃新闻/北京交警,2025-05-15,2026-09-16,官方媒体,北京交警20250515,"[""C032""]",健安西路4伤；官方称刮碰行人交通事故，原因进一步调查。,,,,,,,
CS044,https://xinwen.bjd.com.cn/content/s671989e0e4b01a5d71ca5efa.html,青岛警方深夜通报,北京日报/长安街知事,2024-10-24,2026-09-16,官方媒体,青岛市北公安20241024,"[""C033""]",搅拌车与多车碰撞，3人留院、无生命危险；48岁孙某某涉嫌醉驾。,,,,,,,
CS045,https://www.hk01.com/article/60335629,传北京市集有重型铲泥车冲撞人群致多人死伤,香港01,2026-03-31,2026-09-16,独立媒体,网络视频房山20260329,"[""C034""]",报道3月29日大韩继集市铲车冲撞传言；全文主要据社交视频和网络目击者，明确无官方通报、死伤未核实。,,,,,,,
CS046,https://www.secretchina.com/news/gb/2025/10/07/1089077.html,传福建男子中秋夜随机砍人 多人受伤包括儿童,看中国,2025-10-07,2026-09-16,汇编线索,社交视频泉港20251006,"[""C035""]",仅记录泉港永嘉天地持刀网传线索；7至8伤、儿童和离异精神病等均未交叉核实，不取其分析为事实。,,,,,,,
CS047,https://www.ntdtv.com/gb/2025/04/22/a103978828.html,放学时分 浙江金华轿车直冲校门撞倒一片,新唐人,2025-04-23,2026-09-16,汇编线索,社交视频金华20250422,"[""C036""]",主要据社交视频记录4月22日苏孟小学车撞人线索；缺通报、实际人数未核。,,,,,,,
CS048,https://www.ntdtv.com/gb/2026/04/04/a104083185.html,传沈阳男子连砍6人后跳楼,新唐人,2026-04-05,2026-09-16,汇编线索,社交视频沈阳20260404,"[""C037""]",网传4月4日太原街伤人，文本明确称真实性不明、未见官方；数字互相冲突，不用作精确伤亡。,,,,,,,
CS049,https://wz.jschina.com.cn/jrgc/202605/t20260503_s69f6b72ee4b0d4f4536434af.shtml,广西柳州警方深夜通报：一小区发生刑事案件，造成4人死亡（其中1人有重大嫌疑），1人受伤,中国江苏网/柳州城中警方,2026-05-03,2026-09-16,官方媒体,柳州城中公安20260502,"[""C038""]",官方通报4名死者含1名重大嫌疑人；受害者记3死1伤、嫌疑人死亡另列，关系和作案方法未知。,,,,,,,
CS050,https://news.dayoo.com/guangdong/202404/26/139996_54661857.htm,肇庆发生一起小汽车碰撞摩托车交通事故，警方通报,广州日报大洋网/平安封开,2024-04-26,2026-09-16,官方媒体,封开公安20240426,"[""C039""]",仅确认4月26日江口街道汽车撞摩托车，有人受伤；无人数与主动攻击证据。,,,,,,,
CS051,https://news.cnr.cn/native/gd/kx/20240727/t20240727_526818744.shtml,湖南长沙机动车撞人案致8死5伤 犯罪嫌疑人已被警方控制,央广网/央视新闻,2024-07-27,2026-09-16,官方媒体,长沙开福公安20240727,"[""C040""]",7月27日月湖街道舟桥路8死2重伤3轻伤，55岁粟某某被控制；未明动机与被害关系。,,,,,,,
CS052,https://hunan.voc.com.cn/news/202608/33525425.html,外卖小哥骑车撞翻持刀伤人醉酒男子,华声在线/红星新闻,2026-08-19,2026-09-16,官方媒体,红星新闻西宁20260819,"[""C041""]",报道8月18日西宁持刀者被外卖员和群众制服、警方强制措施；未披露伤亡数字与关系。,,,,,,,
CS053,https://www.ntdtv.com/b5/mkt_ipad/2026/08/19/a104125555.html,传汕头和西宁连发当街砍人事件,新唐人,2026-08-20,2026-09-16,汇编线索,社交视频汕头西宁20260818,"[""C041"", ""C042""]",仅用于记录汕头8月18日晚陈厝合线索及西宁网传日期/人数冲突；无独立核实。,,,,,,,
CS054,https://www.nanchongpeace.gov.cn/yasf/20250514/2970328.html,为泄愤四处纵火 男子犯放火罪获刑3年,南充长安网/四川法治报,2025-05-14,2026-09-16,官方媒体,四川法治报曾昌文新津20250514,"[""C043""]",记者从新津法院获知2024年11月25日任某四处烧车和棋牌室财物，刑期3年；报道无人员受伤或直接袭击人员事实，排除核心。,,,,,,,
CS055,https://www.jiemian.com/article/14379624.html,成都车祸致人死伤，警方通报,界面新闻/成都交警,2026-05-01,2026-09-16,官方媒体,成都交警20260501,"[""C044""]",完整通报31岁李某某转弯撞人后逃逸继续碰撞；1死11伤，初查交通肇事逃逸。,,,,,,,
CS056,https://www.rfa.org/mandarin/shehui/2025/01/27/shenyang-food-shopping-mall-explosion-xi-jinping-inspection/,沈阳大东商场外爆炸报道,自由亚洲电台,2025-01-27,2026-09-16,独立媒体,RFA夏小华乾朗沈阳20250127,"[""C045""]",报道1月26日大东副食品商场外爆炸，原因及死伤未知；转述红星采访警方仍调查。政治动机仅评论猜测，不采纳。,,,,,,,
CS057,https://www.jiemian.com/article/11670636.html,山东东平一中学门口校车失控致11死13伤，公交公司相关人员被带走,界面新闻,2024-09-03,2026-09-16,官方媒体,东平公安20240903及界面新闻采访,"[""C046""]",全文转载通报车辆失控，11死13伤；记者采访公交公司确认车辆与人员被调查。,,,,,,,
CS058,https://society.yunnan.cn/system/2025/07/21/033552544.shtml,昆明警方发布警情通报,云南网/昆明交警,2025-07-21,2026-09-16,官方媒体,昆明交警20250721,"[""C047""]",7月20日49岁李某某越野车碰撞后逃逸，2死9伤；初查交通肇事逃逸。,,,,,,,
CS059,https://www.fnn.jp/articles/-/818910,苏州日本母子遇袭案判死刑，日本外务省说明判决,富士电视台FNN,2025-01-23,2026-09-16,独立媒体,日本外务省苏州判决20250123,"[""C013""]",记者援引日本外务省说明：1月23日故意杀人罪死刑，无业被告因债务厌世杀伤3人，判决未谈是否针对日本人。,,,,,,,
CS060,https://www.zaobao.com.sg/news/china/story20250124-5786878,为博关注行凶 深圳日本孩童遇袭案嫌犯被判死刑,联合早报,2025-01-24,2026-09-16,独立媒体,联合早报林煇智及日本使馆说明20250124,"[""C013"", ""C014""]",驻深圳记者核实1月24日深圳宣判；援引日驻华大使介绍判决称买刀杀儿童为网络关注。亦记苏州1月23日死刑。,,,,,,,
R_NBS_POP,https://www.stats.gov.cn/sj/ndsj/2025/html/C02-05.jpg,中国统计年鉴2025：分地区年末人口数,国家统计局,2025,2026-09-16,统计,NBS2025,"[""provincial_context""]",31省2018—2024逐年数据，原表图片逐行转录；人口为年末常住人口，分省不含现役军人。,,,,,,,
R_NBS_URBAN,https://www.stats.gov.cn/sj/ndsj/2025/html/C02-06.jpg,中国统计年鉴2025：分地区年末城镇人口比重,国家统计局,2025,2026-09-16,统计,NBS2025,"[""provincial_context""]",31省2018—2024逐年数据，原表图片逐行转录；人口为年末常住人口，分省不含现役军人。,,,,,,,
R_NBS_INCOME,https://www.stats.gov.cn/sj/ndsj/2025/html/C06-18.jpg,中国统计年鉴2025：分地区居民人均可支配收入,国家统计局,2025,2026-09-16,统计,NBS2025,"[""provincial_context""]",31省2018—2024逐年数据，原表图片逐行转录；人口为年末常住人口，分省不含现役军人。,,,,,,,
R_NBS_EMPLOYMENT,https://www.stats.gov.cn/sj/ndsj/2025/html/C04-03.jpg,中国统计年鉴2025：4-3分地区就业人员构成（2024年底数）,国家统计局,2025,2026-09-16,统计,NBS2025,"[""provincial_context""]",31省2024就业人员与第三产业就业人数，单位万人；就业结构不可当作失业率。,,,,,,,
R_POP2025_MEDIA,https://m.yicai.com/news/103157557.html,31省份去年常住人口数据公布（附31省2025年末人口表）,第一财经,2026-04-28,2026-09-16,媒体统计整理,YICAI20260428,"[""provincial_context""]",据各省披露汇总31省2025年末人口；图表仅转录数值。与NBS年鉴口径分列，并保留原始统计公报追溯缺口。,,,,,,,
R_SAFETY_SZ,https://ga.sz.gov.cn/gkmlpt/content/11/11134/post_11134265.html,遇到有人企图持刀行凶怎么办？,深圳市公安局,2024-02-08,2026-09-16,公安,SZPSB20240208,"[""prevention""]",确保自身安全后报警；脱险后在力所能及范围提醒其他人远离，并通知附近巡逻力量。检索工具呈现完整短文，直接打开曾超时。,,,,,,,
R_SAFETY_MOE,https://www.moe.gov.cn/jyb_xwfb/xw_zt/moe_357/2025/2025_zt09/nwwd/202505/t20250519_1191192.html,幼儿园应如何加强安全管理？,教育部,2025-05-19,2026-09-16,公共安全指引,MOE20250519,"[""prevention""]",提出定期培训演练、门口硬质防冲撞设施、专职保安、一键紧急报警、视频监控和护学岗等措施。检索工具呈现完整正文，直接打开曾发生重定向循环。,,,,,,,
R_SAFETY_UK,https://www.protectuk.police.uk/advice-and-guidance/response/run-hide-tell,RUN HIDE TELL,英国反恐警务 ProtectUK,2026-05-21,2026-09-16,公共安全指引,PROTECTUK20260521,"[""prevention""]",安全路线撤离，无法撤离时躲藏并减少暴露，在安全后报告事件、位置和伤亡。中国情境须使用110/120，不沿用英国报警号码。,,,,,,,
R_NTAC2024,https://www.secretservice.gov/sites/default/files/reports/2024-10/Behavioral-Threat-Assessment-Units-A-Guide-for-State-and-Local-Law-Enforcement-to-Prevent-Targeted-Violence.pdf,Behavioral Threat Assessment Units: A Guide for State and Local Law Enforcement to Prevent Targeted Violence,美国特勤局国家威胁评估中心,2024-10-16,2026-09-16,研究与防范指引,NTAC2024,"[""prevention""]",第12页强调无法以特定人口画像识别施袭者，关注行为与沟通线索、旁观者报告和干预。第16页列出评估、管理和持续改进步骤。公共PDF已下载并用pypdf核对，研究背景为美国定向暴力，不可直接推为中国统计因果。,,,,,,,
R_NBS_UNEMP,https://www.stats.gov.cn/zs/tjws/tjzb/202301/t20230101_1903672.html,什么是调查失业率,国家统计局,,2026-09-16,统计,NBS_METHOD,"[""context_method""]",区分调查失业率口径；本研究未取得覆盖全研究期的同口径省级失业率面板，保留缺失，不用登记失业率替代。,,,,,,,
R_GEO,https://geo.datav.aliyun.com/areas_v3/bound/100000_full.json,中国省级行政区地理边界,阿里云DataV,,2026-09-16,地图,DATAV,"[""map""]",仅作为行政区可视化边界；分析范围为大陆31省级地区，港澳台不着统计色。,,,,,,,
RS002,https://www.thepaper.cn/newsDetail_forward_25680410,办案检察官详解长春高空抛物致死案,法治日报（澎湃转载）,2023-12-16,2026-09-16,检察院与法院事实转载,法治日报长春20231216,"[""B40a"", ""B40b"", ""B41""]",法院查明6月17日16:30投水桶致1伤，22:40再次投罐装饮料致另1伤；6月22日21至23时投砖致1死。两个同日过程相隔6小时10分，分别计件。同源于BS43，不能当作额外独立印证。,,,,,,,
RS001,https://ijs.ifeng.com/6823540/news.shtml,镇江精神疾患男子持2把菜刀砍伤7人 交警戴手套夺刀,扬子晚报网／凤凰网江苏,2018-08-22,2026-09-16,公安,镇江润州公安20180821通气会,"[""A010""]",记者报道8月21日警方通气会，伤者由初报5人更新为7人；警方披露沿途持刀伤人、砍伤过路女子并抢其电动车；嫌疑人另有伤情并送医。,True,报道正文明确引述润州公安分局政治部主任及警方通气会；并非仅根据媒体标题判断。,,,,,
RCS001,https://m.bjnews.com.cn/detail/1715079361168094.html,云南镇雄医院持刀伤人男子已被抓获,新京报,2024-05-07,2026-09-16,独立媒体（引述官方渠道）,zhenxiong-bjnews-20240507,"[""C007""]",记者闫沫琛、赵敏从当地官方渠道核实嫌犯被捕及伤者含儿童；正文转载警方2死21伤，未披露攻击选择方式。,,,正文已打开,,,,
RCS002,https://www.ctdsb.net/c1716_202410/2273430.html,广州一小学附近发生持刀伤人事件 三人受伤,大皖新闻（极目新闻转载）,2024-10-08,2026-09-16,公安与记者核实,tianhe-police-20241008,"[""C015""]",完整转载天河公安：华强路持刀伤害路人，3名群众受伤；记者联系辖区派出所确认发生。网友所述2儿童1女性与财新身份核实分开，不当独立现场采集。,,,正文已打开,,,,
RCS003,https://finance.sina.com.cn/wm/2024-05-08/doc-inaunxuw9473291.shtml,刑释男子，在医院随机杀人,南风窗（新浪转载）,2024-05-08,2026-09-16,独立媒体,zhenxiong-nanfeng-20240508,"[""C007""]",独立采访伤者之女，母亲陪儿童就诊时受伤；标题使用随机，但正文未明确施害者与伤者是否相识。记者比对旧案姓名、户籍、年龄，称匹配，不能推定旧案不满即本案动机。,,,正文已打开,,,,
RCS004,https://k.sina.com.cn/article_1496814565_m593793e503301zdlw.html,警方通报街头持刀伤人致4伤,封面新闻（新浪官方账号）,2026-03-31,2026-09-16,独立媒体,wuhan-qingsong-cover-20260331,"[""C027""]",封面记者现场走访店主：施害者平日住附近，目击者没有看到事情起因；见其水果刀伤人后又去另一店拿裁纸刀，民警与群众制服。没有明确证实受害者关系，不改变pending；不将异常观感写成精神医学诊断。,,,正文已打开,,,,
RSD001,https://www.sohu.com/a/826134372_355825,珠海警方通报重大恶性案件：35人死亡，43人受伤,南海融媒／搜狐转载珠海公安,2024-11-12,2026-09-16,公安,zhuhai-police-20241112,"[""C001""]",完整警情文字明确樊某男、62岁、离异；未披露职业。用于补年龄性别，不据司机一词推定以驾驶为职业。,True,,,,,,
RSD002,https://china.caixin.com/m/2024-12-23/102271255.html,案发一个月后落槌 湖南常德驾车撞人凶手获判死缓,财新,2024-12-23,2026-09-16,独立媒体,changde-police-20241119,"[""C003""]",正文引用11月19日鼎城区公安警情：黄某男39岁，并明确与后来被判死缓的黄文为同一人；未披露职业。,True,,,,,,
RSD003,https://www.thepaper.cn/newsDetail_forward_27849958,苏州警方通报日本公民遇袭事件：嫌犯已被刑拘,澎湃新闻转载高新公安微警务,2024-06-25,2026-09-16,公安,suzhou-police-20240625,"[""C013""]",警方案发次日通报周某某男52岁，为近期从外地来苏州的无业人员。仅补人口特征，不回退后续伤亡结论。,True,,,,,,
LXS26A01,https://instalker.org/whyyoutouzhele/status/2039625155404509246,李老师：2026年12起线索及往年汇总,李老师不是你老师／Instalker,2026-04-02,2026-09-16,汇编线索,li-2039625155404509246,"[""LX26A01"", ""LX26A02"", ""LX26A03"", ""LX26A04"", ""LX26A05"", ""LX26A06"", ""LX26A07"", ""LX26A08"", ""LX26A09"", ""LX26A10"", ""LX26A11"", ""C034"", ""C027""]",2026段列12项，深圳同一项含两地；名单混有交通事故、定向纠纷，部分日期与同期帖或警方通报不同，逐案复核。,,,X原站访问失败；Instalker完整文字可读；Telegram 35533同源摘录可读,,,https://x.com/whyyoutouzhele/status/2039625155404509246,
LXS26A02,https://t.me/s/lilaoshibushinilaoshi/28333,中山港口货车冲撞线索,李老师不是你老师／Telegram公开镜像,2026-01-19,2026-09-16,汇编线索,li-2013240567606464850,"[""LX26A01""]",称1月19日港口镇货车冲撞及重复碾压；故意性、枪声等未获独立印证。,,,X仅登录外壳；Telegram文字可读,,,https://x.com/whyyoutouzhele/status/2013240567606464850,X status ID时间戳所对应UTC日期，仅作发帖元数据，不代替案发日期
LXS26A03,https://portal.sina.com.hk/news-china/sina/2026/01/19/1453890/,警方通报中山货车碰撞多车,新黄河／新浪香港,2026-01-19,2026-09-16,官方媒体,gangkou-police-20260119,"[""LX26A01""]",通报世纪西路货车碰撞汽车、电动摩托，2伤；27岁司机被控制，语言行为异常，未定性故意袭击。,,,web正文访问失败；HTTP 200获取并核对完整文字,,,,
LXS26A04,https://t.me/s/lilaoshibushinilaoshi/28881,广州太和街头夫妻遇袭投稿,李老师不是你老师／Telegram公开镜像,2026-01-27,2026-09-16,汇编线索,social-taihe-20260126,"[""LX26A02""]",原帖明确写1月26日，描述带孩子夫妻遇持刀袭击；癌症与伤情是投稿说法，汇总误写1月27日。,,,X原站403；Telegram公开页文字与原帖链接可读,,,https://x.com/whyyoutouzhele/status/2016096346025939186,X status ID时间戳所对应UTC日期，仅作发帖元数据，不代替案发日期
LXS26A05,https://www.ntdtv.com/b5/2026/01/27/a104060679.html,传广州街头持刀袭击夫妻,新唐人,2026-01-27,2026-09-16,独立媒体,social-taihe-20260126,"[""LX26A02""]",转述网络监控和知情网友，案发写1月26日；没有独立采访核实癌症、关系及死伤。,,,正文已打开,,,,
LXS26A06,https://t.me/s/lilaoshibushinilaoshi/29195,银川朝阳巷持刀杀人初帖,李老师不是你老师／Telegram公开镜像,2026-02-01,2026-09-16,汇编线索,li-2017756836741468453,"[""LX26A03""]",初帖称税费口角，后续警方明确为同小区群组琐事争执约见，不能采信税费说法。,,,X cache miss；Telegram文字可读,,,https://x.com/whyyoutouzhele/status/2017756836741468453,X status ID时间戳所对应UTC日期，仅作发帖元数据，不代替案发日期
LXS26A07,https://xinwen.bjd.com.cn/content/s697ed8d6e4b0cd719e9d0524.html,银川警方通报小区群争吵后持刀致1死,平安兴庆／北京日报客户端,2026-02-01,2026-09-16,公安,xingqing-police-20260201,"[""LX26A03""]",1月31日同小区两居民群内口角后约见，44岁嫌疑人持刀杀死对方，被刑拘；未见无关受害者。,,,正文已打开,,,,
LXS26A08,https://t.me/s/lilaoshibushinilaoshi/29367,深圳万丰海岸城女子遭刺线索,李老师不是你老师／Telegram公开镜像,2026-02-03,2026-09-16,汇编线索,li-2018738337733914646,"[""LX26A04""]",2月3日商场女子遭男子刺伤，群众和保安制止；关系、动机与伤亡未经警方或独立采访核实。,,,X原站403；Telegram公开页文字与原帖链接可读,,,https://x.com/whyyoutouzhele/status/2018738337733914646,X status ID时间戳所对应UTC日期，仅作发帖元数据，不代替案发日期
LXS26A09,https://t.me/s/lilaoshibushinilaoshi/30537,德润龙庭业主举报车辆冲撞原帖引用,李老师不是你老师／Telegram公开镜像,2026-02-12,2026-09-16,汇编线索,social-derun-202602,"[""LX26A05""]",2月12日发布的举报未明确案发日，称开发商驾车冲撞维权一家；属于具名定向争议线索。,,,X返回0行空页；Telegram后续帖中原帖引用文字可读,,,https://x.com/whyyoutouzhele/status/2021957529614659891,X status ID时间戳所对应UTC日期，仅作发帖元数据，不代替案发日期
LXS26A10,https://t.me/s/lilaoshibushinilaoshi/30537,德润龙庭车辆冲撞举报后续,李老师不是你老师／Telegram公开镜像,2026-02-16,2026-09-16,汇编线索,social-derun-202602,"[""LX26A05""]",称处罚为拘留5日，未取得处罚决定原文及独立调查；不据此认定刑事事实或无关公众受袭。,,,原X未另直开；Telegram后续文字和原X链接可读,,,https://x.com/whyyoutouzhele/status/2023245955009818757,X status ID时间戳所对应UTC日期，仅作发帖元数据，不代替案发日期
LXS26A11,https://t.me/s/lilaoshibushinilaoshi/30834,河南开封街头持刀线索,李老师不是你老师／Telegram公开镜像,2026-02-21,2026-09-16,汇编线索,li-2025057897718124649,"[""LX26A06""]",原帖仅写近日，无明确案发年月日；精神病与死亡均为未印证投稿，不把2月21日发帖日当案发日。,,,X仅登录外壳；Telegram文字可读,,,https://x.com/whyyoutouzhele/status/2025057897718124649,X status ID时间戳所对应UTC日期，仅作发帖元数据，不代替案发日期
LXS26A12,https://t.me/s/lilaoshibushinilaoshi/34174,横琴女大学生遇袭初帖,李老师不是你老师／Telegram公开镜像,2026-03-22,2026-09-16,汇编线索,li-2035510951944819083,"[""LX26A07""]",3月22日初帖日期和随机性为猜测；后续警方指出实际案发3月20日晚，为抢劫案。,,,X原站403；Telegram公开页文字与原帖链接可读,,,https://x.com/whyyoutouzhele/status/2035510951944819083,X status ID时间戳所对应UTC日期，仅作发帖元数据，不代替案发日期
LXS26A13,https://xinwen.bjd.com.cn/content/s69bf8e49e4b0cd719e9f5995.html,横琴警方通报抢劫致1死,横琴发布／北京日报客户端,2026-03-22,2026-09-16,公安,hengqin-police-20260322,"[""LX26A07""]",警方确认3月20日晚26岁男子进入小区抢劫两人、1人死亡，3月21日抓获。受害关系和具体方式未披露。,,,web打开失败；HTTP 200获取正文核对,,,,
LXS26A14,https://t.me/s/lilaoshibushinilaoshi/34257,重庆观音桥冲撞初帖,李老师不是你老师／Telegram公开镜像,2026-03-22,2026-09-16,汇编线索,social-guanyinqiao-20260322,"[""LX26A08""]",最初称疑似报复社会；本人翌日转述官方疑似疾病说法。,,,X仅登录外壳；Telegram文字可读,,,https://x.com/whyyoutouzhele/status/2035710493772382393,X status ID时间戳所对应UTC日期，仅作发帖元数据，不代替案发日期
LXS26A15,https://k.sina.com.cn/article_1496814565_593793e502001z3i6.html,重庆交通事故警方通报及现场采访,封面新闻／新浪官方账号,2026-03-23,2026-09-16,独立媒体,liangjiang-police-20260323,"[""LX26A08""]",通报3月22日33岁司机疑似发病失控，司机死亡、3行人伤；记者现场采访确认伤者送医，未证故意性。,,,web cache miss；HTTP 200正文可读，包含完整警情通报,,,,
LXS26A16,https://t.me/s/lilaoshibushinilaoshi/34802,深圳龙岗龙城街道持刀线索,李老师不是你老师／Telegram公开镜像,2026-03-26,2026-09-16,汇编线索,li-2037212487309742093,"[""LX26A09""]",称3月26日晚快递装束男子攻击两学生；身份、伤亡及冲突起因均未核实。,,,X原站403；Telegram公开页文字与原帖链接可读,,,https://x.com/whyyoutouzhele/status/2037212487309742093,X status ID时间戳所对应UTC日期，仅作发帖元数据，不代替案发日期
LXS26A17,https://t.me/s/lilaoshibushinilaoshi/34812,深圳罗湖东门学生遇袭线索,李老师不是你老师／Telegram公开镜像,2026-03-26,2026-09-16,汇编线索,li-2037239673907535998,"[""LX26A10""]",称3月26日上午东门学生受袭；后续中央政法委事迹证实清晨女学生遇袭及救人者死亡。,,,X原站403；Telegram公开页文字与原帖链接可读,,,https://x.com/whyyoutouzhele/status/2037239673907535998,X status ID时间戳所对应UTC日期，仅作发帖元数据，不代替案发日期
LXS26A18,https://www.court.gov.cn/zixun/xiangqing/505401.html,2026年第二季度见义勇为勇士榜事迹,中央政法委／最高人民法院,2026-07-09,2026-09-16,官方材料,central-bravery-2026q2,"[""LX26A10"", ""LX26A12"", ""LX26A13"", ""LX26A14"", ""LX26A23""]",官方事迹确认昆明1月15日无故伤路人、白沙2月4日纠纷伤人并伤救助者、上海3月24日定向伤妻、深圳3月26日袭学生致救助者死亡。；另记载3月26日锡林浩特公交乘客攻击司机，并归因疾病发作，未披露医学诊断或行为意识。,,,正文已打开,,,,
LXS26A19,https://t.me/s/lilaoshibushinilaoshi/35338,杭州世嘉铭座入室伤人线索,李老师不是你老师／Telegram公开镜像,2026-03-31,2026-09-16,汇编线索,li-2038959494865313931,"[""LX26A11""]",原帖称3月31日凌晨敲门刺伤住户；年龄、疾病、自杀说法均未独立核实。,,,X原站403；Telegram公开页文字与原帖链接可读,,,https://x.com/whyyoutouzhele/status/2038959494865313931,X status ID时间戳所对应UTC日期，仅作发帖元数据，不代替案发日期
LXS26A20,https://t.me/s/lilaoshibushinilaoshi/35096,北京大韩继集市铲车事件原帖引用,李老师不是你老师／Telegram公开镜像,2026-03-29,2026-09-16,汇编线索,网络视频房山20260329,"[""C034""]",原帖称3月29日中午铲车冲入集市；数量、动机及因果待核；与既有C034同案。,,,X原站403；Telegram公开页文字与原帖链接可读,,,https://x.com/whyyoutouzhele/status/2038169287744229772,X status ID时间戳所对应UTC日期，仅作发帖元数据，不代替案发日期
LXS26A21,https://t.me/s/lilaoshibushinilaoshi/35388,武汉青松路持刀伤人帖,李老师不是你老师／Telegram公开镜像,2026-03-31,2026-09-16,汇编线索,social-qingsong-20260331,"[""C027""]",称沿街攻击路人并引警方4伤通报；帖子错写嫌疑人41岁，警方44岁为准。,,,X原站403；Telegram公开页文字与原帖链接可读,,,https://x.com/whyyoutouzhele/status/2039111132950962182,X status ID时间戳所对应UTC日期，仅作发帖元数据，不代替案发日期
LXS26A22,https://www.spp.gov.cn/spp/zdgz/202603/t20260330_725001.shtml,2026年第一季度见义勇为勇士榜事迹,中央政法委／最高人民检察院,2026-03-30,2026-09-16,官方材料,central-bravery-2026q1,"[""LX26A15"", ""LX26A16"", ""LX26A17"", ""LX26A18"", ""LX26A19""]",官方事迹补得中山教培定向伤人、南昌店员伤案、沈阳伤女孩及救人者、重庆陌生女子遇袭、巧家追砍群众；明确案发日期。,,,web返回403；HTTP 200原站正文可读；人民公安报新浪转载交叉核对,,,,
LXS26A23,https://news.southcn.com/node_17a07e5926/5380726b23.shtml,南昌警方通报万象城伤人案,南都N视频／南方网,2026-01-11,2026-09-16,官方媒体,honggutan-police-20260110,"[""LX26A15""]",警方确认1月10日晚32岁男子持陶瓷水果刀划伤1女子，表皮伤，现场被控制。,,,正文已打开,,,,
LXS26A24,https://www.thepaper.cn/newsDetail_forward_32373915,南昌万象城安保制止持刀者获奖,澎湃新闻,2026-01-13,2026-09-16,独立媒体,nanchang-mixc-award-20260113,"[""LX26A15""]",报道安保制止男子时险被推下扶梯，并核见商场奖励通报；素材注明综合网络。,,,正文已打开,,,,
LXS26A25,https://t.me/s/lilaoshibushinilaoshi/29375,江苏喷火伤人线索,李老师不是你老师／Telegram公开镜像,2026-02-03,2026-09-16,汇编线索,social-jiangsu-fire-20260202,"[""LX26A20""]",称2月2日江苏男子用喷火装置伤人；原因与死亡未独立核实。,,,原X未另直开；Telegram公开页文字与原帖链接可读,,,https://x.com/whyyoutouzhele/status/2018814351998918831,X status ID时间戳所对应UTC日期，仅作发帖元数据，不代替案发日期
LXS26A26,https://udn.com/news/story/7335/9309282,江苏扬州网传喷火器伤人事件,香港01／联合新闻网,2026-02-04,2026-09-16,独立媒体,social-jiangsu-fire-20260202,"[""LX26A20""]",转述2月2日网传影像及自称知情者；扬州位置和婚外关系均未获官方确认。与多家转发同素材，不算多源核实。,,,正文已打开,,,,
LXS26A27,https://www.wenming.cn/sbhr_pd/20260608/79715ed72bbf46df9c31f9262032df01/c.html,李川：深夜挺身挡利刃,重庆市文明办／中国文明网,2026-07-05,2026-09-16,官方媒体,chongqing-civilization-lichuan-2026,"[""LX26A18""]",明确1月27日女孩遭陌生男子尾随勒颈，代驾员护送时两人再遇持刀袭击；补足陌生受害关系。,,,web重定向循环；HTTP 200原站正文核对,,,,
LXS26A28,https://finance.sina.com.cn/wm/2026-03-14/doc-inhqxwhs7505969.shtml,武汉火锅店与广场舞纠纷致2伤,锦观新闻／新浪,2026-03-14,2026-09-16,独立媒体,wuhan-dance-baixing-20260313,"[""LX26A21""]",转引记者对商户和社区采访称3月11日火锅店主伤舞者及劝架者；未取得完整警方通报和第二独立采集。,,,正文已打开,,,,
LXS26A29,https://news.ifeng.com/c/8szHjTwGoiL,重庆朝阳中学校园持刀争议与救助,华商报大风新闻／凤凰网,2026-05-09,2026-09-16,独立媒体,huashang-chaoyang-school-20260509,"[""LX26A22""]",记者访家长称3月19日同学持刀伤人，校方否认；教委被转述确认日常矛盾冲突但称无伤，信息矛盾，无无关公众受袭证据。,,,正文已打开,,,,
LXS26A30,https://www.ntdtv.com/gb/2026/03/31/a104081779.html,武汉青松路现场影像的文字描述,新唐人,2026-03-31,2026-09-16,独立媒体,social-qingsong-20260331,"[""C027""]",描述网传连续片段中嫌疑人先袭摊贩、再刺路中男子、再伤经过女子；独立现场采访部分转引封面，不能视为新增独立采访。,,,正文已打开,,,,
LXS26A31,https://www.secretchina.com/news/gb/2026/04/09/1096914.html,深圳3月26日两起持刀事件报道,看中国,2026-03-27,2026-09-16,独立媒体,social-shenzhen-20260326,"[""LX26A09""]",文本署3月27日但URL为4月9日；转述两地网络视频，罗湖上午与龙岗晚间、被述嫌疑人不同；伤亡冲突且均无独立采访核实。,,,搜索结果展示文本可读；2026-09-16直开正文返回Cache miss，直接HTTP访问发生SSL连接失败，未取得正文页面。,,,,
LXS26B01,https://www.court.gov.cn/zixun/xiangqing/505401.html,中央政法委发布2026年第二季度见义勇为勇士榜,最高人民法院（人民法院新闻传媒总社）,2026-07-09,2026-09-16,官方媒体,central-bravery-2026q2,"[""LX26B01"", ""LX26B02"", ""LX26B25""]",官方事迹确认4月11日嘉禾外来男子无端袭击村民和过路女子；4月2日湖州员工刺负责人，救人同事被刺成重伤二级。另记4月7日山西供电职工追捕盗窃车辆时受伤，逃车危险动作与主动撞人须区分。,,,正文已访问,,,,
LXS26B02,https://finance.sina.com.cn/wm/2026-05-01/doc-inhwkpte5570692.shtml,广州地铁一男子向乘客乱喷辣椒水，多方回应,锦观新闻转载潇湘晨报、荔枝新闻,2026-05-01,2026-09-16,官方媒体,guangzhou-pepper-2026-xiaoxiang-lizhi,"[""LX26B03""]",分别转述潇湘晨报记者访问亲历者和联系地铁、公交警方，以及荔枝新闻的另一位亲历者与派出所回应。车厢乘客遭喷雾后咳嗽流泪；派出所人员称男子已被抓。,,,正文已访问,,,,
LXS26B03,https://www.cna.com.tw/news/acn/202605010171.aspx,广州地铁传辣椒水袭击，一男子车厢内无差别狂喷,中央社,2026-05-01,2026-09-16,独立媒体,guangzhou-pepper-2026-xiaoxiang-lizhi,"[""LX26B03""]",转述荔枝采访及现场视频；偷拍引发冲突仅为社交说法，与其他转述不另算独立采访。,,,正文已访问,,,,
LXS26B04,https://jingxuan.douyin.com/m/video/7635247540539034890,广州地铁车厢喷雾事件现场核实,广东广播电视台《今日关注》,2026-05-02,2026-09-16,官方媒体,guangdong-tv-guangzhou-pepper-2026,"[""LX26B03""]",广东台记者到体育西站采访核实，报道车内多人咳嗽流泪；工作人员要求等官方通报，警方尚未回复。视频发布页文字已访问，未下载影像。,,,正文已访问,,,,
LXS26B05,https://www.epochtimes.com/gb/26/4/22/n14747616.htm,广东惠州市一男子随机砍人 死伤5人,大纪元,2026-04-23,2026-09-16,独立媒体,epoch-huizhou-20260422,"[""LX26B04"", ""LX26B05""]",记者采访当地学生转述亲友所见4月22日中园广场多人遭刀伤；另有受访者称数日前帝都酒店前发生持刀事件。精确伤亡和作案动机说法均未独立核实。,,,正文已访问,,,,
LXS26B06,https://x.com/whyyoutouzhele/status/2068635036157644991,网友投稿：6月19日无锡车展车模遭持刀袭击,李老师不是你老师（X）,2026-06-21,2026-09-16,汇编线索,li-wuxi-2068635036157644991,"[""LX26B06""]",原帖URL由X-Sou索引取得；本次原站未返回正文，不能视为现场独立核实。,,,X原站返回空白，正文不可读,,,https://x.com/whyyoutouzhele/status/2068635036157644991,
LXS26B07,https://x-sou.com/en/u/whyyoutouzhele/2068635036157644991,李老师不是你老师投稿镜像：无锡车展持刀线索,X-Sou镜像,2026-06-21,2026-09-16,汇编线索,li-wuxi-2068635036157644991,"[""LX26B06""]",搜索索引可见6月19日车展持刀攻击一名车模及安保制止的帖文文本；镜像正文打开失败，伤者关系、伤情与事件真实性待核。,,,搜索摘要可见；镜像正文访问失败；TwStalker替代镜像也失败,,,https://x.com/whyyoutouzhele/status/2068635036157644991,
LXS26B08,https://www.ntdtv.com/b5/2026/07/03/a104111939.html,山东滕州男子当街随机砍人 传7人被砍,新唐人,2026-07-03,2026-09-16,汇编线索,ntd-tengzhou-20260628,"[""LX26B07""]",转述6月28日和馨园附近家庭纠纷后沿街袭人及7人被砍传言，报道明确真实性不明；画面仅显示救护与控制男子，不能确定随机攻击全过程。,,,正文已访问,,,,
LXS26B09,https://china.caixin.com/2026-06-05/102451487.html,重庆理工一副校长遇刺身亡 凶手已被刑拘,财新,2026-06-05,2026-09-16,独立媒体,banan-police-20260605,"[""LX26B08""]",可见正文引警方通报称同事矛盾导致小区内持刀杀害同事，记者核实死者身份；无袭击无关公众证据。,,,正文已访问,,,,
LXS26B10,https://gx.cnr.cn/cnrgx/gxrd/20260611/t20260611_527656349.shtml,广西桂林兴安发生爆炸事件 致7死17伤,央广网转载兴安县公安局,2026-06-11,2026-09-16,公安,xingan-police-20260611,"[""LX26B09""]",通报6月11日1时40分灵湘路爆炸、7死、17人送医且另有轻伤；初步排除管道燃气，原因仍在调查，不等于确认人为袭击。,,,正文已访问,,,,
LXS26B11,https://www.epochtimes.com/gb/26/6/11/n14786433.htm,广西兴安发生爆炸事件 至少7死30余伤,大纪元,2026-06-11,2026-09-16,独立媒体,epoch-xingan-20260611,"[""LX26B09""]",附近居民接受采访描述爆炸和伤亡；老人报复、夫妻自杀、经济纠纷等多版本均被受访者标为传闻，不能确定人为性或动机。,,,正文已访问,,,,
LXS26B12,https://www2.xinhuanet.com/20260722/4034673491c94719802e2cce2bf5f402/c.html,郑州通报：宏达国际车业广场火灾系人为放火,新华社,2026-07-22,2026-09-16,公安,jinshui-police-20260722,"[""LX26B10""]",警方确认6月19日晚火灾由陆某因经营纠纷纵火造成，2死2伤，嫌疑人因涉嫌放火罪被批准逮捕。,,,正文已访问,,,,
LXS26B13,https://www.jiemian.com/article/14808491.html,郑州宏达国际车业广场火灾致2死2伤，警方：因经营纠纷纵火,界面新闻,2026-07-22,2026-09-16,独立媒体,jinshui-police-20260722,"[""LX26B10""]",完整转述警方及6月20日消防通报：三层商铺起火，疏散30人，2名轻伤者；未说明受害人与原经营纠纷关系。,,,正文已访问,,,,
LXS26B14,https://www.epochtimes.com/gb/26/5/3/n14755714.htm,五一长假 大陆连爆撞人砍人事件,大纪元,2026-05-05,2026-09-16,独立媒体,epoch-pingyang-liuzhou-20260504,"[""LX26B11"", ""C038""]",采访称平阳5月3日临区菜市场道路车辆撞人，盗窃逃离、慌乱误踩等说法冲突；柳州采访仅补居民说法，未核实被害关系。,,,正文已访问,,,,
LXS26B15,https://www.guancha.cn/politics/2026_04_14_813610.shtml,警方通报黑色路虎街头冲撞多车：2人伤8车受损,观察者网转载衢州公安,2026-04-14,2026-09-16,公安,quzhou-police-20260414,"[""LX26B12""]",完整读取警方转述：4月13日晚2人受伤、8车受损、36岁男驾驶人刑拘；网传3死不获支持。,,,浏览器正文超时；随后通过公开网页HTML成功读取完整警方通报,,,,
LXS26B16,https://www.sohu.com/a/1011659164_100116740,福建南安水头镇发生交通事故，致2死1伤,南方Plus客户端,2026-04-19,2026-09-16,官方媒体,nanfang-nanan-20260419,"[""LX26B13""]",记者向南安市相关部门获悉逆向车辆撞倒群众2死1伤，原因仍查；酒驾仅网友说法。,,,浏览器正文超时；随后通过公开网页HTML成功读取南方+记者采访正文,,,,
LXS26B17,https://t.me/s/tiquan87?before=40295,网传海南儋州未成年人驾驶车辆连撞,Telegram缅甸华人事件频道,,2026-09-16,汇编线索,telegram-danzhou-20260407,"[""LX26B14""]",频道转述4月7日儋州车辆连撞线索，并注明官方未通报；年龄、用药、死亡人数皆未核。,,,正文已访问,,,,
LXS26B18,https://pincong.rocks/article/92938,论坛评论中的2026年4月事件线索,品葱用户评论,2026-05-02,2026-09-16,汇编线索,pincong-20260502-april-leads,"[""LX26B12"", ""LX26B13"", ""LX26B14"", ""LX26B15""]",5月2日评论列4月17日临沂面粉厂疑似纵火，并列衢州、儋州、南安等线索；不是现场采集或官方确认。,,,正文已访问,,,,
LXS26B19,https://www.ntdtv.com/gb/2026/08/17/a104124869.html,新闻第一线节目中的2026年6月车辆事件回顾,新唐人,2026-08-17,2026-09-16,汇编线索,ntd-commentary-20260817,"[""LX26B16"", ""LX26B17""]",节目简要提及6月随州大润发路段车辆冲撞及漯河连环车祸疑报复社会，未给案发日和原始来源；仅作低可信候选保留。,,,正文已访问,,,,
LXS26B20,https://www.zaobao.com.sg/news/china/story20260406-8846459,沈阳闹区街头发生随机砍人案 伤亡情况不明,联合早报,2026-04-06,2026-09-16,独立媒体,shenyang-online-videos-20260404,"[""C037""]",正文据网传视频描述至少三人受伤，并综合明报等；未显示独立访问现场证人，伤亡规模与凶手后续依然不明。,,,正文已访问,,,,
LXS26B21,https://x.com/whyyoutouzhele/status/2040449312027480228,4月4日沈阳太原街恶性持刀事件投稿,李老师不是你老师（X）,2026-04-04,2026-09-16,汇编线索,li-shenyang-2040449312027480228,"[""C037""]",原status URL从媒体内嵌引用提取，原站访问没有正文。,,,原Twitter链接返回空白，无可读正文,,,https://x.com/whyyoutouzhele/status/2040449312027480228,
LXS26B22,https://info.51.ca/articles/1530102?wyacs=info-article-item-bt-related,沈阳街头砍人事件报道及X内嵌帖文,无忧资讯（自由时报等转述）,2026-04-05,2026-09-16,汇编线索,li-shenyang-2040449312027480228,"[""C037""]",内嵌李老师4月4日帖文及原status链接，含多种未经证实伤亡说法；不将此转载与原帖计算为独立采集。,,,转载页和嵌入帖文文字可读；原站返回空白,,,https://x.com/whyyoutouzhele/status/2040449312027480228,
LXS26B23,https://x.com/whyyoutouzhele/status/2050186973680463941,5月1日成都剑南大道车辆冲撞帖文,李老师不是你老师（X）,2026-05-01,2026-09-16,汇编线索,li-chengdu-2050186973680463941,"[""C044""]",原status由当日讨论中的引用取得；原站403，不能据评论认定主动袭击。,,,原站403 Forbidden,,,https://x.com/whyyoutouzhele/status/2050186973680463941,
LXS26B24,https://pincong.rocks/article/id-93529__sort_key-agree_count__sort-DESC,成都剑南大道事件讨论与原帖链接,品葱,2026-05-01,2026-09-16,汇编线索,li-chengdu-2050186973680463941,"[""C044""]",评论保留李老师原status链接；讨论将事件称无差别，但没有独立调查可推翻警方肇事逃逸初查。,,,搜索结果可见原帖引用及讨论；页面打开失败；X原站403,,,https://x.com/whyyoutouzhele/status/2050186973680463941,
LXS26B25,https://www.secretchina.com/news/gb/2026/04/13/1097711.html,宁波工厂大火伴随爆炸声,看中国,2026-04-13,2026-09-16,汇编线索,secretchina-ningbo-20260413,"[""LX26B18""]",报道承认网传起火企业名称有误，并引述员工称焊接引燃废料；无可核实纵火证据。,,,正文已访问,,,,
LXS26B26,https://www.jinantimes.com.cn/news-7-5242526.html,宁波奉化一工业园区厂房起火，官方最新通报,新黄河,2026-04-13,2026-09-16,官方媒体,fenghua-government-20260413,"[""LX26B18""]",记者联系应急部门并全文转述奉化发布：尚桥工业园火灾扑灭，无人员伤亡，起火原因待查。,,,正文已访问,,,,
LXS26B27,https://www.sohu.com/a/1015325759_120914498,郴州70岁老人救助过路女子受重伤，当地拟申报见义勇为,潇湘晨报·晨视频,2026-04-27,2026-09-16,独立媒体,xiaoxiang-jiahe-20260427,"[""LX26B01""]",记者采访救人村民、其家人及县政法委；记述陌生男子先伤村民一家3人，再追打和拦截陌生路人，救援者也受伤。,,,正文已访问,,,,
LXS26B28,https://chinanewscenter.com/archives/54597,网传泰安住宅楼爆炸线索,中国新闻中心转载X用户罗翔——破幕推墙,2026-04-29,2026-09-16,汇编线索,luoxiang-taian-20260429,"[""LX26B19""]",文章仅转引匿名投稿称住宅楼爆炸，未给地点或采访；事件本身、所谓干部身份与大规模伤亡均未获证实。,,,转载正文可读；原X帖经twitter链接打开失败（Cache miss）,,,https://x.com/LUOXIANG_PMTQ/status/2049510723479335144,
LXS26B29,https://www.cqnews.net/web/content_1516186385103147008.html,江苏如东倒车冲撞丧事现场，当地政府称操作不当,第1眼TV-华龙网,2026-06-15,2026-09-16,官方媒体,rudong-government-20260615,"[""LX26B20""]",全文转述政府情况通报：倒车操作不当，1人死亡7人受伤，其中1人伤势较重。,,,正文已访问,,,,
LXS26B30,https://m.thepaper.cn/newsDetail_forward_33391579,灌南警方通报醉驾交通事故造成2人死亡,光明网（澎湃号）,2026-06-16,2026-09-16,公安,guannan-police-20260616,"[""LX26B21""]",完整警方通报指23岁女子醉驾造成2人死亡、同车1人轻微伤，已刑拘；未表明主动袭人。,,,浏览器抓取失败；随后通过公开网页HTML成功读取完整警方通报,,,,
LXS26B31,https://www.epochtimes.com/b5/26/5/1/n14754503.htm,成都车辆碰撞事件现场目击者采访,大纪元,2026-05-02,2026-09-16,独立媒体,epoch-chengdu-interviews-20260502,"[""C044""]",两名化名目击者接受记者采访，描述多个路段连续碰撞及司机停车后取刀；其判断动机和推测死伤部分未经证实。,,,正文已访问,,,,
LXS26B32,https://www.cna.com.tw/news/acn/202605010246.aspx,成都闹区开车冲撞多人，警方通报1死11伤,中央社,2026-05-01,2026-09-16,独立媒体,li-chengdu-2050186973680463941,"[""C044""]",记者梳理李老师发布的行车记录影像，描述加速右转撞行人、逆上人行道后倒车再撞机车；并列警方事故后逃逸初查，影像来自同一X传播链。,,,正文已访问,,,https://x.com/whyyoutouzhele/status/2050186973680463941,
LXS26B33,https://t.me/lilaoshibushinilaoshi/44470,天津津南6月26日疑似持刀斗殴帖文,李老师不是你老师官方电报频道（自称）,2026-06-27,2026-09-16,汇编线索,li-tianjin-2070839570053095833,"[""LX26B22""]",镜像称正营路瞬新广场附近发生多人斗殴，有人疑持刀；原因及伤亡待警方通报，尚未独立验证。,,,Telegram公开频道HTML正文及2026-06-27时间戳可读；单帖嵌入页打开失败；X原站打开为0行空白,,,https://x.com/whyyoutouzhele/status/2070839570053095833,
LXS26B34,https://amp.dw.com/zh/北京官方通报小飞机撞击中国尊调查结果/a-77798673,北京官方通报小飞机撞击中国尊调查结果,德国之声,2026-07-02,2026-09-16,独立媒体,chaoyang-government-20260702,"[""LX26B23""]",转述7月2日调查：66岁男驾驶员偏离飞行区域后撞楼死亡，日记多次表露自杀想法；认定个人原因造成危害公共安全案件，未具体披露对楼内公众的伤害意图。,,,正文已访问,,,,
LXS26B35,https://www.cna.com.tw/news/acn/202606270161.aspx,北京官方证实小飞机撞高楼，驾驶死亡13人伤,中央社,2026-06-27,2026-09-16,独立媒体,chaoyang-government-20260627,"[""LX26B23""]",转述官方6月27日通报：6月26日17时55分航空器碰撞高层建筑，驾驶员1人死亡，现场13人受伤。,,,正文已访问,,,,
LXS26B36,https://t.me/lilaoshibushinilaoshi/44453,北京中信大厦飞机撞击帖文转述,李老师不是你老师官方电报频道（自称）,2026-06-27,2026-09-16,汇编线索,li-beijing-plane-2070491014016520660,"[""LX26B23""]",公开电报镜像保存事件网络传播线索与原status链接；不据其推断动机。,,,Telegram公开频道HTML正文及2026-06-27时间戳可读；所引用X原帖打开0行空白,,,https://x.com/whyyoutouzhele/status/2070491014016520660,
LXS26B37,https://www.reddit.com/r/LOOK_CHINA/comments/1uhnk2g/,6月27日寿县京师幼儿园事件标题线索,Reddit用户,2026-06-28,2026-09-16,汇编线索,reddit-shouxian-1uhnk2g,"[""LX26B24""]",检索索引中帖子标题列举寿县衡安国际城京师幼儿园疑似袭击；无可读经过、可靠伤亡或原始来源。,,,搜索结果标题可见；帖子打开失败,,,,
LXS26C01,https://gaj.gz.gov.cn/gaxw/qktb/content/post_11005903.html,警情通报（2026年9月14日）,广州市公安局／番禺分局,2026-09-14,2026-09-16,公安,广州番禺公安20260914,"[""C024""]",9月14日17:20小谷围街火锅店门口持刀伤人；35岁李某被抓，伤者均无生命危险，人数和关系未公布。,,,正文已打开核对。,,,,
LXS26C02,https://china.caixin.com/2026-09-15/102484932.html,广州大学城商业区发生持刀伤人案 警方称伤者均无生命危险,财新／王婧,2026-09-15,2026-09-16,独立媒体,财新广州20260915,"[""C024""]",可见导语定位大学城GOGO新天地；结合通报及网传现场照片描述伤者。未见独立确认攻击对象关系的采访。,,,页面已打开；仅公开导语及付费墙前内容可见，不能将未读全文视作已验证。,,,,
LXS26C03,https://www.sotwe.com/whyyoutouzhele,李老师不是你老师：广州大学城持刀伤人及后续帖文镜像,Sotwe／李老师不是你老师,,2026-09-16,汇编线索,李老师广州20260914社交影像,"[""C024""]",镜像可见9月14日持刀袭击路人、多名伤者及逃至广东工业大学西区食堂被抓的投稿；后续转警方通报。现场影像链与身份关系仍需核验。,,,2026-09-16网页工具读到多条镜像正文；原X具体status链接未成功解析；t.co/f2ShrfgI6V与t.co/VMiz4obeGv打开失败，不能提供未经核实的status ID。,,,,
LXS26C04,https://www.cqnews.net/web/content_1541387025069985792.html,路遇持刀伤人事件，外卖员于荣先的3步操作令人赞叹,华龙网／人民日报,2026-08-24,2026-09-16,官方媒体,人民日报于荣先采访20260824,"[""C041""]",人民日报采访确认8月18日晚北小街持刀案、19日凌晨上传视频；于荣先与市民制止，警方立案，省委政法委拟认定表彰。,,,转载正文已读；页面标出人民日报客户端原文链接。,,,https://www.peopleapp.com/column/30052996577-500007664120,
LXS26C05,https://www.ctdsb.net/c1716_202608/2835537.html,极目新闻采访西宁制止持刀者的外卖骑手,极目新闻／张皓,2026-08-20,2026-09-16,官方媒体,极目于荣先采访20260820,"[""C041""]",记者独立采访于荣先，确认北小街持刀者与群众对峙、骑手用车撞倒后共同控制；未披露原始纠纷细节。,,,正文已打开核对。,,,,
LXS26C06,https://finance.sina.com.cn/roll/2026-08-21/doc-ininzyev8204676.shtml,20岁外卖员甩电动车撞倒持刀醉汉，被网友称为“国服孙策”,新浪／观察者网综合新京报等,2026-08-21,2026-09-16,官方媒体,新京报西宁警方20260820,"[""C041""]",引新京报：8月18日两人被划伤；8月20日从青海警方获悉嫌疑人已采取强制措施。其余内容综合潇湘晨报、华商报，不重复视作独立采集。,,,正文已打开核对。,,,,
LXS26C07,https://finance.sina.com.cn/jjxw/2026-08-20/doc-ininxkrz8884709.shtml,外卖小哥用电动车将持刀伤人男子撞翻，获奖5000元,新浪／扬子晚报／新黄河,2026-08-20,2026-09-16,官方媒体,华商大风西宁目击者20260819,"[""C041""]",明确引华商报大风新闻对多名目击者采访：先与摊主冲突并刺伤，后刺伤劝架者；新黄河记者阎小雨采访骑手确认18日晚21时及处置过程。,,,正文已打开核对。,,,,
LXS26C08,https://www.ntdtv.com/gb/mkt_ipad/2026/07/13/a104114966.html,传厦门两男随机砍人 公安开枪只抓到一个,新唐人,2026-07-14,2026-09-16,汇编线索,厦门东浦路社交影像20260711,"[""LX26C01"", ""C028""]",网传7月11日下午思明区东浦路持刀现场，人数、死伤、是否开枪均未证实；同文杭州7月13日传言与警方已核实身份不符。,,,正文已读。页面显示7月14日发布，URL中的7月13日不作案发日期。,,,,
LXS26C09,https://news.cnr.cn/rebang/20260906/t20260906_527805734.shtml,警方通报贵州中医大二附院刑事案件,央广网／贵阳公安南明分局,2026-09-06,2026-09-16,官方媒体,贵阳南明公安20260906,"[""LX26C02""]",警方确认9月4日9时红岩院区刑事案，一人受伤病情稳定，胡某当场控制并刑拘；未公布作案原因及关系。,,,正文已打开核对。,,,,
LXS26C10,https://news.hsw.cn/system/2026/0906/1957483.shtml,警方通报贵州中医大二附院刑事案件,华商网／现代快报、贵阳公安,2026-09-06,2026-09-16,官方媒体,现代快报贵阳采访20260905,"[""LX26C02""]",现代快报记者联系院内知情者及市卫健委确认伤医事件。患者未找到原医生而刺伤另一科医生的说法在稿中仍归为网传，不能将所有细节视为采访确认。,,,正文已打开核对。,,,,
LXS26C11,https://finance.sina.com.cn/wm/2026-08-21/doc-ininzyev8230902.shtml,玉林市公安局玉州分局发布警情通报,新浪／广西台新闻910／玉州公安,2026-08-21,2026-09-16,官方媒体,玉林玉州公安20260821,"[""LX26C03""]",8月20日21时玉州路故意伤害案，韦某被当场控制，一伤者送医无生命危险；未给关系动机。,,,正文已打开核对。,,,,
LXS26C12,https://www.ntdtv.com/gb/mkt_ipad/2026/08/21/a104126044.html,广西玉林传随机砍人 带孩女子被偷袭砍伤,新唐人,2026-08-21,2026-09-16,汇编线索,玉林五灯坡社交影像20260820,"[""LX26C03""]",网传女子带孩子扫车时被从后袭击，店员称双方不认识；文字依据网民爆料和截图，未交代记者采访或身份核验。,,,正文已打开核对。,,,,
LXS26C13,https://www.ctdsb.net/c1716_202608/2827203.html,广西通报一起持刀伤人事件：男子已被抓获，伤者暂无生命危险,极目新闻／南宁青秀警方,2026-08-11,2026-09-16,官方媒体,南宁青秀公安20260811,"[""LX26C04""]",8月10日21:57民族大道商场旁，39岁黄某因纠纷伤害32岁谢某，11日凌晨抓获；一伤者暂无生命危险。,,,正文已打开核对。,,,,
LXS26C14,https://finance.sina.com.cn/wm/2026-07-17/doc-iniicqkw1428778.shtml,刚刚｜警方通报男子在店铺纵火,新浪／天津广播／平江公安,2026-07-17,2026-09-16,官方媒体,平江公安20260717,"[""LX26C05""]",7月17日16:30老城区店铺起火；42岁寻某因与店主纠纷纵火，寻某当场死亡，店内另两人送医后死亡；遇害者与原纠纷关系未明。,,,正文已打开核对。,,,,
LXS26C15,https://finance.sina.com.cn/wm/2026-08-02/doc-inikxwic6601543.shtml,河南西平县发生重大刑事案件，嫌犯在逃，警方发布协查通报,新浪／政知见／西平7·30案件工作专班,2026-08-02,2026-09-16,官方媒体,西平公安20260802,"[""LX26C06""]",7月30日柏城街道西关社区，51岁租户夏某因邻里矛盾刺伤侯某及亲属；侯某死亡，亲属伤情稳定，人数未公布。,,,正文已打开核对。,,,,
LXS26C16,https://news.cctv.cn/2026/08/08/ARTIGuMFRYkdfcvrAJ2cAQye260808.shtml,河南驻马店市西平县“7·30”故意伤害案件犯罪嫌疑人夏某钢被抓获,央视网,2026-08-08,2026-09-16,官方媒体,西平公安20260808,"[""LX26C06""]",页面标题确认嫌疑人被抓获。,,,页面可打开，正文图文通报未解析为文本；仅标题用于抓获这一结局，不扩写抓获地点或经过。,,,,
LXS26C17,https://m.thepaper.cn/newsDetail_forward_33799413,贵州锦屏警方：男子驾车失控致路人受伤，已排除酒驾毒驾嫌疑,澎湃新闻／锦屏公安,2026-08-17,2026-09-16,官方媒体,锦屏公安20260817,"[""LX26C07""]",8月17日三江镇越野车失控致路人受伤，警方按道路交通事故通报；伤者均无生命危险，人数未公布。,,,正文已打开核对。,,,,
LXS26C18,https://www.quanzhou.gov.cn/zfb/xxgk/ztxxgk/xwfbh/202607/t20260714_3309122.htm,泉州市人民政府召开晋江市陈埭镇辉腾鞋业有限公司火灾事故新闻发布会,泉州市人民政府／泉州晚报社,2026-07-10,2026-09-16,官方媒体,泉州市政府辉腾火灾发布会20260710,"[""LX26C08""]",7月9日12:04辉腾鞋业厂房火灾28人死亡；调查原因，未认定纵火。死亡总数已包括两名送医不治者，不能再加算。,,,政府页面全文已读；显示发布时间7月10日，URL路径7月14日不作案发或发布日期。,,,,
LXS26C19,https://www.chinanews.com/sh/2026/07-16/10660941.shtml,福建晋江一废品收购站发生火灾 暂无人员被困或受伤,中新网／孙虹／池店镇安委办,2026-07-16,2026-09-16,官方媒体,晋江池店安委办20260716,"[""LX26C09""]",7月16日下午池店镇唐厝村废品收购站火灾，通报暂无人员被困或受伤，未给起火原因。,,,正文已打开核对。,,,,
LXS26C20,https://www.secretchina.com/news/gb/2026/07/17/1102127.html,福建晋江又发生火灾 火势凶猛场面骇人,看中国／蔡思云综合,2026-07-17,2026-09-16,汇编线索,晋江火灾社交传言202607,"[""LX26C08"", ""LX26C09""]",汇集7月9日鞋厂和16日火灾相关社交说法，未提供可验证纵火证据；将16日废品站称为工厂的说法与官方地点类型不同。,,,正文已打开核对。,,,,
LXS26C21,https://news.ycwb.com/ikimvkltjn/content_54230617.htm,福建莆田一烟花爆竹厂遭人为纵火，嫌疑人已被警方控制,羊城晚报金羊网／新京报,2026-07-15,2026-09-16,官方媒体,新京报莆田采访20260715,"[""LX26C10""]",搜索缓存可读完整短稿：7月15日凌晨灵川镇烟花仓库起火，政府称无人伤亡，记者从城厢区部门获悉人为纵火、嫌疑人被控。,,,直接打开返回空正文；仅搜索引擎完整短文可见。新京报搜狐号同文打开Cache miss，尚需可访问原文复核。,,,,
LXS26C22,https://m.secretchina.com/news/gb/2026/08/18/amp1103597.html,南京男子突然拉停地铁 狂踹门喊“想死”“报复社会”,看中国,2026-08-18,2026-09-16,汇编线索,南京地铁社交影像20260816,"[""LX26C11""]",网传8月16日南京地铁3号线男子拉紧急制动、踹门喊话，乘客控制后警察到场；未描述实际攻击他人。,,,正文已打开核对。,,,,
LXS26C23,https://w.twstalker.com/whyyoutouzhele,李老师不是你老师：9月13日定兴火锅店外卖员持刀冲突,TwStalker／李老师不是你老师,,2026-09-16,汇编线索,李老师定兴20260913,"[""LX26C12""]",镜像正文称9月13日保定定兴一火锅店内外卖员手持砍刀与店家冲突；未说明实际伤害动作、伤亡或陌生旁人受害。,,,网页工具成功读到正文；View Details点击Internal Error且未返回status地址；浏览器实际访问停在Cloudflare安全验证，未绕过。,,,,
LXS26C24,https://bbs.wenxuecity.com/currentevent/4042453.html,7月27日江苏国青国少乒乓球选拔赛半决赛暴力事件转载,文学城论坛／转李老师不是你老师,2026-07-29,2026-09-16,汇编线索,李老师江苏乒乓球20260729,"[""LX26C13""]",论坛嵌入李老师7月29日帖，指27日赛后失利选手拳踢获胜对手，并转述取消成绩和禁赛；针对比赛对手，无旁人受袭描述。,,,论坛正文及X署名日期可读；X日期链接点击失败未解析status，pic.twitter.com/DzeH5U8DlP也打开失败；浏览器论坛访问Tunnel failed。,,,,
LXS26C25,https://x.com/newszg_official/status/2090085905876795776,中国悲剧档案：茂名电城海景明珠持刀案网帖,X／中国悲剧档案,2026-08-19,2026-09-16,汇编线索,茂名电城社交影像20260819,"[""LX26C14""]",新唐人可访问正文嵌入此原帖：茂名电城当街男子袭击女子，情感及钱款原因未经核实。,,,原X页面HTTP 403；经既有来源CS053嵌入正文取得帖文URL与日期，同一传言不视作独立佐证。,,,https://x.com/newszg_official/status/2090085905876795776,
LXS26C26,https://www.chinanews.com/sh/2026/07-17/10661042.shtml,女子持拖把殴打八旬拾荒老人 福建警方：当场控制嫌疑人,中新网／漳州古雷公安,2026-07-17,2026-09-16,官方媒体,漳州古雷公安20260717,"[""LX26C15""]",7月14日9时古雷新港城殴打案，35岁女子被当场控制，87岁伤者稳定；通报未给双方关系及起因。,,,正文已打开核对。,,,,
LXS26C27,https://www.secretchina.com/news/gb/2026/09/09/1104595.html,安徽合肥园区发生大火 现场一片火海,看中国／蔡思云综合,2026-09-09,2026-09-16,汇编线索,2026夏季火灾纵火传言汇编,"[""LX26C16"", ""LX26C17"", ""LX26C18"", ""LX26C19""]",汇集合肥、蚌埠、青岛、洪雅火灾及未核实蓄意纵火说法；只有火灾事实另有通报。合肥嵌入帖自称9月10日，与通报9月8日晚不符。,,,www主站正文成功读取；search子站Cache miss；嵌入X日期链接点击未返回status URL。,,,,
LXS26C28,https://news.cnr.cn/local/dftj/20260909/t20260909_527808760.shtml,合肥发布火情通报,央广网／合肥市消防救援局,2026-09-09,2026-09-16,官方媒体,合肥消防20260909,"[""LX26C16""]",9月8日23:03乌鲁木齐路与北京路口西北仓库起火，9日0:40火势受控，无人伤亡；未给起火原因。,,,正文已打开核对。,,,,
LXS26C29,https://www.cnr.cn/ah/news/20260908/t20260908_527807564.shtml,蚌埠发布火情通报,央广网／蚌埠市消防救援局,2026-09-08,2026-09-16,官方媒体,蚌埠消防20260908,"[""LX26C17""]",9月8日5:13高新区高华电子厂房火灾，正在扑救、火势有效控制，暂未发现人员伤亡；未给起因。,,,正文已打开核对。,,,,
LXS26C30,https://news.china.com.cn/2026-07/27/content_118618785.shtml,四川洪雅玉屏山突发森林火情 未造成人员被困和伤亡,中国网／中新网刘忠俊,2026-07-27,2026-09-16,官方媒体,洪雅玉屏山管护站20260726,"[""LX26C18""]",缓存稿引管护站：7月26日14:30玉屏山火情，无人被困和伤亡，原因调查。,,,搜索摘要包含通报内容；正文打开Internal Error，事实来源降级注明而不视为全文核验。,,,,
LXS26C31,https://finance.sina.com.cn/roll/2026-08-02/doc-inikxrzi9861025.shtml,官方通报青岛大火：无人员被困和伤亡，起火原因正在调查中,新浪／现代快报／黄岛发布,2026-08-02,2026-09-16,官方媒体,青岛黄岛发布20260802,"[""LX26C19""]",8月2日17时青岛象屿速传供应链仓库火灾，无人被困伤亡，起因调查；另引大河报记者联系消防的确认。,,,正文已打开核对。,,,,
LXS26C32,https://x.com/MKBKCOM/status/2090022453246382399,玛卡巴卡：汕头陈厝合持刀案网帖,X／玛卡巴卡,2026-08-19,2026-09-16,汇编线索,社交视频汕头西宁20260818,"[""C042""]",既有来源CS053嵌入的原X帖，称案发8月18日晚；伤者人数及随机性没有独立印证。,,,原X打开仅空页面、无可读正文；通过CS053嵌入文字确认URL。,,,https://x.com/MKBKCOM/status/2090022453246382399,
LXS26C33,https://x.com/MIYESAC/status/2089830704477548850,明月：西宁持刀案社交视频,X／明月,2026-08-18,2026-09-16,汇编线索,社交视频汕头西宁20260818,"[""C041""]",原帖正文称19日凌晨及多人受伤，既有CS053为同源转载；人民日报和警方采访已将时间修正为18日晚，人数采用两伤报道。,,,原X打开空页面；原URL及显示日期经CS053嵌入取得；时区日期与文本日期不一致。,,,https://x.com/MIYESAC/status/2089830704477548850,
LXS26C34,https://mnewstv.com/finance.php?id=37519,湖南平江店铺纵火线索转载,MNewsTV,,2026-09-16,汇编线索,平江纵火社交传言20260717,"[""LX26C05""]",搜索缓存转述店主儿女遇害、退车纠纷等细节，未独立确认。,,,仅搜索摘要；页面标注发布时间早于事发时刻，不能据此确定日期或关系；不用于确定字段。,,,,
LXS26C35,https://www.qhnews.com/newscenter/system/2026/08/26/030602062.shtml,青海西宁外卖小哥于荣先获见义勇为认定,青海新闻网／青海日报魏爽,2026-08-26,2026-09-16,官方媒体,青海日报于荣先20260826,"[""C041""]",搜索缓存报道于荣先获见义勇为认定，补充官方处置的后续线索。,,,https及http打开均Redirect loop，仅搜索摘要可见；不靠该失败页面单独认定案情。,,,,
LXS26C36,https://mnewstv.com/article.php?id=41223,广西玉林街头发生无差别袭击 带孩女子遭偷袭受伤,MNewsTV／中国观察,2026-08-21,2026-09-16,汇编线索,玉林五灯坡社交影像20260820,"[""LX26C03""]",与新唐人使用同组图像和网传叙事，转述从后袭击及双方不识，不能当作独立第二来源。,,,无www页面正文成功，www版本安全错误；未发现X原status链接。,,,,
